Nro,Zona,Distrito,Provincia,Canton,Unicodigo,Establecimiento,Tipologia,Numero de plazas,Carrera,Pagina,Latitud,Longitud,
1,Z01,04D01,CARCHI,TULCAN,002996,BABOSO,PUESTO DE SALUD,1,ENFERMERIA,1,,
2,Z01,04D01,CARCHI,TULCAN,000288,CHICAL,CENTRO DE SALUD A,2,ENFERMERIA,1,,
3,Z01,04D01,CARCHI,TULCAN,000284,EL CARMELO,CENTRO DE SALUD A,1,ENFERMERIA,1,,
1,Z01,04D01,CARCHI,TULCAN,002996,BABOSO,PUESTO DE SALUD,1,ENFERMERIA,1,0.893280129492066,-78.44851127975
2,Z01,04D01,CARCHI,TULCAN,000288,CHICAL,CENTRO DE SALUD A,2,ENFERMERIA,1,0.936750766371475,-78.1862325313026
3,Z01,04D01,CARCHI,TULCAN,000284,EL CARMELO,CENTRO DE SALUD A,1,ENFERMERIA,1,0.670826517587276,-77.5926273164787
4,Z01,04D01,CARCHI,SAN PEDRO DE HUACA,000242,HUACA,CENTRO DE SALUD A,2,ENFERMERIA,1,0.641174,-77.725203
5,Z01,04D01,CARCHI,TULCAN,000286,JULIO ANDRADE,CENTRO DE SALUD A,1,ENFERMERIA,1,0.653486509807612,-77.7210518912767
6,Z01,04D01,CARCHI,TULCAN,000287,MALDONADO,CENTRO DE SALUD A,1,ENFERMERIA,1,0.911719538449281,-78.1062163332705
7,Z01,04D01,CARCHI,SAN PEDRO DE HUACA,000283,MARISCAL SUCRE,CENTRO DE SALUD A,1,ENFERMERIA,1,0.590796,-77.733051
8,Z01,04D01,CARCHI,TULCAN,000241,PIOTER,CENTRO DE SALUD A,1,ENFERMERIA,1,0.643819214578424,-77.7832385306928
9,Z01,04D01,CARCHI,TULCAN,002994,SAN MARCOS,CENTRO DE SALUD A,3,ENFERMERIA,1,1.09736123322,-78.2724239770367
10,Z01,04D01,CARCHI,TULCAN,000240,SANTA MARTHA DE CUBA,CENTRO DE SALUD A,2,ENFERMERIA,1,0.6381709554146A76,-77.7506408803729
11,Z01,04D01,CARCHI,TULCAN,000281,TAJAMAR,CENTRO DE SALUD A,1,ENFERMERIA,1,0.806197102,-77.7170736588
12,Z01,04D01,CARCHI,TULCAN,000285,TUFIÑO,CENTRO DE SALUD A,1,ENFERMERIA,1,0.801514283338083,-77.854808993366
13,Z01,04D02,CARCHI,BOLIVAR,000236,BOLIVAR,CENTRO DE SALUD A,1,ENFERMERIA,1,0.501174364163741,-77.910695138059
14,Z01,04D02,CARCHI,BOLIVAR,000248,CALDERA,CENTRO DE SALUD A,1,ENFERMERIA,1,0.433255566929673,-77.9329661315492
15,Z01,04D02,CARCHI,MONTUFAR,000254,CHITAN DE NAVARRETE,CENTRO DE SALUD A,1,ENFERMERIA,1,0.624097150622776,-77.7912710044222
16,Z01,04D02,CARCHI,MONTUFAR,000252,CHUTAN BAJO,PUESTO DE SALUD,1,ENFERMERIA,1,0.609372963370758,-77.8497349068607
17,Z01,04D02,CARCHI,MONTUFAR,000253,CRISTOBAL COLON,CENTRO DE SALUD A,1,ENFERMERIA,1,0.60635373979,-77.8140828
18,Z01,04D02,CARCHI,BOLIVAR,000267,EL TAMBO,PUESTO DE SALUD,1,ENFERMERIA,1,0.500082261744361,-77.990308211006
19,Z01,04D02,CARCHI,BOLIVAR,002905,FUNDECRUZ,CENTRO DE SALUD A,1,ENFERMERIA,1,0.438396995400033,-77.9554494063961
20,Z01,04D02,CARCHI,BOLIVAR,000261,GARCIA MORENO,CENTRO DE SALUD A,1,ENFERMERIA,2,0.559434666765192,-77.9507478840999
21,Z01,04D02,CARCHI,MONTUFAR,000246,LA PAZ,CENTRO DE SALUD A,1,ENFERMERIA,2,0.509779260591087,-77.8664357439832
22,Z01,04D02,CARCHI,BOLIVAR,000247,LOS ANDES,CENTRO DE SALUD A,1,ENFERMERIA,2,0.497178583677356,-77.9380635422938
23,Z01,04D02,CARCHI,BOLIVAR,000250,MONTE OLIVO,PUESTO DE SALUD,1,ENFERMERIA,2,0.38631372392543,-77.8629500515659
24,Z01,04D02,CARCHI,MONTUFAR,000251,PIARTAL,CENTRO DE SALUD A,1,ENFERMERIA,2,0.566806113678589,-77.7718259413319
25,Z01,04D02,CARCHI,BOLIVAR,000249,PUEBLO NUEVO,PUESTO DE SALUD,1,ENFERMERIA,2,0.407958540893302,-77.9026652270267
26,Z01,04D02,CARCHI,BOLIVAR,000244,PUSIR GRANDE,PUESTO DE SALUD,1,ENFERMERIA,2,0.459396977798966,-77.9929111481541
27,Z01,04D02,CARCHI,MONTUFAR,000290,SAN PEDRO ALTO,PUESTO DE SALUD,1,ENFERMERIA,2,0.5637893910,-77.746184003
28,Z01,04D02,CARCHI,BOLIVAR,000266,YASCON,PUESTO DE SALUD,1,ENFERMERIA,2,0.521944372032361,-78.0047634915553
29,Z01,04D03,CARCHI,ESPEJO,000239,CORAZON DE MUNDO NUEVO,PUESTO DE SALUD,1,ENFERMERIA,2,0.708573071010532,-78.1688614627185
30,Z01,04D03,CARCHI,ESPEJO,000258,ELOY ALFARO,PUESTO DE SALUD,1,ENFERMERIA,2,0.657718428903687,-77.9683300420244
31,Z01,04D03,CARCHI,ESPEJO,000274,GUALCHAN,CENTRO DE SALUD A,1,ENFERMERIA,2,0.784657639927534,-78.2087500931955
32,Z01,04D03,CARCHI,MIRA,000264,JUAN MONTALVO (SAN IGNACIO DE QUIL),CENTRO DE SALUD A,1,ENFERMERIA,2,0.58861111194101,-78.0865477867074
33,Z01,04D03,CARCHI,MIRA,000262,LA CONCEPCION,CENTRO DE SALUD A,1,ENFERMERIA,2,0.604652334936069,-78.1260683699622
34,Z01,04D03,CARCHI,ESPEJO,000257,LA LIBERTAD,CENTRO DE SALUD A,1,ENFERMERIA,2,0.650847637719988,-77.9447210053403
35,Z01,04D03,CARCHI,MIRA,000275,LA PRIMAVERA,PUESTO DE SALUD,1,ENFERMERIA,2,0.793012867366357,-78.2168686190301
36,Z01,04D03,CARCHI,MIRA,000238,MASCARILLA,CENTRO DE SALUD A,1,ENFERMERIA,2,0.486494460171892,-78.0726216469069
37,Z01,04D03,CARCHI,MIRA,000277,NARANJAL,PUESTO DE SALUD,1,ENFERMERIA,2,0.666817288276178,-78.1696131644004
38,Z01,04D03,CARCHI,MIRA,000276,NARANJITO,PUESTO DE SALUD,1,ENFERMERIA,2,0.6864663042,-78.194359156
39,Z01,04D03,CARCHI,MIRA,000273,RIO BLANCO,PUESTO DE SALUD,1,ENFERMERIA,3,0.761969462280242,-78.2544308245069
40,Z01,04D03,CARCHI,MIRA,000272,RIO VERDE,PUESTO DE SALUD,1,ENFERMERIA,3,0.829085961103014,-78.3732337851115
41,Z01,04D03,CARCHI,MIRA,000271,SAN JUAN DE LACHAS,CENTRO DE SALUD B,3,ENFERMERIA,3,0.7486022024,-78.24362583
42,Z01,08D01,ESMERALDAS,ESMERALDAS,000631,CAMARONES,CENTRO DE SALUD A,1,ENFERMERIA,3,0.993206209714272,-79.5630101109361
43,Z01,08D01,ESMERALDAS,RIOVERDE,000639,CAPULI,PUESTO DE SALUD,1,ENFERMERIA,3,0.75901043,-79.36686956
44,Z01,08D01,ESMERALDAS,ESMERALDAS,000618,CARLOS CONCHA,CENTRO DE SALUD A,1,ENFERMERIA,3,0.710583997,-79.689235430
45,Z01,08D01,ESMERALDAS,ESMERALDAS,000612,CHAFLU,CENTRO DE SALUD A,1,ENFERMERIA,3,0.739283064,-79.582706047
46,Z01,08D01,ESMERALDAS,RIOVERDE,000632,CHONTADURO,CENTRO DE SALUD A,1,ENFERMERIA,3,0.930385,-79.435101
47,Z01,08D01,ESMERALDAS,RIOVERDE,000633,CHUMUNDE,CENTRO DE SALUD A,1,ENFERMERIA,3,0.8326711213,-79.41874963
48,Z01,08D01,ESMERALDAS,RIOVERDE,000641,CHUNGUILLO,PUESTO DE SALUD,1,ENFERMERIA,3,1.0091600000302,-79.381129999991
49,Z01,08D01,ESMERALDAS,RIOVERDE,000634,LAGARTO,CENTRO DE SALUD A,2,ENFERMERIA,3,1.0443391441,-79.285553450
50,Z01,08D01,ESMERALDAS,ESMERALDAS,000619,MAJUA,CENTRO DE SALUD A,1,ENFERMERIA,3,0.703805112,-79.52884135
51,Z01,08D01,ESMERALDAS,RIOVERDE,000635,MONTALVO,CENTRO DE SALUD A,1,ENFERMERIA,3,1.04925482096,-79.3126858183
52,Z01,08D01,ESMERALDAS,RIOVERDE,000640,PROGRESO,PUESTO DE SALUD,1,ENFERMERIA,3,0.960959999979283,-79.3337599999942
53,Z01,08D01,ESMERALDAS,RIOVERDE,000630,RIO VERDE,CENTRO DE SALUD C,3,ENFERMERIA,3,1.06625291882525,-79.4067080302073
54,Z01,08D01,ESMERALDAS,RIOVERDE,000636,ROCAFUERTE,CENTRO DE SALUD A,2,ENFERMERIA,3,1.06824999998901,-79.37305999999
55,Z01,08D01,ESMERALDAS,ESMERALDAS,000613,SAN MATEO,CENTRO DE SALUD A,2,ENFERMERIA,3,0.8910560989,-79.6309321616
56,Z01,08D01,ESMERALDAS,ESMERALDAS,000614,TABIAZO,CENTRO DE SALUD A,1,ENFERMERIA,3,0.824970000028296,-79.701209999984
57,Z01,08D01,ESMERALDAS,RIOVERDE,000638,VENADO,PUESTO DE SALUD,2,ENFERMERIA,3,0.884579,-79.393301
58,Z01,08D02,ESMERALDAS,ELOY ALFARO,000681,ANCHAYACU,CENTRO DE SALUD A,1,ENFERMERIA,4,0.95951000003665,-79.053939999999
59,Z01,08D02,ESMERALDAS,ELOY ALFARO,004100,CENTRO DE SALUD DE BORBON,CENTRO DE SALUD A,1,ENFERMERIA,4,1.08844,-78.98986
60,Z01,08D02,ESMERALDAS,ELOY ALFARO,000688,LA TOLA,CENTRO DE SALUD A,1,ENFERMERIA,4,1.21047163108965,-79.0463726106594
61,Z01,08D02,ESMERALDAS,ELOY ALFARO,000692,LAS PEÑAS,CENTRO DE SALUD A,1,ENFERMERIA,4,1.09720317626716,-79.1605214998884
62,Z01,08D02,ESMERALDAS,ELOY ALFARO,000682,PLAYA DE ORO,CENTRO DE SALUD A,2,ENFERMERIA,4,0.875420000009707,-78.794660000018
63,Z01,08D02,ESMERALDAS,ELOY ALFARO,000679,SAN FRANCISCO DE ONZOLE,CENTRO DE SALUD B,1,ENFERMERIA,4,0.89004999997536,-79.0760599999919
64,Z01,08D02,ESMERALDAS,ELOY ALFARO,000684,SELVA ALEGRE,CENTRO DE SALUD A,1,ENFERMERIA,4,0.935870000007928,-78.8572099999994
65,Z01,08D02,ESMERALDAS,ELOY ALFARO,000687,TIMBIRE,CENTRO DE SALUD A,1,ENFERMERIA,4,0.961799999974408,-78.8631599999817
66,Z01,08D02,ESMERALDAS,ELOY ALFARO,000689,TOLITA PAMPA DE ORO,CENTRO DE SALUD A,1,ENFERMERIA,4,1.19610855907823,-79.0028676313606
67,Z01,08D03,ESMERALDAS,MUISNE,047180,CENTRO DE SALUD TIPO C MUISNE,CENTRO DE SALUD C,2,ENFERMERIA,4,0.628161,-80.006926
68,Z01,08D03,ESMERALDAS,MUISNE,000696,CHAMANGA,CENTRO DE SALUD A,1,ENFERMERIA,4,0.276709999979673,-79.9508799999661
69,Z01,08D03,ESMERALDAS,MUISNE,000643,GALERA,CENTRO DE SALUD A,1,ENFERMERIA,4,0.816659102727038,-80.0469933543914
70,Z01,08D03,ESMERALDAS,MUISNE,000606,MOMPICHE,PUESTO DE SALUD,1,ENFERMERIA,4,0.508590000024866,-80.0197200000029
71,Z01,08D03,ESMERALDAS,MUISNE,000703,PORTETE,PUESTO DE SALUD,1,ENFERMERIA,4,0.480334,-80.04793
72,Z01,08D03,ESMERALDAS,ATACAMES,000648,SAN CARLOS TONSUPA,CENTRO DE SALUD A,1,ENFERMERIA,4,0.888159999996088,-79.8208400000277
73,Z01,08D03,ESMERALDAS,MUISNE,000695,SAN GREGORIO,CENTRO DE SALUD A,1,ENFERMERIA,4,0.532360000016837,-79.9678599999743
74,Z01,08D03,ESMERALDAS,MUISNE,000697,SAN MIGUEL DE BILSA,PUESTO DE SALUD,1,ENFERMERIA,4,0.629590000027993,-79.9033400000441
75,Z01,08D03,ESMERALDAS,MUISNE,000699,SAN SALVADOR,CENTRO DE SALUD A,2,ENFERMERIA,4,0.478530000025774,-79.8573199999896
76,Z01,08D03,ESMERALDAS,ATACAMES,000645,UNION DE ATACAMES,CENTRO DE SALUD A,1,ENFERMERIA,4,0.812329999978141,-79.8641300000351
77,Z01,08D04,ESMERALDAS,QUININDE,002080,BOCANA DEL BUA,CENTRO DE SALUD A,1,ENFERMERIA,5,-0.0172199999863807,-79.5997399999889
78,Z01,08D04,ESMERALDAS,QUININDE,000655,CHUCAPLE,CENTRO DE SALUD A,1,ENFERMERIA,5,0.560609999537587,-79.5593699999649
79,Z01,08D04,ESMERALDAS,QUININDE,002759,CHURA,CENTRO DE SALUD A,2,ENFERMERIA,5,0.585805827575769,-79.4836936454403
80,Z01,08D04,ESMERALDAS,QUININDE,004315,CRISTOBAL COLON,CENTRO DE SALUD A,1,ENFERMERIA,5,0.45666,-79.159877
81,Z01,08D04,ESMERALDAS,QUININDE,000652,CUPA,CENTRO DE SALUD A,1,ENFERMERIA,5,0.37277925689,-79.49111592
82,Z01,08D04,ESMERALDAS,QUININDE,000605,EL TRIUNFO DEL CALVARIO,CENTRO DE SALUD A,1,ENFERMERIA,5,0.538060000043567,-79.4420500000339
83,Z01,08D04,ESMERALDAS,QUININDE,000658,LA T,CENTRO DE SALUD A,1,ENFERMERIA,5,0.418618,-79.197455
84,Z01,08D04,ESMERALDAS,QUININDE,000651,LA MARUJITA,CENTRO DE SALUD A,1,ENFERMERIA,5,0.225305,-79.412656
85,Z01,08D04,ESMERALDAS,QUININDE,000653,LA Y DE LA LAGUNA,CENTRO DE SALUD A,1,ENFERMERIA,5,0.386040000033999,-79.6379299999866
86,Z01,08D04,ESMERALDAS,QUININDE,000663,NARANJAL DE CANANDE,CENTRO DE SALUD A,2,ENFERMERIA,5,0.447619999989152,-79.298519999996
87,Z01,08D04,ESMERALDAS,QUININDE,000661,PLAYA DEL MUERTO,CENTRO DE SALUD A,2,ENFERMERIA,5,0.145960000039536,-79.5582700000227
88,Z01,08D04,ESMERALDAS,QUININDE,000660,UNION DE QUININDE,CENTRO DE SALUD B,1,ENFERMERIA,5,0.139260000040748,-79.4035199999701
89,Z01,08D04,ESMERALDAS,QUININDE,000664,VALLE DEL SADE,CENTRO DE SALUD A,2,ENFERMERIA,5,0.525010000014091,-79.3354500000302
90,Z01,08D04,ESMERALDAS,QUININDE,000657,ZAPALLO,CENTRO DE SALUD A,1,ENFERMERIA,5,0.417629999962132,-79.2455900000144
91,Z01,08D05,ESMERALDAS,SAN LORENZO,000674,ALTO TAMBO,CENTRO DE SALUD A,1,ENFERMERIA,5,0.917909999968231,-78.5408599999774
92,Z01,08D05,ESMERALDAS,SAN LORENZO,000668,CALDERON,CENTRO DE SALUD A,2,ENFERMERIA,5,1.170237,-78.767004
93,Z01,08D05,ESMERALDAS,SAN LORENZO,000671,SAN JAVIER,CENTRO DE SALUD A,1,ENFERMERIA,5,1.06958999999646,-78.7735000000268
94,Z01,08D05,ESMERALDAS,SAN LORENZO,003472,SAN LORENZO,CENTRO DE SALUD C,3,ENFERMERIA,5,1.2786325573359,-78.8154216013304
95,Z01,08D05,ESMERALDAS,SAN LORENZO,000666,URBINA,CENTRO DE SALUD A,1,ENFERMERIA,5,1.04228999999566,-78.7667800000067
96,Z01,10D02,IMBABURA,OTAVALO,000997,AGATO,CENTRO DE SALUD A,1,ENFERMERIA,6,0.24412,-78.231573
97,Z01,10D02,IMBABURA,ANTONIO ANTE,000983,CHALTURA,CENTRO DE SALUD A,2,ENFERMERIA,6,0.3546912526,-78.19560769
98,Z01,10D02,IMBABURA,OTAVALO,000998,EUGENIO ESPEJO,CENTRO DE SALUD A,1,ENFERMERIA,6,0.210647629729123,-78.2458389152219
99,Z01,10D02,IMBABURA,OTAVALO,001005,GONZALES SUAREZ,CENTRO DE SALUD A,1,ENFERMERIA,6,0.17884050596981,-78.2021749943843
100,Z01,10D02,IMBABURA,OTAVALO,000952,GUALSAQUI,CENTRO DE SALUD A,1,ENFERMERIA,6,0.252458179669532,-78.3189277725998
101,Z01,10D02,IMBABURA,OTAVALO,000999,ILUMAN,CENTRO DE SALUD A,2,ENFERMERIA,6,0.268474,-78.236414
102,Z01,10D02,IMBABURA,ANTONIO ANTE,000986,IMBAYA,CENTRO DE SALUD A,1,ENFERMERIA,6,0.372330071889941,-78.1492614891625
103,Z01,10D02,IMBABURA,OTAVALO,001006,LA COMPANIA,CENTRO DE SALUD A,2,ENFERMERIA,6,0.22071013806216,-78.2219422678526
104,Z01,10D02,IMBABURA,ANTONIO ANTE,000984,NATABUELA,CENTRO DE SALUD A,1,ENFERMERIA,6,0.343002475391417,-78.1909634835705
105,Z01,10D02,IMBABURA,OTAVALO,001003,PATAQUI,PUESTO DE SALUD,1,ENFERMERIA,6,0.176153838747667,-78.3675249235562
106,Z01,10D02,IMBABURA,OTAVALO,000953,PEGUCHE,CENTRO DE SALUD A,1,ENFERMERIA,6,0.248520979943029,-78.246585679654
107,Z01,10D02,IMBABURA,OTAVALO,001000,PUNYARO,CENTRO DE SALUD A,1,ENFERMERIA,6,0.221821377828281,-78.26872684931
108,Z01,10D02,IMBABURA,OTAVALO,001001,QUICHINCHE,CENTRO DE SALUD A,1,ENFERMERIA,6,0.237351050792495,-78.2897471576647
109,Z01,10D02,IMBABURA,OTAVALO,001004,SAN PABLO,CENTRO DE SALUD B,2,ENFERMERIA,6,0.193378159839687,-78.1901359295508
110,Z01,10D02,IMBABURA,OTAVALO,001007,SAN RAFAEL,CENTRO DE SALUD A,1,ENFERMERIA,6,0.192191002558649,-78.2243887404855
111,Z01,10D02,IMBABURA,ANTONIO ANTE,000985,SAN ROQUE,CENTRO DE SALUD A,1,ENFERMERIA,6,0.306993867682573,-78.2303518382822
112,Z01,10D02,IMBABURA,OTAVALO,001002,SELVA ALEGRE,CENTRO DE SALUD A,2,ENFERMERIA,6,0.247826571593191,-78.5751114887049
113,Z01,10D03,IMBABURA,COTACACHI,000989,APUELA,CENTRO DE SALUD A,1,ENFERMERIA,6,0.3573459024,-78.511428845
114,Z01,10D03,IMBABURA,COTACACHI,000955,CHALGUAYACU,PUESTO DE SALUD,1,ENFERMERIA,6,0.262065999989222,-78.6728630000345
115,Z01,10D03,IMBABURA,COTACACHI,000995,CHONTAL,PUESTO DE SALUD,2,ENFERMERIA,7,0.240417240148814,-78.7484310726588
116,Z01,10D03,IMBABURA,COTACACHI,000990,CUELLAJE,CENTRO DE SALUD A,2,ENFERMERIA,7,0.401160784036612,-78.5251893158886
117,Z01,10D03,IMBABURA,COTACACHI,000991,GARCIA MORENO,CENTRO DE SALUD A,1,ENFERMERIA,7,0.233291747082117,-78.6285744116765
118,Z01,10D03,IMBABURA,COTACACHI,000996,LA MAGDALENA,CENTRO DE SALUD A,2,ENFERMERIA,7,0.244075442626219,-78.7838743438231
119,Z01,10D03,IMBABURA,COTACACHI,002116,LAS GOLONDRINAS,CENTRO DE SALUD A,2,ENFERMERIA,7,0.319837315264828,-79.2106173311358
120,Z01,10D03,IMBABURA,COTACACHI,002113,NARANJAL,CENTRO DE SALUD A,2,ENFERMERIA,7,0.279390158582178,-78.9978697058474
121,Z01,10D03,IMBABURA,COTACACHI,000992,PEÑAHERRERA,CENTRO DE SALUD A,2,ENFERMERIA,7,0.353411045917006,-78.5338580975443
122,Z01,10D03,IMBABURA,COTACACHI,000993,PLAZA GUTIERREZ,PUESTO DE SALUD,2,ENFERMERIA,7,0.353462567286603,-78.4903128941418
123,Z01,10D03,IMBABURA,COTACACHI,000988,QUIROGA,CENTRO DE SALUD A,1,ENFERMERIA,7,0.289150340099054,-78.283497147406
124,Z01,10D03,IMBABURA,COTACACHI,000994,VACAS GALINDO,PUESTO DE SALUD,2,ENFERMERIA,7,0.306407165918595,-78.5655910824149
125,Z01,21D02,SUCUMBIOS,LAGO AGRIO,002775,AEROPUERTO,PUESTO DE SALUD,1,ENFERMERIA,7,0.0968041750192956,-76.856493577444
126,Z01,21D02,SUCUMBIOS,CASCALES,001973,CASCALES,CENTRO DE SALUD B,2,ENFERMERIA,7,0.0785260000221042,-77.2106930000007
127,Z01,21D02,SUCUMBIOS,LAGO AGRIO,001964,DURENO,CENTRO DE SALUD A,2,ENFERMERIA,7,0.0502179999936917,-76.6761119001581
128,Z01,21D02,SUCUMBIOS,LAGO AGRIO,001991,EL CONDOR,PUESTO DE SALUD,2,ENFERMERIA,7,0.208231999999592,-76.9264690000872
129,Z01,21D02,SUCUMBIOS,LAGO AGRIO,001997,EL ENO,CENTRO DE SALUD A,2,ENFERMERIA,7,-0.0666879999563783,-76.8807670000749
130,Z01,21D02,SUCUMBIOS,GONZALO PIZARRO,001993,EL REVENTADOR,CENTRO DE SALUD A,2,ENFERMERIA,7,-0.0455720000407319,-77.5302809999709
131,Z01,21D02,SUCUMBIOS,LAGO AGRIO,001986,GENERAL FARFAN,CENTRO DE SALUD A,1,ENFERMERIA,7,0.234835999958342,-76.8457520000754
132,Z01,21D02,SUCUMBIOS,SUCUMBIOS,001959,LA BONITA,CENTRO DE SALUD A,2,ENFERMERIA,7,0.474033000016212,-77.5441840000385
133,Z01,21D02,SUCUMBIOS,GONZALO PIZARRO,001974,LUMBAQUI,CENTRO DE SALUD A,2,ENFERMERIA,7,0.0465370000261067,-77.3302020000179
134,Z01,21D02,SUCUMBIOS,LAGO AGRIO,002787,LUZ Y VIDA,PUESTO DE SALUD,1,ENFERMERIA,8,0.11917869249,-77.01301095
135,Z01,21D02,SUCUMBIOS,LAGO AGRIO,001970,PACAYACU,CENTRO DE SALUD A,3,ENFERMERIA,8,-0.036501000034364,-76.5908260001623
136,Z01,21D02,SUCUMBIOS,CUYABENO,002955,PLAYAS DE CUYABENO,CENTRO DE SALUD A,3,ENFERMERIA,8,-0.320881932703767,-75.9907378243167
137,Z01,21D02,SUCUMBIOS,SUCUMBIOS,001998,PLAYON DE SAN FRANCISCO,CENTRO DE SALUD A,1,ENFERMERIA,8,0.638228999956584,-77.6236649999886
138,Z01,21D02,SUCUMBIOS,PUTUMAYO,001994,PUERTO EL CARMEN,CENTRO DE SALUD B,5,ENFERMERIA,8,0.115928000021745,-75.8623820005915
139,Z01,21D02,SUCUMBIOS,GONZALO PIZARRO,001966,PUERTO LIBRE,CENTRO DE SALUD A,2,ENFERMERIA,8,0.190879999957903,-77.4889499999819
140,Z01,21D02,SUCUMBIOS,SUCUMBIOS,001958,SANTA BARBARA,CENTRO DE SALUD A,1,ENFERMERIA,8,0.646251000041727,-77.5230690000029
141,Z01,21D02,SUCUMBIOS,LAGO AGRIO,001952,SANTA CECILIA,CENTRO DE SALUD A,2,ENFERMERIA,8,0.0816659999598527,-76.9897860000106
142,Z01,21D02,SUCUMBIOS,CASCALES,001961,SANTA ROSA,CENTRO DE SALUD A,1,ENFERMERIA,8,0.177666000009033,-77.1245530000755
143,Z01,21D02,SUCUMBIOS,CUYABENO,001969,TARAPOA,CENTRO DE SALUD B,2,ENFERMERIA,8,-0.125949000027764,-76.342140000284
144,Z01,21D02,SUCUMBIOS,PUTUMAYO,001968,UNION Y PROGRESO,CENTRO DE SALUD A,3,ENFERMERIA,8,0.150366000016862,-76.2596910003165
145,Z01,21D04,SUCUMBIOS,SHUSHUFINDI,001975,FLOR DE LOS RIOS,PUESTO DE SALUD,1,ENFERMERIA,8,-0.184510999984525,-76.6903850001122
146,Z01,21D04,SUCUMBIOS,SHUSHUFINDI,003097,LA PRIMAVERA,PUESTO DE SALUD,1,ENFERMERIA,8,-0.0840055914878826,-76.6458
147,Z01,21D04,SUCUMBIOS,SHUSHUFINDI,001984,LA VICTORIA,CENTRO DE SALUD A,1,ENFERMERIA,8,-0.238614000003612,-76.6461040001223
148,Z01,21D04,SUCUMBIOS,SHUSHUFINDI,001981,LIMONCOCHA,CENTRO DE SALUD A,1,ENFERMERIA,8,-0.406811000013063,-76.6216700001393
149,Z01,21D04,SUCUMBIOS,SHUSHUFINDI,001976,MISS ECUADOR,CENTRO DE SALUD A,1,ENFERMERIA,8,-0.166663000016983,-76.5441730001594
150,Z01,21D04,SUCUMBIOS,SHUSHUFINDI,001977,NUEVA VIDA,PUESTO DE SALUD,2,ENFERMERIA,8,-0.322509000021219,-76.4873510001644
151,Z01,21D04,SUCUMBIOS,SHUSHUFINDI,001978,SAN VICENTE,CENTRO DE SALUD A,2,ENFERMERIA,8,-0.305056000039893,-76.5355370001882
152,Z01,21D04,SUCUMBIOS,SHUSHUFINDI,001955,SHUSHUFINDI PROYECTO (JIVINO VERDE),PUESTO DE SALUD,1,ENFERMERIA,8,-0.179649999982482,-76.8351640000343
153,Z01,21D04,SUCUMBIOS,SHUSHUFINDI,001979,TIERRAS ORIENTALES,PUESTO DE SALUD,1,ENFERMERIA,9,-0.298250000034196,-76.3624060002152
154,Z01,21D04,SUCUMBIOS,SHUSHUFINDI,001982,YAMANUNCA,PUESTO DE SALUD,1,ENFERMERIA,9,-0.294637000038846,-76.6572690000968
155,Z01,COORDINACION ZONAL 1,IMBABURA,IBARRA,000958,AMBUQUI,CENTRO DE SALUD A,1,ENFERMERIA,9,0.432627666699799,-78.0097472029904
156,Z01,COORDINACION ZONAL 1,IMBABURA,SAN MIGUEL DE URCUQUI,000978,BUENOS AIRES,CENTRO DE SALUD A,2,ENFERMERIA,9,0.616815217449341,-78.3162316785118
157,Z01,COORDINACION ZONAL 1,IMBABURA,IBARRA,000960,CARPUELA,CENTRO DE SALUD A,1,ENFERMERIA,9,0.441833,-77.997267
158,Z01,COORDINACION ZONAL 1,IMBABURA,SAN MIGUEL DE URCUQUI,000976,CENTRO DE SALUD DR. JUAN MARTIN MOREIRA,CENTRO DE SALUD B,1,ENFERMERIA,9,0.418575,-78.193829
159,Z01,COORDINACION ZONAL 1,IMBABURA,PIMAMPIRO,000974,CHALGUAYACO,PUESTO DE SALUD,1,ENFERMERIA,9,0.42340823,-77.96421069
160,Z01,COORDINACION ZONAL 1,IMBABURA,PIMAMPIRO,000975,CHUGA,PUESTO DE SALUD,1,ENFERMERIA,9,0.375176662464384,-77.90455671187
161,Z01,COORDINACION ZONAL 1,IMBABURA,IBARRA,000964,LA CAROLINA,CENTRO DE SALUD A,1,ENFERMERIA,9,0.742697,-78.244245
162,Z01,COORDINACION ZONAL 1,IMBABURA,IBARRA,000963,LA ESPERANZA,CENTRO DE SALUD A,1,ENFERMERIA,9,0.297205848073548,-78.1200857136402
163,Z01,COORDINACION ZONAL 1,IMBABURA,IBARRA,000965,LITA,CENTRO DE SALUD A,2,ENFERMERIA,9,0.871491,-78.451543
164,Z01,COORDINACION ZONAL 1,IMBABURA,PIMAMPIRO,000971,PIMAMPIRO,CENTRO DE SALUD B,2,ENFERMERIA,9,0.389927603792672,-77.9424100101747
165,Z01,COORDINACION ZONAL 1,IMBABURA,IBARRA,000967,SALINAS,CENTRO DE SALUD A,2,ENFERMERIA,9,0.495465086313488,-78.1306085036993
166,Z01,COORDINACION ZONAL 1,IMBABURA,IBARRA,000968,SAN ANTONIO,CENTRO DE SALUD A,2,ENFERMERIA,9,0.334041255608518,-78.1695853612479
167,Z01,CZ1,IMBABURA,IBARRA,000969,ZULETA (ANGOCHAHUA),CENTRO DE SALUD A,1,ENFERMERIA,9,0.210619915977353,-78.0943548119182
168,Z01,21D02,SUCUMBIOS,CASCALES,081340,PUERTO MADERO,CENTRO DE SALUD A,1,ENFERMERIA,9,-0.093537,-77.191891
169,Z02,15D02,NAPO,QUIJOS,001541,CUYUJA,PUESTO DE SALUD,1,ENFERMERIA,9,-0.414320077303817,-78.026016435257
170,Z02,15D02,NAPO,QUIJOS,001542,PAPALLACTA,CENTRO DE SALUD A,1,ENFERMERIA,9,-0.3800642486971,-78.147239435679
171,Z02,15D02,NAPO,EL CHACO,001545,SARDINAS 2,PUESTO DE SALUD,1,ENFERMERIA,9,-0.383918427394135,-77.8383467124443
172,Z02,15D02,NAPO,EL CHACO,001546,EL BOMBON,PUESTO DE SALUD,2,ENFERMERIA,10,-0.29700331587918,-77.7509886526135
173,Z02,15D02,NAPO,EL CHACO,001547,LAS PALMAS,PUESTO DE SALUD,1,ENFERMERIA,10,-0.225525550138289,-77.7364712408715
174,Z02,15D02,NAPO,EL CHACO,002993,SAN LUIS,PUESTO DE SALUD,1,ENFERMERIA,10,-0.135769172903344,-77.6135779687804
175,Z02,17D10,PICHINCHA,CAYAMBE,001692,AYORA,CENTRO DE SALUD A,1,ENFERMERIA,10,0.0654471922820435,-78.1342855195219
176,Z02,17D10,PICHINCHA,CAYAMBE,001693,OLMEDO,CENTRO DE SALUD A,1,ENFERMERIA,10,0.138377980423831,-78.0758682896057
177,Z02,17D10,PICHINCHA,CAYAMBE,001694,CANGAHUA,CENTRO DE SALUD A,2,ENFERMERIA,10,-0.060768458304594,-78.1695687695152
178,Z02,17D10,PICHINCHA,CAYAMBE,001695,ESPIGA DE ORO,CENTRO DE SALUD A,1,ENFERMERIA,10,-0.0859688211183199,-78.1481692669084
179,Z02,17D10,PICHINCHA,CAYAMBE,001696,OTON,CENTRO DE SALUD A,1,ENFERMERIA,10,-0.0268757504513151,-78.2603629038528
180,Z02,17D10,PICHINCHA,CAYAMBE,001697,PESILLO,CENTRO DE SALUD A,1,ENFERMERIA,10,0.153420645353638,-78.06596696547
181,Z02,17D10,PICHINCHA,CAYAMBE,001698,SANTA ROSA DE CUZUBAMBA,CENTRO DE SALUD A,1,ENFERMERIA,10,-0.0499656258619825,-78.2743834032161
182,Z02,17D10,PICHINCHA,PEDRO MONCAYO,001699,TABACUNDO,CENTRO DE SALUD C,1,ENFERMERIA,10,0.044961,-78.208306
183,Z02,17D10,PICHINCHA,PEDRO MONCAYO,001700,MALCHINGUI,CENTRO DE SALUD A,2,ENFERMERIA,10,0.0578218811847512,-78.3391234331919
184,Z02,17D10,PICHINCHA,PEDRO MONCAYO,001701,TOCACHI,CENTRO DE SALUD A,1,ENFERMERIA,10,0.0444897255473872,-78.2885935243808
185,Z02,17D10,PICHINCHA,PEDRO MONCAYO,001702,TUPIGACHI,CENTRO DE SALUD A,1,ENFERMERIA,10,0.076419894414782,-78.1806529145706
186,Z02,17D10,PICHINCHA,PEDRO MONCAYO,001703,LA ESPERANZA,CENTRO DE SALUD A,1,ENFERMERIA,10,0.0400963748721666,-78.2495549892645
187,Z02,17D10,PICHINCHA,CAYAMBE,002764,JUAN MONTALVO,CENTRO DE SALUD A,2,ENFERMERIA,10,0.0202226391036804,-78.1479658442243
188,Z02,17D11,PICHINCHA,RUMIÑAHUI,001714,COTOGCHOA,CENTRO DE SALUD A,1,ENFERMERIA,10,-0.368220828080961,-78.4526186848737
189,Z02,17D11,PICHINCHA,RUMIÑAHUI,001716,RUMIPAMBA,CENTRO DE SALUD A,1,ENFERMERIA,10,-0.43123,-78.418076
190,Z02,17D11,PICHINCHA,RUMIÑAHUI,001720,CURIPUNGO,CENTRO DE SALUD A,2,ENFERMERIA,10,-0.392139333886063,-78.4334437493908
191,Z02,17D11,PICHINCHA,MEJIA,001722,ALOAG,CENTRO DE SALUD A,1,ENFERMERIA,11,-0.468676,-78.583173
192,Z02,17D11,PICHINCHA,MEJIA,001723,ALOASI,CENTRO DE SALUD A,1,ENFERMERIA,11,-0.518436026447314,-78.5862771386259
193,Z02,17D11,PICHINCHA,MEJIA,001724,CUTUGLAHUA,CENTRO DE SALUD A,1,ENFERMERIA,11,-0.3619818,-78.5565396
194,Z02,17D11,PICHINCHA,MEJIA,001725,EL CHAUPI,CENTRO DE SALUD A,1,ENFERMERIA,11,-0.601296346001739,-78.6427595769982
195,Z02,17D11,PICHINCHA,MEJIA,001726,TAMBILLO,CENTRO DE SALUD A,1,ENFERMERIA,11,-0.404320396611248,-78.5417448792195
196,Z02,17D11,PICHINCHA,MEJIA,001728,TANDAPI,CENTRO DE SALUD A,2,ENFERMERIA,11,-0.414475544791834,-78.8009081871123
197,Z02,17D12,PICHINCHA,PUERTO QUITO,000649,SIMON BOLIVAR LA SEXTA,CENTRO DE SALUD A,1,ENFERMERIA,11,0.302192,-79.274710
198,Z02,17D12,PICHINCHA,SAN MIGUEL DE LOS BANCOS,001686,SAN MIGUEL DE LOS BANCOS,CENTRO DE SALUD B,2,ENFERMERIA,11,0.0239862091223821,-78.8944956783656
199,Z02,17D12,PICHINCHA,SAN MIGUEL DE LOS BANCOS,001687,MINDO,CENTRO DE SALUD A,1,ENFERMERIA,11,-0.0537726147365825,-78.7760358916212
200,Z02,17D12,PICHINCHA,PUERTO QUITO,001688,PUERTO QUITO,CENTRO DE SALUD C,2,ENFERMERIA,11,0.12300410821887,-79.2550502430983
201,Z02,17D12,PICHINCHA,PEDRO VICENTE MALDONADO,001691,PEDRO VICENTE MALDONADO,CENTRO DE SALUD B,2,ENFERMERIA,11,0.0852214630982531,-79.0548152083758
202,Z02,17D12,PICHINCHA,PUERTO QUITO,002757,BUENOS AIRES,PUESTO DE SALUD,1,ENFERMERIA,11,0.31707050819707,-79.2124053212814
203,Z02,22D02,ORELLANA,ORELLANA,002002,JAMBI HUASI,CENTRO DE SALUD B,2,ENFERMERIA,11,-0.46266362672,-76.98283219
204,Z02,22D02,ORELLANA,ORELLANA,002004,LA BELLEZA MONO I,CENTRO DE SALUD A,1,ENFERMERIA,11,-0.841623671773433,-77.0544620609583
205,Z02,22D02,ORELLANA,ORELLANA,002005,LA DELICIA,CENTRO DE SALUD A,2,ENFERMERIA,11,-0.757090807426232,-77.1010703618534
206,Z02,22D02,ORELLANA,ORELLANA,002006,LA BELLEZA CENTRAL,CENTRO DE SALUD A,2,ENFERMERIA,11,-0.656349717676373,-77.0463642215346
207,Z02,22D02,ORELLANA,ORELLANA,002007,GARCIA MORENO,CENTRO DE SALUD A,1,ENFERMERIA,11,-0.526785739887299,-77.0167947524419
208,Z02,22D02,ORELLANA,LA JOYA DE LOS SACHAS,002008,RUMIPAMBA,PUESTO DE SALUD,1,ENFERMERIA,11,-0.0851742068848292,-76.9850264414503
209,Z02,22D02,ORELLANA,LA JOYA DE LOS SACHAS,002009,3 DE NOVIEMBRE,PUESTO DE SALUD,1,ENFERMERIA,11,-0.1892181,-76.91044309204462
210,Z02,22D02,ORELLANA,LA JOYA DE LOS SACHAS,002010,ENOKANKI,CENTRO DE SALUD A,1,ENFERMERIA,12,-0.226860154044876,-76.8479422207003
211,Z02,22D02,ORELLANA,LA JOYA DE LOS SACHAS,002011,LAGO SAN PEDRO,PUESTO DE SALUD,1,ENFERMERIA,12,-0.240048930580941,-76.9437984859424
212,Z02,22D02,ORELLANA,LA JOYA DE LOS SACHAS,002012,JOYA DE LOS SACHAS,CENTRO DE SALUD C,2,ENFERMERIA,12,-0.3060792233,-76.86475060549033
213,Z02,22D02,ORELLANA,LA JOYA DE LOS SACHAS,002013,SAN CARLOS,CENTRO DE SALUD A,1,ENFERMERIA,12,-0.38011482157,-76.8843638907588
214,Z02,22D02,ORELLANA,LA JOYA DE LOS SACHAS,002014,SAN SEBASTIAN DEL COCA,CENTRO DE SALUD A,1,ENFERMERIA,12,-0.336497133,-77.00563470
215,Z02,22D02,ORELLANA,LA JOYA DE LOS SACHAS,002015,RIVERAS DEL RIO NAPO,PUESTO DE SALUD,2,ENFERMERIA,12,-0.438416252960509,-76.6330583987467
216,Z02,22D02,ORELLANA,LA JOYA DE LOS SACHAS,002016,UNION MILAGRENA,CENTRO DE SALUD A,2,ENFERMERIA,12,-0.363027,-76.78387
217,Z02,22D02,ORELLANA,LA JOYA DE LOS SACHAS,002017,10 DE AGOSTO,PUESTO DE SALUD,2,ENFERMERIA,12,-0.35510868998642,-76.8141357549515
218,Z02,22D02,ORELLANA,ORELLANA,002018,DAYUMA,CENTRO DE SALUD A,1,ENFERMERIA,12,-0.66890400028753,-76.8774978510215
219,Z02,22D02,ORELLANA,ORELLANA,002019,CENTRO SHUAR,CENTRO DE SALUD A,1,ENFERMERIA,12,-0.754155282693045,-76.8788168459663
220,Z02,22D02,ORELLANA,ORELLANA,002020,WESTER,CENTRO DE SALUD A,1,ENFERMERIA,12,-0.913300973708263,-76.9138897986957
221,Z02,22D02,ORELLANA,ORELLANA,002021,LA ANDINA,CENTRO DE SALUD A,1,ENFERMERIA,12,-0.968058234945112,-76.918051806218
222,Z02,22D02,ORELLANA,ORELLANA,002023,TIWINO COLONO,CENTRO DE SALUD A,2,ENFERMERIA,12,-1.1149811151942,-76.937176317883
223,Z02,22D02,ORELLANA,ORELLANA,002026,AÑANGU,CENTRO DE SALUD A,1,ENFERMERIA,12,-0.495151199205237,-76.4190128870284
224,Z02,22D02,ORELLANA,ORELLANA,002027,EL EDEN,CENTRO DE SALUD A,2,ENFERMERIA,12,-0.494474136431474,-76.0778643460945
225,Z02,22D02,ORELLANA,ORELLANA,002028,SAN LUIS DE ARMENIA,CENTRO DE SALUD A,1,ENFERMERIA,12,-0.478831440594141,-77.067767579709
226,Z02,22D02,ORELLANA,LORETO,002029,LORETO,CENTRO DE SALUD B,2,ENFERMERIA,12,-0.691156046733256,-77.3083414098572
227,Z02,22D02,ORELLANA,LORETO,002030,BAJO HUINO,CENTRO DE SALUD A,1,ENFERMERIA,12,-0.625549938757234,-77.1252346241104
228,Z02,22D02,ORELLANA,LORETO,002031,PTO. MURIALDO,CENTRO DE SALUD A,1,ENFERMERIA,12,-0.692594493537,-77.13366681
229,Z02,22D02,ORELLANA,LORETO,002032,LA PAZ,CENTRO DE SALUD A,2,ENFERMERIA,13,-0.790151785117596,-77.3568582613997
230,Z02,22D02,ORELLANA,LORETO,002033,HUATICOCHA,CENTRO DE SALUD A,2,ENFERMERIA,13,-0.754814924592265,-77.4719558603732
231,Z02,22D02,ORELLANA,LORETO,002034,24 DE MAYO (DAHUANO),CENTRO DE SALUD A,2,ENFERMERIA,13,-0.746303309900876,-77.4345077527364
232,Z02,22D02,ORELLANA,LORETO,002035,HUIRUNO,CENTRO DE SALUD A,2,ENFERMERIA,13,-0.718131290480461,-77.3433317828243
233,Z02,22D02,ORELLANA,LORETO,002036,SAN JOSE DE PAYAMINO,PUESTO DE SALUD,2,ENFERMERIA,13,-0.489480903179045,-77.2928578835802
234,Z02,22D02,ORELLANA,ORELLANA,002037,TARACOA,CENTRO DE SALUD A,1,ENFERMERIA,13,-0.492026725966381,-76.7739073982909
235,Z02,22D02,ORELLANA,ORELLANA,002040,EL DORADO,CENTRO DE SALUD A,1,ENFERMERIA,13,-0.501488358497647,-76.9536637098527
236,Z02,22D02,ORELLANA,ORELLANA,002041,POMPEYA,CENTRO DE SALUD A,1,ENFERMERIA,13,-0.451383101702922,-76.61294671038
237,Z02,22D02,ORELLANA,ORELLANA,002043,EL PARAISO,CENTRO DE SALUD A,1,ENFERMERIA,13,-0.37980134405035,-77.0129054893286
238,Z02,22D02,ORELLANA,ORELLANA,002044,GUAYUSA,CENTRO DE SALUD A,2,ENFERMERIA,13,-0.248895415373781,-77.0611072998638
239,Z02,22D02,ORELLANA,ORELLANA,002776,KUPI 4,CENTRO DE SALUD A,2,ENFERMERIA,13,-0.690118162085056,-76.7356383119595
240,Z02,22D02,ORELLANA,LORETO,002868,SAN FRANCISCO,CENTRO DE SALUD A,2,ENFERMERIA,13,-0.560502314983174,-77.2526047602483
241,Z02,22D02,ORELLANA,ORELLANA,021089,TIWINO WAORANI,CENTRO DE SALUD A,2,ENFERMERIA,13,-1.0877,-76.9808
242,Z02,22D03,ORELLANA,AGUARICO,002024,TIPUTINI,CENTRO DE SALUD A,2,ENFERMERIA,13,-0.789941133014426,-75.5267645223114
243,Z02,22D03,ORELLANA,AGUARICO,002025,CAP. AUGUSTO RIVADENEYRA,CENTRO DE SALUD A,1,ENFERMERIA,13,-0.622502159935751,-75.8587466457847
244,Z02,22D03,ORELLANA,AGUARICO,002042,DIKARO,CENTRO DE SALUD A,1,ENFERMERIA,13,-0.936284851419618,-76.2117350127055
245,Z02,22D03,ORELLANA,AGUARICO,002042,DIKARO (HOSPITAL BASICO FRANKLIN TELLO),HOSPITAL BASICO,2,ENFERMERIA,13,-0.936284851419618,-76.2117350127055
246,Z02,22D03,ORELLANA,AGUARICO,002790,ZANCUDOCOCHA,PUESTO DE SALUD,2,ENFERMERIA,13,-0.56733575446,-75.4282307
247,Z02,22D03,ORELLANA,AGUARICO,037995,KAWIMENO,PUESTO DE SALUD,2,ENFERMERIA,13,-1.033479,-75.780379
248,Z02,COORDINACION ZONAL 2,NAPO,ARCHIDONA,001519,ARCHIDONA,CENTRO DE SALUD B,1,ENFERMERIA,14,-0.9028497315,-77.803826476
249,Z02,COORDINACION ZONAL 2,NAPO,ARCHIDONA,001522,SARDINAS DE JONDACHI,PUESTO DE SALUD,2,ENFERMERIA,14,-0.779082448677438,-77.7907614724693
250,Z02,COORDINACION ZONAL 2,NAPO,ARCHIDONA,001523,WAWA SUMACO,CENTRO DE SALUD A,1,ENFERMERIA,14,-0.72481997963,-77.574558991
251,Z02,COORDINACION ZONAL 2,NAPO,ARCHIDONA,001524,COTUNDO,CENTRO DE SALUD A,1,ENFERMERIA,14,-0.841248702526824,-77.7974828954727
252,Z02,COORDINACION ZONAL 2,NAPO,ARCHIDONA,001525,SAN PABLO DE USHPAYACU,CENTRO DE SALUD A,1,ENFERMERIA,14,-0.932418910622,-77.7728729456688
253,Z02,COORDINACION ZONAL 2,NAPO,TENA,001526,CHONTA PUNTA,CENTRO DE SALUD A,3,ENFERMERIA,14,-0.915707374907044,-77.3634094175457
254,Z02,COORDINACION ZONAL 2,NAPO,TENA,001527,PUERTO RICO,CENTRO DE SALUD A,1,ENFERMERIA,14,-0.845854685867079,-77.2182406745028
255,Z02,COORDINACION ZONAL 2,NAPO,TENA,001529,ÑUCANCHILLACTA,CENTRO DE SALUD A,1,ENFERMERIA,14,-0.991032579151855,-77.4395046334007
256,Z02,COORDINACION ZONAL 2,NAPO,TENA,001530,SHANDIA,CENTRO DE SALUD A,1,ENFERMERIA,14,-1.070681,-77.8978
257,Z02,COORDINACION ZONAL 2,NAPO,TENA,001532,PANO,CENTRO DE SALUD A,1,ENFERMERIA,14,-1.01880071954889,-77.86440360797
258,Z02,COORDINACION ZONAL 2,NAPO,CARLOS JULIO AROSEMENA TOLA,001533,AROSEMENA TOLA,CENTRO DE SALUD B,1,ENFERMERIA,14,-1.17244625714246,-77.8566495852388
259,Z02,COORDINACION ZONAL 2,NAPO,TENA,001534,AHUANO,CENTRO DE SALUD A,1,ENFERMERIA,14,-1.0588648516485,-77.5469623074373
260,Z02,COORDINACION ZONAL 2,NAPO,TENA,001535,MISAHUALLI,CENTRO DE SALUD A,1,ENFERMERIA,14,-1.03581649350824,-77.6677989151949
261,Z02,COORDINACION ZONAL 2,NAPO,TENA,001536,PUERTO NAPO,CENTRO DE SALUD A,2,ENFERMERIA,14,-1.042449,-77.79328
262,Z02,COORDINACION ZONAL 2,NAPO,TENA,001544,PUNI BOCANA,PUESTO DE SALUD,2,ENFERMERIA,14,-1.10857665307757,-77.6378460559883
263,Z02,COORDINACION ZONAL 2,NAPO,TENA,002802,MUYUNA,CENTRO DE SALUD A,1,ENFERMERIA,14,-0.978579457434928,-77.8526934468474
264,Z02,COORDINACION ZONAL 2,NAPO,TENA,021087,GARENO,PUESTO DE SALUD,1,ENFERMERIA,14,-1.04914155,-77.38877634
265,Z03,05D04,COTOPAXI,SIGCHOS,000297,SARAHUASI,PUESTO DE SALUD,1,ENFERMERIA,14,-0.875036416494266,-79.0208806392491
266,Z03,05D01,COTOPAXI,LATACUNGA,000301,JOSE GUANGO ALTO,CENTRO DE SALUD A,1,ENFERMERIA,14,-0.81937051,-78.58464031
267,Z03,05D03,COTOPAXI,PANGUA,000302,MORASPUNGO,CENTRO DE SALUD B,2,ENFERMERIA,15,-1.1708608059,-79.2145170117
268,Z03,05D03,COTOPAXI,PANGUA,000303,PIEDADCITA,CENTRO DE SALUD A,1,ENFERMERIA,15,-1.02831457569625,-79.3026153173508
269,Z03,05D03,COTOPAXI,PANGUA,000304,RAMON CAMPAÑ A,CENTRO DE SALUD A,1,ENFERMERIA,15,-1.11236697956169,-79.0888860345886
270,Z03,05D03,COTOPAXI,PANGUA,000305,PINLLOPATA,CENTRO DE SALUD A,1,ENFERMERIA,15,-1.14431580063726,-79.0264849156388
271,Z03,05D03,COTOPAXI,PANGUA,000306,ISABEL MARIA,PUESTO DE SALUD,1,ENFERMERIA,15,-1.068594,-79.267881
272,Z03,05D03,COTOPAXI,PANGUA,000307,SAN FRANCISCO DE PANGUA,PUESTO DE SALUD,1,ENFERMERIA,15,-1.11050123342653,-79.0161322893649
273,Z03,05D03,COTOPAXI,PANGUA,000308,LA PLANCHA,PUESTO DE SALUD,1,ENFERMERIA,15,-1.199415,-79.023828
274,Z03,05D03,COTOPAXI,LA MANA,000310,CHIPEHAMBURGO,CENTRO DE SALUD A,1,ENFERMERIA,15,-0.988019913386356,-79.306984502349
275,Z03,05D03,COTOPAXI,LA MANA,000311,GUASAGANDA,CENTRO DE SALUD A,1,ENFERMERIA,15,-0.803436041808497,-79.1599223774083
276,Z03,05D03,COTOPAXI,LA MANA,000312,PUCAYACU,CENTRO DE SALUD A,1,ENFERMERIA,15,-0.718193545134536,-79.1209466982068
277,Z03,05D04,COTOPAXI,PUJILI,000313,PILALO,CENTRO DE SALUD A,1,ENFERMERIA,15,-0.946921988648936,-78.9944418375947
278,Z03,05D04,COTOPAXI,SIGCHOS,000316,SIGCHOS,CENTRO DE SALUD A,2,ENFERMERIA,15,-0.702522844840855,-78.8891114538263
279,Z03,05D01,COTOPAXI,LATACUNGA,000318,POALO,CENTRO DE SALUD A,2,ENFERMERIA,15,-0.884557,-78.67221
280,Z03,05D01,COTOPAXI,LATACUNGA,000320,LASSO,CENTRO DE SALUD C,2,ENFERMERIA,15,-0.7530176938,-78.61022340718
281,Z03,05D04,COTOPAXI,SAQUISILI,000323,CANCHAGUA,CENTRO DE SALUD A,2,ENFERMERIA,15,-0.809664929810893,-78.6841158682313
282,Z03,05D04,COTOPAXI,SIGCHOS,000324,CHUGCHILLAN,CENTRO DE SALUD A,2,ENFERMERIA,15,-0.79648266028,-78.9160536369
283,Z03,05D04,COTOPAXI,SIGCHOS,000325,ISINLIVI,CENTRO DE SALUD A,1,ENFERMERIA,15,-0.761060,-78.867931
284,Z03,05D04,COTOPAXI,SAQUISILI,000327,COCHAPAMBA,PUESTO DE SALUD,1,ENFERMERIA,15,-0.838433944590045,-78.7528631881883
285,Z03,05D06,COTOPAXI,SALCEDO,000328,YANAYACU,CENTRO DE SALUD A,1,ENFERMERIA,15,-1.06295645681146,-78.572231711312
286,Z03,05D06,COTOPAXI,SALCEDO,000329,ANTONIO JOSE HOLGUIN,CENTRO DE SALUD A,1,ENFERMERIA,16,-1.09889513707366,-78.6045684462874
287,Z03,05D06,COTOPAXI,SALCEDO,000330,CUSUBAMBA,CENTRO DE SALUD A,1,ENFERMERIA,16,-1.06975392767254,-78.7004964119306
288,Z03,05D06,COTOPAXI,SALCEDO,000331,MULLIQUINDIL (SANTA ANA),CENTRO DE SALUD A,1,ENFERMERIA,16,-1.03508170101756,-78.56294986834
289,Z03,05D06,COTOPAXI,SALCEDO,000332,PANZALEO,CENTRO DE SALUD A,1,ENFERMERIA,16,-1.06641,-78.5984299999999
290,Z03,05D06,COTOPAXI,SALCEDO,000333,PAPAHURCO,CENTRO DE SALUD A,2,ENFERMERIA,16,-1.05475028424339,-78.5170382980698
291,Z03,05D06,COTOPAXI,SALCEDO,000335,MULALILLO,CENTRO DE SALUD A,1,ENFERMERIA,16,-1.09394404696477,-78.6302567788087
292,Z03,05D06,COTOPAXI,SALCEDO,000336,SAN MARCOS,CENTRO DE SALUD A,1,ENFERMERIA,16,-1.06018681,-78.58354071
293,Z03,05D01,COTOPAXI,LATACUNGA,000338,11 DE NOVIEMBRE,CENTRO DE SALUD A,1,ENFERMERIA,16,-0.90811956381289,-78.6725346635697
294,Z03,05D04,COTOPAXI,PUJILI,000339,ANGAMARCA,CENTRO DE SALUD A,2,ENFERMERIA,16,-1.11990025461106,-78.9317505585854
295,Z03,05D04,COTOPAXI,PUJILI,000340,GUANGAJE,CENTRO DE SALUD A,1,ENFERMERIA,16,-0.862970139039671,-78.8474468468073
296,Z03,05D04,COTOPAXI,PUJILI,000343,YACUMBAMBA,CENTRO DE SALUD A,2,ENFERMERIA,16,-1.04173176870215,-78.7275678623562
297,Z03,05D01,COTOPAXI,LATACUNGA,000351,BELISARIO QUEVEDO,CENTRO DE SALUD A,2,ENFERMERIA,16,-0.985090,-78.581789
298,Z03,05D01,COTOPAXI,LATACUNGA,000352,ALAQUEZ,CENTRO DE SALUD A,2,ENFERMERIA,16,-0.86375,-78.5964
299,Z03,05D01,COTOPAXI,LATACUNGA,000353,MULALO,CENTRO DE SALUD A,2,ENFERMERIA,16,-0.7797144,-78.5774374
300,Z03,05D01,COTOPAXI,LATACUNGA,000354,JOSE GUANGO BAJO,CENTRO DE SALUD A,1,ENFERMERIA,16,-0.8188156,-78.596721
301,Z03,05D04,COTOPAXI,SIGCHOS,000355,LAS PAMPAS,CENTRO DE SALUD A,1,ENFERMERIA,16,-0.4399892030,-78.9708012366
302,Z03,05D04,COTOPAXI,SIGCHOS,000356,PALO QUEMADO,PUESTO DE SALUD,1,ENFERMERIA,16,-0.37442165949,-78.925507384
303,Z03,05D01,COTOPAXI,LATACUNGA,000358,PALOPO,CENTRO DE SALUD A,1,ENFERMERIA,16,-0.94208,-78.560547
304,Z03,COORDINACION ZONAL 3,CHIMBORAZO,RIOBAMBA,000368,TZALARON,PUESTO DE SALUD,1,ENFERMERIA,16,-1.78894796243817,-78.6895659313141
305,Z03,06D02,CHIMBORAZO,CHUNCHI,000370,CHARRON,PUESTO DE SALUD,1,ENFERMERIA,17,-2.33836463163604,-78.8505356332535
306,Z03,06D04,CHIMBORAZO,GUANO,000371,SAN ISIDRO,PUESTO DE SALUD,1,ENFERMERIA,17,-1.58551995306391,-78.6936866550221
307,Z03,COORDINACION ZONAL 3,CHIMBORAZO,RIOBAMBA,000382,CACHA CHUYUG,PUESTO DE SALUD,1,ENFERMERIA,17,-1.72741978502934,-78.7242732892671
308,Z03,COORDINACION ZONAL 3,CHIMBORAZO,RIOBAMBA,000383,PUCARA QUINCHE,PUESTO DE SALUD,1,ENFERMERIA,17,-1.71862268312558,-78.7008456133182
309,Z03,COORDINACION ZONAL 3,CHIMBORAZO,RIOBAMBA,000385,GUASLAN,PUESTO DE SALUD,1,ENFERMERIA,17,-1.73798486635293,-78.6487274805305
310,Z03,COORDINACION ZONAL 3,CHIMBORAZO,RIOBAMBA,000386,PUNIN,CENTRO DE SALUD A,1,ENFERMERIA,17,-1.76526667256508,-78.6561317099732
311,Z03,COORDINACION ZONAL 3,CHIMBORAZO,RIOBAMBA,000387,BASHALAN,PUESTO DE SALUD,1,ENFERMERIA,17,-1.73842942933217,-78.6937247611586
312,Z03,COORDINACION ZONAL 3,CHIMBORAZO,RIOBAMBA,000391,PUNGALA,CENTRO DE SALUD A,1,ENFERMERIA,17,-1.81740698046153,-78.5944926256107
313,Z03,COORDINACION ZONAL 3,CHIMBORAZO,RIOBAMBA,000393,CENTRO DE SALUD TIPO A FLORES,CENTRO DE SALUD A,1,ENFERMERIA,17,-1.81654506079328,-78.6466426748141
314,Z03,COORDINACION ZONAL 3,CHIMBORAZO,RIOBAMBA,000394,GUANTUL CENTRAL GRANDE,PUESTO DE SALUD,1,ENFERMERIA,17,-1.83963052203628,-78.6591180066332
315,Z03,COORDINACION ZONAL 3,CHIMBORAZO,CHAMBO,000397,CHAMBO,CENTRO DE SALUD B,1,ENFERMERIA,17,-1.72569054816147,-78.5980244763685
316,Z03,COORDINACION ZONAL 3,CHIMBORAZO,RIOBAMBA,000401,CUBIJIES,CENTRO DE SALUD A,1,ENFERMERIA,17,-1.64521916738652,-78.5872813144346
317,Z03,COORDINACION ZONAL 3,CHIMBORAZO,RIOBAMBA,000403,SAN JUAN,CENTRO DE SALUD A,1,ENFERMERIA,17,-1.62718189739612,-78.7873808792174
318,Z03,COORDINACION ZONAL 3,CHIMBORAZO,RIOBAMBA,000404,CALPI,CENTRO DE SALUD B,1,ENFERMERIA,17,-1.648135,-78.741031
319,Z03,COORDINACION ZONAL 3,CHIMBORAZO,RIOBAMBA,000405,SAN LUIS,CENTRO DE SALUD A,2,ENFERMERIA,17,-1.71036172410981,-78.6428684801896
320,Z03,06D04,CHIMBORAZO,COLTA,000407,CANI,PUESTO DE SALUD,1,ENFERMERIA,17,-1.77245896302775,-78.9895729050377
321,Z03,06D04,CHIMBORAZO,COLTA,000408,SANTIAGO DE QUITO,CENTRO DE SALUD A,1,ENFERMERIA,17,-1.74555638792234,-78.7485079570958
322,Z03,06D04,CHIMBORAZO,COLTA,000409,COLUMBE,CENTRO DE SALUD A,1,ENFERMERIA,17,-1.88841411357297,-78.7242793250142
323,Z03,06D04,CHIMBORAZO,COLTA,000412,SICALPA VIEJO,PUESTO DE SALUD,1,ENFERMERIA,17,-1.69683305894986,-78.7825508260802
324,Z03,06D04,CHIMBORAZO,COLTA,000419,RUMICORRAL,PUESTO DE SALUD,1,ENFERMERIA,18,-1.83457400359966,-78.8052983078651
325,Z03,06D02,CHIMBORAZO,CUMANDA,000422,CUMANDA,CENTRO DE SALUD B,2,ENFERMERIA,18,-2.20546427227492,-79.1437537804812
326,Z03,06D02,CHIMBORAZO,ALAUSI,000424,MULTITUD,CENTRO DE SALUD A,1,ENFERMERIA,18,-2.10673528155408,-78.9955770575334
327,Z03,06D02,CHIMBORAZO,PALLATANGA,000425,PALLATANGA,CENTRO DE SALUD B,2,ENFERMERIA,18,-2.0002819044222,-78.9686690971706
328,Z03,06D04,CHIMBORAZO,COLTA,000426,JUAN DE VELASCO,CENTRO DE SALUD A,1,ENFERMERIA,18,-1.82770533523136,-78.8818938984138
329,Z03,06D04,CHIMBORAZO,GUAMOTE,000429,JATUMPAMBA,CENTRO DE SALUD A,1,ENFERMERIA,18,-1.98849019752402,-78.6747199738852
330,Z03,06D04,CHIMBORAZO,GUAMOTE,000002,SAN VICENTE DE TIPIN,PUESTO DE SALUD,1,ENFERMERIA,18,-2.96195290863218,-79.0518269243631
331,Z03,06D02,CHIMBORAZO,ALAUSI,000435,ACHUPALLAS,CENTRO DE SALUD B,2,ENFERMERIA,18,-2.28500798191245,-78.7693351754131
332,Z03,06D02,CHIMBORAZO,ALAUSI,000436,GUASUNTOS,CENTRO DE SALUD A,1,ENFERMERIA,18,-2.23379897829,-78.813257199
333,Z03,06D02,CHIMBORAZO,ALAUSI,000439,SEVILLA,CENTRO DE SALUD A,1,ENFERMERIA,18,-2.27206772035446,-78.8259289123684
334,Z03,06D02,CHIMBORAZO,CHUNCHI,000445,JOYAGSHI,CENTRO DE SALUD A,1,ENFERMERIA,18,-2.37418404864253,-78.9693614154692
335,Z03,06D04,CHIMBORAZO,GUANO,000447,CHINGAZO,PUESTO DE SALUD,1,ENFERMERIA,18,-1.62679935078909,-78.5814648273011
336,Z03,06D04,CHIMBORAZO,PENIPE,000448,NABUZO,PUESTO DE SALUD,1,ENFERMERIA,18,-1.59325308381321,-78.5268401337735
337,Z03,06D04,CHIMBORAZO,PENIPE,000449,CANDELARIA,PUESTO DE SALUD,1,ENFERMERIA,18,-1.62494744010592,-78.5084969062879
338,Z03,06D04,CHIMBORAZO,PENIPE,000450,EL ALTAR,PUESTO DE SALUD,1,ENFERMERIA,18,-1.52937153979,-78.508489776
339,Z03,06D04,CHIMBORAZO,PENIPE,000451,BAYUSHIG,PUESTO DE SALUD,1,ENFERMERIA,18,-1.54596186798509,-78.5188482582003
340,Z03,06D04,CHIMBORAZO,PENIPE,000452,PENIPE,CENTRO DE SALUD B,1,ENFERMERIA,18,-1.56314909979335,-78.5303606042569
341,Z03,06D04,CHIMBORAZO,GUANO,000453,ILAPO,CENTRO DE SALUD A,1,ENFERMERIA,18,-1.54335785377897,-78.5883520593169
342,Z03,06D04,CHIMBORAZO,GUANO,000455,SAN ANDRES,CENTRO DE SALUD A,1,ENFERMERIA,18,-1.59142685,-78.7002476
343,Z03,06D04,CHIMBORAZO,GUANO,000459,TATACTO,PUESTO DE SALUD,1,ENFERMERIA,19,-1.54880345351513,-78.7217980235012
344,Z03,06D04,CHIMBORAZO,GUANO,000462,GUANO,CENTRO DE SALUD B,1,ENFERMERIA,19,-1.6088845312369,-78.6357307560644
345,Z03,06D04,CHIMBORAZO,GUANO,000464,CHAZO,PUESTO DE SALUD,1,ENFERMERIA,19,-1.53078011454506,-78.5529508949331
346,Z03,16D01,PASTAZA,PASTAZA,001554,CHUWITAYU,CENTRO DE SALUD A,2,ENFERMERIA,19,-1.90770215917332,-77.8124300174015
347,Z03,16D01,PASTAZA,PASTAZA,001560,EL TRIUNFO,CENTRO DE SALUD A,1,ENFERMERIA,19,-1.43318467914876,-77.7937883774474
348,Z03,16D01,PASTAZA,PASTAZA,001561,FATIMA,CENTRO DE SALUD A,1,ENFERMERIA,19,-1.42811642259694,-77.9993148689304
349,Z03,16D01,PASTAZA,PASTAZA,001562,TENIENTE HUGO ORTIZ,CENTRO DE SALUD A,1,ENFERMERIA,19,-1.37608641906713,-77.9550811487929
350,Z03,16D01,PASTAZA,PASTAZA,001563,VERACRUZ,CENTRO DE SALUD A,1,ENFERMERIA,19,-1.50971660301284,-77.941724082405
351,Z03,16D01,PASTAZA,SANTA CLARA,001565,SANTA CLARA,CENTRO DE SALUD A,1,ENFERMERIA,19,-1.2631132874386,-77.8889655624902
352,Z03,16D02,PASTAZA,ARAJUNO,001567,ARAJUNO,CENTRO DE SALUD A,2,ENFERMERIA,19,-1.23271291444464,-77.68734693586
353,Z03,16D01,PASTAZA,PASTAZA,001569,CANELOS,CENTRO DE SALUD A,1,ENFERMERIA,19,-1.59000652021529,-77.7578551466018
354,Z03,16D01,PASTAZA,PASTAZA,001570,CHONTOA,PUESTO DE SALUD,1,ENFERMERIA,19,-1.59370835810802,-77.8132996481495
355,Z03,16D01,PASTAZA,PASTAZA,001571,MUSULLACTA (SIMON BOLIVAR),CENTRO DE SALUD A,1,ENFERMERIA,19,-1.7198974284243,-77.8452841179398
356,Z03,16D01,PASTAZA,PASTAZA,001572,PITIRISHCA,CENTRO DE SALUD A,1,ENFERMERIA,19,-1.80858270768362,-77.8301348174813
357,Z03,16D01,PASTAZA,PASTAZA,001573,TARQUI,CENTRO DE SALUD A,1,ENFERMERIA,19,-1.52402423335709,-78.0031689666921
358,Z03,16D01,PASTAZA,MERA,001574,MERA,CENTRO DE SALUD A,1,ENFERMERIA,19,-1.46260283762781,-78.1105541083857
359,Z03,16D01,PASTAZA,PASTAZA,001577,CHAPINTZA,PUESTO DE SALUD,2,ENFERMERIA,19,-1.98965102060162,-77.7165974625899
360,Z03,16D01,PASTAZA,PASTAZA,001578,KUMAY,CENTRO DE SALUD A,2,ENFERMERIA,19,-2.001536,-77.702679
361,Z03,16D01,PASTAZA,MERA,001583,AMAZONAS,PUESTO DE SALUD,1,ENFERMERIA,19,-1.62401197508909,-78.0149758337957
362,Z03,16D01,PASTAZA,PASTAZA,001584,VILLAFLORA,PUESTO DE SALUD,1,ENFERMERIA,20,-1.73551400127266,-77.7465802861747
363,Z03,16D01,PASTAZA,PASTAZA,001585,CHICOCOPATAZA,PUESTO DE SALUD,1,ENFERMERIA,20,-1.73103020555111,-77.7845604897795
364,Z03,16D02,PASTAZA,ARAJUNO,001587,CURARAY,CENTRO DE SALUD A,2,ENFERMERIA,20,-1.36948699997444,-76.9434200000902
365,Z03,16D01,PASTAZA,PASTAZA,001594,PACAYACU,CENTRO DE SALUD A,2,ENFERMERIA,20,-1.65149300002566,-77.5910609999828
366,Z03,16D01,PASTAZA,PASTAZA,001595,AMUNTAY (CAPAWI),PUESTO DE SALUD,1,ENFERMERIA,20,-2.54125951370759,-76.8411360653399
367,Z03,16D01,PASTAZA,PASTAZA,001596,KURINTZA,PUESTO DE SALUD,1,ENFERMERIA,20,-2.06480499996527,-76.7994850000953
368,Z03,16D01,PASTAZA,PASTAZA,001597,MACUZAR,PUESTO DE SALUD,1,ENFERMERIA,20,-2.24776,-76.629605
369,Z03,16D01,PASTAZA,PASTAZA,001599,CHARAPACOCHA,PUESTO DE SALUD,1,ENFERMERIA,20,-2.32594691516515,-77.0887888066259
370,Z03,16D01,PASTAZA,PASTAZA,001600,NUMBAIMI,PUESTO DE SALUD,1,ENFERMERIA,20,-2.24319640137424,-77.2218534172849
371,Z03,18D04,TUNGURAHUA,SANTIAGO DE PILLARO,001812,SAN JOSE DE POALO,CENTRO DE SALUD A,1,ENFERMERIA,20,-1.10153893396198,-78.4791865252955
372,Z03,18D02,TUNGURAHUA,AMBATO,001871,ATAHUALPA,CENTRO DE SALUD A,1,ENFERMERIA,20,-1.2180209738342,-78.6108627359874
373,Z03,18D04,TUNGURAHUA,SAN PEDRO DE PELILEO,001819,SALASACA,CENTRO DE SALUD B,2,ENFERMERIA,20,-1.32068471980044,-78.5776010653864
374,Z03,18D04,TUNGURAHUA,TISALEO,001830,CHILCO LA ESPERANZA,PUESTO DE SALUD,1,ENFERMERIA,20,-1.34690338003497,-78.684482058992
375,Z03,18D02,TUNGURAHUA,AMBATO,001881,CENTRO DE SALUD DE SANTA ROSA,CENTRO DE SALUD B,2,ENFERMERIA,20,-1.27972811485646,-78.6644163079522
376,Z03,18D04,TUNGURAHUA,CEVALLOS,001834,CEVALLOS,CENTRO DE SALUD B,1,ENFERMERIA,20,-1.36124602905,-78.617260243
377,Z03,18D04,TUNGURAHUA,QUERO,001840,CENTRO DE SALUD QUERO,CENTRO DE SALUD C,1,ENFERMERIA,20,-1.37815902578476,-78.6076855912816
378,Z03,18D02,TUNGURAHUA,AMBATO,001860,CENTRO DE SALUD DE TOTORAS,CENTRO DE SALUD B,1,ENFERMERIA,20,-1.31734959371175,-78.5964645851669
379,Z03,18D02,TUNGURAHUA,AMBATO,001823,CENTRO DE SALUD DE YATZAPUTZAN,CENTRO DE SALUD A,1,ENFERMERIA,20,-1.31925737183591,-78.7907118533105
380,Z03,18D04,TUNGURAHUA,SAN PEDRO DE PELILEO,001857,TELIGOTE,PUESTO DE SALUD,1,ENFERMERIA,20,-1.35207532568402,-78.5663349147006
381,Z03,18D02,TUNGURAHUA,AMBATO,001827,CENTRO DE SALUD JUAN BENIGNO VELA,CENTRO DE SALUD A,1,ENFERMERIA,21,-1.29870054254828,-78.6916582213238
382,Z03,18D02,TUNGURAHUA,AMBATO,001856,CENTRO DE SALUD PICAIHUA,CENTRO DE SALUD A,1,ENFERMERIA,21,-1.2758,-78.5857
383,Z03,18D02,TUNGURAHUA,AMBATO,001813,CUNCHIBAMBA,CENTRO DE SALUD A,1,ENFERMERIA,21,-1.13614849074329,-78.5857330003369
384,Z03,18D02,TUNGURAHUA,AMBATO,001879,IZAMBA,CENTRO DE SALUD A,1,ENFERMERIA,21,-1.23050061911008,-78.5868188795921
385,Z03,18D02,TUNGURAHUA,AMBATO,001817,QUISAPINCHA,CENTRO DE SALUD A,1,ENFERMERIA,21,-1.23515035677077,-78.6815834159802
386,Z03,18D04,TUNGURAHUA,BAÑOS DE AGUA SANTA,001882,RIO NEGRO,CENTRO DE SALUD A,1,ENFERMERIA,21,-1.41412711038125,-78.2139203938418
387,Z03,18D04,TUNGURAHUA,PATATE,001883,EL TRIUNFO,CENTRO DE SALUD A,1,ENFERMERIA,21,-1.30517181259726,-78.4048870692035
388,Z03,18D04,TUNGURAHUA,PATATE,001884,PATATE,CENTRO DE SALUD B,1,ENFERMERIA,21,-1.31061236351519,-78.5107219371878
389,Z03,18D04,TUNGURAHUA,PATATE,001885,SUCRE,CENTRO DE SALUD A,1,ENFERMERIA,21,-1.26271795024745,-78.4936518881401
390,Z03,16D01,PASTAZA,PASTAZA,002749,SARAYACU,CENTRO DE SALUD A,1,ENFERMERIA,21,-1.73396643815756,-77.4918763299923
391,Z03,16D01,PASTAZA,PASTAZA,002752,LOROCACHI,PUESTO DE SALUD,1,ENFERMERIA,21,-1.61056677844634,-75.9917461758597
392,Z03,16D02,PASTAZA,ARAJUNO,002753,TOÑAMPARE,CENTRO DE SALUD A,1,ENFERMERIA,21,-1.21731952722376,-77.3821514617431
393,Z03,16D02,PASTAZA,ARAJUNO,002809,PITACOCHA,PUESTO DE SALUD,2,ENFERMERIA,21,-1.32413303520793,-77.5899855982712
394,Z03,06D02,CHIMBORAZO,CHUNCHI,002862,CENTRO DE SALUD DE CHUNCHI,CENTRO DE SALUD A,1,ENFERMERIA,21,-2.28615771874339,-78.9200712555996
395,Z03,06D04,CHIMBORAZO,GUAMOTE,002863,CENTRO DE SALUD DE GUAMOTE,CENTRO DE SALUD A,2,ENFERMERIA,21,-1.935340,-78.71164
396,Z03,06D02,CHIMBORAZO,ALAUSI,002865,CENTRO DE SALUD DE ALAUSI,CENTRO DE SALUD A,1,ENFERMERIA,21,-2.20080903729038,-78.8442502843994
397,Z03,16D01,PASTAZA,PASTAZA,002995,GUARANI,PUESTO DE SALUD,1,ENFERMERIA,21,-2.23643487688781,-77.2393162693257
398,Z03,05D01,COTOPAXI,LATACUNGA,003986,LOMA GRANDE,CENTRO DE SALUD A,2,ENFERMERIA,21,-0.938233,-78.629257
399,Z03,05D04,COTOPAXI,PUJILI,004872,PUJILI,CENTRO DE SALUD A,2,ENFERMERIA,21,-0.95388,-78.69427
400,Z03,05D04,COTOPAXI,PUJILI,004960,ZUMBAHUA,CENTRO DE SALUD B,1,ENFERMERIA,22,-0.96104,-78.89352
401,Z03,18D04,TUNGURAHUA,SAN PEDRO DE PELILEO,019313,CENTRO DE SALUD DE PELILEO,CENTRO DE SALUD A,2,ENFERMERIA,22,-1.333,-78.541
402,Z03,18D02,TUNGURAHUA,AMBATO,001869,SAN JOSE DE ANGAHUANA,CENTRO DE SALUD A,1,ENFERMERIA,22,-1.1770511,-78.6365312
403,Z03,05D03,COTOPAXI,PANGUA,021034,EL CORAZON,CENTRO DE SALUD A,1,ENFERMERIA,22,-1.136230,-79.082750
404,Z03,16D01,PASTAZA,PASTAZA,021215,MORETE PUYO,CENTRO DE SALUD A,2,ENFERMERIA,22,-1.48582,-78.00732
405,Z03,18D04,TUNGURAHUA,SAN PEDRO DE PELILEO,039125,CENTRO DE SALUD TIPO A GARCIA MORENO - CHUMAQUI,CENTRO DE SALUD A,1,ENFERMERIA,22,-1.2960,-78.532
406,Z04,13D02,MANABI,MANTA,001299,SAN JUAN,CENTRO DE SALUD A,1,ENFERMERIA,22,-0.996895700227779,-80.7615284532493
407,Z04,13D02,MANABI,MANTA,001300,SANTA MARIANITA,CENTRO DE SALUD A,2,ENFERMERIA,22,-0.994322415153535,-80.8484789242459
408,Z04,13D02,MANABI,MANTA,001301,SAN LORENZO,CENTRO DE SALUD A,2,ENFERMERIA,22,-1.06438660434006,-80.9047421671241
409,Z04,13D02,MANABI,MONTECRISTI,001315,BAJO DE LA PALMA,CENTRO DE SALUD A,2,ENFERMERIA,22,-1.07885775948766,-80.6986047082303
410,Z04,13D02,MANABI,MONTECRISTI,001316,CARCEL,CENTRO DE SALUD A,1,ENFERMERIA,22,-1.07879802829204,-80.6481720200189
411,Z04,13D02,MANABI,MONTECRISTI,001317,LA SEQUITA,CENTRO DE SALUD A,1,ENFERMERIA,22,-1.02356673655587,-80.5840670204171
412,Z04,13D02,MANABI,MONTECRISTI,001319,MANANTIALES,CENTRO DE SALUD A,1,ENFERMERIA,22,-1.26004945393316,-80.7393585671262
413,Z04,13D02,MANABI,MONTECRISTI,001320,PILE,CENTRO DE SALUD A,1,ENFERMERIA,22,-1.168481460893,-80.8394277862277
414,Z04,13D02,MANABI,MANTA,001321,EL AROMO,CENTRO DE SALUD A,1,ENFERMERIA,22,-1.04989897338895,-80.8344367327861
415,Z04,13D02,MANABI,MONTECRISTI,001323,EL ARROYO,CENTRO DE SALUD A,1,ENFERMERIA,22,-1.00721964260234,-80.6706498865398
416,Z04,13D02,MANABI,MONTECRISTI,001324,ESTANCIA LAS PALMAS,CENTRO DE SALUD A,1,ENFERMERIA,22,-1.06322140522575,-80.5950991412235
417,Z04,13D03,MANABI,JIPIJAPA,001254,JIPIJAPA,CENTRO DE SALUD B,2,ENFERMERIA,22,-1.34538626935025,-80.5748952363242
418,Z04,13D03,MANABI,PUERTO LOPEZ,001255,PUERTO LOPEZ,CENTRO DE SALUD C,2,ENFERMERIA,22,-1.55389966117599,-80.8074428809927
419,Z04,13D03,MANABI,JIPIJAPA,001325,ALBAJACAL,CENTRO DE SALUD A,1,ENFERMERIA,23,-1.5393684470212,-80.5154194391264
420,Z04,13D03,MANABI,JIPIJAPA,001326,AMERICA,CENTRO DE SALUD A,1,ENFERMERIA,23,-1.43303372731828,-80.5290612935711
421,Z04,13D03,MANABI,JIPIJAPA,001327,EL ANEGADO,CENTRO DE SALUD A,2,ENFERMERIA,23,-1.47192777974753,-80.5348513996876
422,Z04,13D03,MANABI,JIPIJAPA,001328,JULCUY,CENTRO DE SALUD A,1,ENFERMERIA,23,-1.47407092491749,-80.6249972476425
423,Z04,13D03,MANABI,JIPIJAPA,001329,LA UNION,CENTRO DE SALUD A,1,ENFERMERIA,23,-1.45911324714518,-80.4384350362136
424,Z04,13D03,MANABI,JIPIJAPA,001330,LAS DELICIAS,CENTRO DE SALUD A,1,ENFERMERIA,23,-1.74080770163857,-80.5545788631805
425,Z04,13D03,MANABI,JIPIJAPA,001331,MEMBRILLAL,CENTRO DE SALUD A,1,ENFERMERIA,23,-1.23364188016881,-80.6686740599601
426,Z04,13D03,MANABI,JIPIJAPA,001332,PEDRO PABLO GOMEZ,CENTRO DE SALUD A,1,ENFERMERIA,23,-1.63049906425351,-80.5588652346942
427,Z04,13D03,MANABI,PUERTO LOPEZ,001333,SALANGO,CENTRO DE SALUD A,1,ENFERMERIA,23,-1.58981037505802,-80.8350033634775
428,Z04,13D03,MANABI,PUERTO LOPEZ,001334,MACHALILLA,CENTRO DE SALUD A,2,ENFERMERIA,23,-1.48006156555185,-80.7669689509101
429,Z04,13D03,MANABI,JIPIJAPA,001335,PUERTO CAYO,CENTRO DE SALUD A,1,ENFERMERIA,23,-1.34719144554337,-80.735906773023
430,Z04,13D03,MANABI,JIPIJAPA,001336,VARGAS TORRES,PUESTO DE SALUD,1,ENFERMERIA,23,-1.45750765976431,-80.4576813480487
431,Z04,13D03,MANABI,JIPIJAPA,001337,SAN PABLO,PUESTO DE SALUD,1,ENFERMERIA,23,-1.5685792102128,-80.5915655359105
432,Z04,13D03,MANABI,PUERTO LOPEZ,002761,AYAMPE,PUESTO DE SALUD,1,ENFERMERIA,23,-1.67800949147006,-80.8123220392322
433,Z04,13D04,MANABI,SANTA ANA,001262,SANTA ANA-24H,CENTRO DE SALUD C,3,ENFERMERIA,23,-1.20841960535236,-80.3700104292527
434,Z04,13D04,MANABI,OLMEDO,001263,OLMEDO-24H,CENTRO DE SALUD B,3,ENFERMERIA,23,-1.39578091595932,-80.2045180035336
435,Z04,13D04,MANABI,24 DE MAYO,001264,24 DE MAYO,CENTRO DE SALUD B,3,ENFERMERIA,23,-1.28529143680166,-80.4155368135523
436,Z04,13D04,MANABI,SANTA ANA,001387,AYACUCHO,CENTRO DE SALUD A,2,ENFERMERIA,23,-1.15725904387384,-80.2883934204864
437,Z04,13D04,MANABI,SANTA ANA,001388,CHICOMPE,CENTRO DE SALUD A,1,ENFERMERIA,23,-1.27862599503826,-80.1096605052911
438,Z04,13D04,MANABI,SANTA ANA,001389,HONORATO VASQUEZ,CENTRO DE SALUD A,2,ENFERMERIA,24,-1.11054398287257,-80.2227679400484
439,Z04,13D04,MANABI,SANTA ANA,001390,LA UNION,CENTRO DE SALUD A,1,ENFERMERIA,24,-1.20815196173957,-80.1523486927367
440,Z04,13D04,MANABI,SANTA ANA,001391,LODANA,CENTRO DE SALUD A,2,ENFERMERIA,24,-1.17569249722106,-80.3876075706195
441,Z04,13D04,MANABI,SANTA ANA,001392,PUEBLO NUEVO,CENTRO DE SALUD A,2,ENFERMERIA,24,-1.20557231256224,-80.0655200006979
442,Z04,13D04,MANABI,24 DE MAYO,001393,BELLAVISTA,CENTRO DE SALUD A,2,ENFERMERIA,24,-1.35110793219082,-80.2850872113041
443,Z04,13D04,MANABI,24 DE MAYO,001394,JABONCILLO,CENTRO DE SALUD A,2,ENFERMERIA,24,-1.3272800131151,-80.3194480587494
444,Z04,13D04,MANABI,24 DE MAYO,001395,NOBOA,CENTRO DE SALUD A,2,ENFERMERIA,24,-1.4142835721756,-80.3921616381239
445,Z04,13D04,MANABI,24 DE MAYO,001396,LAS PAJITAS,CENTRO DE SALUD A,2,ENFERMERIA,24,-1.47871660998894,-80.279070450121
446,Z04,13D04,MANABI,24 DE MAYO,001397,LAS MERCEDES,CENTRO DE SALUD A,2,ENFERMERIA,24,-1.45338843444281,-80.2578198429076
447,Z04,13D04,MANABI,24 DE MAYO,001398,TRES RIOS,CENTRO DE SALUD A,2,ENFERMERIA,24,-1.43870956,-80.33546438
448,Z04,13D04,MANABI,24 DE MAYO,001399,RESBALON,CENTRO DE SALUD A,2,ENFERMERIA,24,-1.402604359004,-80.358977697057
449,Z04,13D05,MANABI,EL CARMEN,001400,EL MAICITO (WILFRIDO LOOR MOREIRA),CENTRO DE SALUD A,2,ENFERMERIA,24,-0.276336213321535,-79.5727041215741
450,Z04,13D05,MANABI,EL CARMEN,001401,LA BRAMADORA,CENTRO DE SALUD A,2,ENFERMERIA,24,-0.473358067820275,-79.5574170217575
451,Z04,13D05,MANABI,EL CARMEN,001402,SAN PEDRO DE SUMA,CENTRO DE SALUD A,2,ENFERMERIA,24,-0.219651411751316,-79.5417694876821
452,Z04,13D05,MANABI,EL CARMEN,002118,LA CAOBA,CENTRO DE SALUD A,1,ENFERMERIA,24,-0.57107932315922,-79.578723625884
453,Z04,13D05,MANABI,EL CARMEN,002119,SANTA MARIA,CENTRO DE SALUD A,2,ENFERMERIA,24,-0.673209819496993,-79.6098370604811
454,Z04,13D05,MANABI,EL CARMEN,002120,SANTA TERESA,CENTRO DE SALUD A,2,ENFERMERIA,24,-0.809658058901539,-79.6396158201461
455,Z04,13D05,MANABI,EL CARMEN,002767,EL PARAISO LA CATORCE,CENTRO DE SALUD A,2,ENFERMERIA,24,-0.589440724947167,-79.5139331967169
456,Z04,13D05,MANABI,EL CARMEN,002892,TIGRILLO,CENTRO DE SALUD A,1,ENFERMERIA,24,-0.352236794236364,-79.5679232601837
457,Z04,13D06,MANABI,JUNIN,001245,MATERNO INFANTIL CARLOS MORALES LOCKE,CENTRO DE SALUD C,2,ENFERMERIA,25,-0.932288986520389,-80.205852146584
458,Z04,13D06,MANABI,PICHINCHA,001265,PICHINCHA,CENTRO DE SALUD B,2,ENFERMERIA,25,-1.04558291868506,-79.8231189508726
459,Z04,13D06,MANABI,JUNIN,001266,MONTAÑITA,CENTRO DE SALUD A,1,ENFERMERIA,25,-0.868640025392922,-80.2580262398468
460,Z04,13D06,MANABI,JUNIN,001267,LOS CASADOS,CENTRO DE SALUD A,1,ENFERMERIA,25,-0.908012383240042,-80.2671133515232
461,Z04,13D06,MANABI,JUNIN,001268,AGUA FRIA,CENTRO DE SALUD A,1,ENFERMERIA,25,-0.910569771312155,-80.1713469992525
462,Z04,13D06,MANABI,JUNIN,001269,GUAYABALES,CENTRO DE SALUD A,1,ENFERMERIA,25,-0.993379038285314,-80.132844472268
463,Z04,13D06,MANABI,BOLIVAR,001271,SAN BARTOLO,CENTRO DE SALUD A,2,ENFERMERIA,25,-0.847495642044646,-80.1573235803581
464,Z04,13D06,MANABI,BOLIVAR,001272,INES MORENO,CENTRO DE SALUD A,2,ENFERMERIA,25,-0.845526081577722,-80.169006786964
465,Z04,13D06,MANABI,BOLIVAR,001273,MATA PALO,CENTRO DE SALUD A,1,ENFERMERIA,25,-0.897181491510562,-80.1338389106027
466,Z04,13D06,MANABI,BOLIVAR,001274,CAÑA TIGRE,CENTRO DE SALUD A,1,ENFERMERIA,25,-0.96032511244952,-80.004728063066
467,Z04,13D06,MANABI,BOLIVAR,001275,QUIROGA,CENTRO DE SALUD A,2,ENFERMERIA,25,-0.883739178435771,-80.0978232243162
468,Z04,13D06,MANABI,BOLIVAR,001276,MEMBRILLO,CENTRO DE SALUD A,2,ENFERMERIA,25,-0.847845363311935,-79.9269916749011
469,Z04,13D06,MANABI,PICHINCHA,001403,EL DESVIO,CENTRO DE SALUD A,1,ENFERMERIA,25,-1.03951218757695,-79.9201210786566
470,Z04,13D06,MANABI,PICHINCHA,001404,BARRAGANETE,CENTRO DE SALUD A,2,ENFERMERIA,25,-0.777260020046138,-79.6971851214919
471,Z04,13D06,MANABI,PICHINCHA,001405,SAN SEBASTIAN,CENTRO DE SALUD A,1,ENFERMERIA,25,-1.05254213646446,-80.0140914203474
472,Z04,13D06,MANABI,BOLIVAR,001406,SAN PABLO,CENTRO DE SALUD A,1,ENFERMERIA,25,-0.993037601289881,-80.0434604329881
473,Z04,13D07,MANABI,CHONE,001243,CANUTO,CENTRO DE SALUD A,2,ENFERMERIA,25,-0.801399144089345,-80.1309485799629
474,Z04,13D07,MANABI,FLAVIO ALFARO,001247,FLAVIO ALFARO,CENTRO DE SALUD B,2,ENFERMERIA,25,-0.405199917063457,-79.905543835352
475,Z04,13D07,MANABI,CHONE,001278,SAN ANTONIO,CENTRO DE SALUD A,2,ENFERMERIA,25,-0.70377892302331,-80.1686389949267
476,Z04,13D07,MANABI,CHONE,001279,SANTA RITA,CENTRO DE SALUD A,2,ENFERMERIA,26,-0.700541803093368,-80.0802677237761
477,Z04,13D07,MANABI,CHONE,001280,CHIBUNGA,CENTRO DE SALUD A,2,ENFERMERIA,26,-0.099652896591935,-79.8178580563451
478,Z04,13D07,MANABI,CHONE,001281,RICAURTE,CENTRO DE SALUD A,2,ENFERMERIA,26,-0.583758690201031,-80.0408310928833
479,Z04,13D07,MANABI,CHONE,001282,PAVON,CENTRO DE SALUD A,1,ENFERMERIA,26,-0.547800596231039,-80.0400282682112
480,Z04,13D07,MANABI,CHONE,001285,CONVENTO,CENTRO DE SALUD A,2,ENFERMERIA,26,-0.277730716600166,-80.0322611745079
481,Z04,13D07,MANABI,CHONE,001286,CUCUY,CENTRO DE SALUD A,3,ENFERMERIA,26,-0.457344673434741,-80.1453921248405
482,Z04,13D07,MANABI,CHONE,001288,ELOY ALFARO,CENTRO DE SALUD A,2,ENFERMERIA,26,-0.399893530948559,-80.0795589565686
483,Z04,13D07,MANABI,CHONE,001289,NAUSE,CENTRO DE SALUD A,2,ENFERMERIA,26,-0.636783497313886,-79.8505032347417
484,Z04,13D07,MANABI,CHONE,002966,BOYACA,CENTRO DE SALUD A,2,ENFERMERIA,26,-0.56927000207381,-80.1767122101685
485,Z04,13D07,MANABI,CHONE,002979,SAN PEDRO DE ATASCOSO,CENTRO DE SALUD A,1,ENFERMERIA,26,-0.60994,-79.67557
486,Z04,13D09,MANABI,PAJAN,001244,PECHICHAL,PUESTO DE SALUD,1,ENFERMERIA,26,-1.59537293876234,-80.4594088070274
487,Z04,13D09,MANABI,PAJAN,001345,CASCOL,CENTRO DE SALUD A,2,ENFERMERIA,26,-1.66228348782742,-80.4599663410139
488,Z04,13D09,MANABI,PAJAN,001346,CAMPOZANO,CENTRO DE SALUD A,1,ENFERMERIA,26,-1.59188219585812,-80.3992323620098
489,Z04,13D09,MANABI,PAJAN,001347,ESTERO CIEGO,CENTRO DE SALUD A,1,ENFERMERIA,26,-1.6207533709243,-80.3232245155474
490,Z04,13D09,MANABI,PAJAN,001348,GUALE,CENTRO DE SALUD A,1,ENFERMERIA,26,-1.62892879929822,-80.2400226274355
491,Z04,13D09,MANABI,PAJAN,001349,LA BALSA,CENTRO DE SALUD A,1,ENFERMERIA,26,-1.5527703594825,-80.3896697031231
492,Z04,13D09,MANABI,PAJAN,001350,LASCANO,CENTRO DE SALUD A,1,ENFERMERIA,26,-1.53138686929323,-80.2312037851557
493,Z04,13D09,MANABI,PAJAN,001351,PROCEL,CENTRO DE SALUD A,1,ENFERMERIA,26,-1.66380832368467,-80.3847012054006
494,Z04,13D09,MANABI,PAJAN,001352,NUEVA ESPERANZA,CENTRO DE SALUD A,1,ENFERMERIA,26,-1.58963335728959,-80.3522441243397
495,Z04,13D09,MANABI,PAJAN,002978,CENTRO DE SALUD DE PAJAN,CENTRO DE SALUD A,1,ENFERMERIA,27,-1.55660905329648,-80.4320993474453
496,Z04,13D11,MANABI,JAMA,001250,JAMA,CENTRO DE SALUD C,5,ENFERMERIA,27,-0.195577805676601,-80.2681889978146
497,Z04,13D11,MANABI,PEDERNALES,001256,PEDERNALES-24H,CENTRO DE SALUD B,2,ENFERMERIA,27,0.0683159446334354,-80.0543760973536
498,Z04,13D11,MANABI,SUCRE,001287,SAN ISIDRO,CENTRO DE SALUD B,2,ENFERMERIA,27,-0.380826075934791,-80.1866460945051
499,Z04,13D11,MANABI,SAN VICENTE,001290,COMUNA SALINAS,CENTRO DE SALUD A,1,ENFERMERIA,27,-0.645096651321652,-80.296742527862
500,Z04,13D11,MANABI,SAN VICENTE,001291,SAN VICENTE,CENTRO DE SALUD B,1,ENFERMERIA,27,-0.588025187077942,-80.405173778853
501,Z04,13D11,MANABI,SAN VICENTE,001292,CANOA,CENTRO DE SALUD A,2,ENFERMERIA,27,-0.461536724869728,-80.4561666530436
502,Z04,13D11,MANABI,JAMA,001293,LA MOCORA,CENTRO DE SALUD A,3,ENFERMERIA,27,-0.270946775634765,-80.1602902595992
503,Z04,13D11,MANABI,SAN VICENTE,001294,CHITA,CENTRO DE SALUD A,1,ENFERMERIA,27,-0.479366026905204,-80.3307849089463
504,Z04,13D11,MANABI,SUCRE,001295,SAN AGUSTIN KM 20,CENTRO DE SALUD A,1,ENFERMERIA,27,-0.693608572984482,-80.3238036970519
505,Z04,13D11,MANABI,SUCRE,001297,LAS CAÑITAS,CENTRO DE SALUD A,1,ENFERMERIA,27,-0.853042424921446,-80.4666934121701
506,Z04,13D11,MANABI,SUCRE,001341,SAN JACINTO,CENTRO DE SALUD A,1,ENFERMERIA,27,-0.781595836530176,-80.5144788997831
507,Z04,13D11,MANABI,SUCRE,001342,SAN CLEMENTE,CENTRO DE SALUD A,1,ENFERMERIA,27,-0.763555788437488,-80.5110658064286
508,Z04,13D11,MANABI,PEDERNALES,001353,ATAHUALPA,CENTRO DE SALUD A,1,ENFERMERIA,27,-0.0291547501127044,-79.9701564562127
509,Z04,13D11,MANABI,PEDERNALES,001354,CHEVE ARRIBA,CENTRO DE SALUD A,1,ENFERMERIA,27,0.0935044256399991,-79.890402751619
510,Z04,13D11,MANABI,PEDERNALES,001355,COJIMIES,CENTRO DE SALUD B,2,ENFERMERIA,27,0.365369056437615,-80.0376083668458
511,Z04,13D11,MANABI,PEDERNALES,001356,10 DE AGOSTO,CENTRO DE SALUD A,3,ENFERMERIA,27,-0.143733767316212,-80.0716350811647
512,Z04,13D11,MANABI,SUCRE,002780,FANCA,PUESTO DE SALUD,1,ENFERMERIA,27,-0.645456090202901,-80.4201215029588
513,Z04,13D11,MANABI,SUCRE,002782,LOS CARAS,PUESTO DE SALUD,1,ENFERMERIA,27,-0.678433902213725,-80.3651270468915
514,Z04,13D12,MANABI,TOSAGUA,001246,CENTRO DE SALUD TIPO C DR. ARNALDO CALDERON COELLO,CENTRO DE SALUD C,2,ENFERMERIA,28,-0.78354384988244,-80.2331935265531
515,Z04,13D12,MANABI,TOSAGUA,001270,LA ESTANCILLA,CENTRO DE SALUD A,2,ENFERMERIA,28,-0.805179250283876,-80.2134725035587
516,Z04,13D12,MANABI,TOSAGUA,001277,EL RECREO - SAN MIGUEL,CENTRO DE SALUD A,1,ENFERMERIA,28,-0.784726689272697,-80.221097129687
517,Z04,13D12,MANABI,ROCAFUERTE,001338,RESBALON,CENTRO DE SALUD A,1,ENFERMERIA,28,-0.964468248610844,-80.437080908456
518,Z04,13D12,MANABI,ROCAFUERTE,001339,FRUTILLO,CENTRO DE SALUD A,2,ENFERMERIA,28,-0.88068434891559,-80.492663215321
519,Z04,13D12,MANABI,ROCAFUERTE,001340,VALDEZ,CENTRO DE SALUD A,1,ENFERMERIA,28,-0.951722253340196,-80.4432933840566
520,Z04,13D12,MANABI,ROCAFUERTE,001343,SAN ELOY,CENTRO DE SALUD A,1,ENFERMERIA,28,-0.881068033972166,-80.455140678032
521,Z04,13D12,MANABI,ROCAFUERTE,001344,PUEBLITO,CENTRO DE SALUD A,2,ENFERMERIA,28,-0.911922657200727,-80.4873562799077
522,Z04,13D12,MANABI,TOSAGUA,001407,CERRO VERDE,CENTRO DE SALUD A,2,ENFERMERIA,28,-0.766663946286871,-80.3465477087378
523,Z04,13D12,MANABI,TOSAGUA,001408,BACHILLERO,CENTRO DE SALUD A,2,ENFERMERIA,28,-0.773433079033445,-80.2016699492722
524,Z04,13D12,MANABI,ROCAFUERTE,004443,CENTRO DE SALUD DE ROCAFUERTE,CENTRO DE SALUD B,2,ENFERMERIA,28,-0.93128,-80.448521
525,Z04,23D01 SANTO DOMINGO,DOMINGO DE LOS TSACHILAS,SANTO DOMINGO,002049,SAN GABRIEL DEL BABA,CENTRO DE SALUD A,1,ENFERMERIA,28,-0.304156358363787,-79.1536451266437
526,Z04,23D01 SANTO DOMINGO,DOMINGO DE LOS TSACHILAS,SANTO DOMINGO,002050,NUEVA AURORA,CENTRO DE SALUD A,2,ENFERMERIA,28,-0.291452883519363,-79.2177361453263
527,Z04,23D01 SANTO DOMINGO,DOMINGO DE LOS TSACHILAS,SANTO DOMINGO,002056,LAS DELICIAS,CENTRO DE SALUD A,1,ENFERMERIA,28,-0.262486956110333,-79.4063007637623
528,Z04,23D01 SANTO DOMINGO,DOMINGO DE LOS TSACHILAS,SANTO DOMINGO,002062,NUEVO ISRAEL,CENTRO DE SALUD A,2,ENFERMERIA,28,-0.237600355060597,-79.3459906235703
529,Z04,23D01 SANTO DOMINGO,DOMINGO DE LOS TSACHILAS,SANTO DOMINGO,002063,JUAN EULOGIO PAZ Y MIÑO,CENTRO DE SALUD A,2,ENFERMERIA,28,-0.223402195353209,-79.1947776444426
530,Z04,23D01 SANTO DOMINGO,DOMINGO DE LOS TSACHILAS,SANTO DOMINGO,002064,LIBERTAD DEL TOACHI,CENTRO DE SALUD A,2,ENFERMERIA,28,-0.210660141056988,-79.1126197927217
531,Z04,23D01 SANTO DOMINGO,DOMINGO DE LOS TSACHILAS,SANTO DOMINGO,002065,LAS MERCEDES,CENTRO DE SALUD A,2,ENFERMERIA,28,-0.183984480043896,-79.0235966821212
532,Z04,23D01 SANTO DOMINGO,DOMINGO DE LOS TSACHILAS,SANTO DOMINGO,002066,VALLE HERMOSO,CENTRO DE SALUD A,2,ENFERMERIA,28,-0.0880989378966629,-79.2797364335102
533,Z04,23D01 SANTO DOMINGO,DOMINGO DE LOS TSACHILAS,SANTO DOMINGO,002067,SAN JACINTO DEL BUA,CENTRO DE SALUD A,2,ENFERMERIA,29,-0.14674344494335,-79.3911035555066
534,Z04,23D01 SANTO DOMINGO,DOMINGO DE LOS TSACHILAS,SANTO DOMINGO,002068,ALLURIQUIN,CENTRO DE SALUD B,2,ENFERMERIA,29,-0.323993222479417,-78.998400432612
535,Z04,23D01 SANTO DOMINGO,DOMINGO DE LOS TSACHILAS,SANTO DOMINGO,002070,SAN VICENTE DEL NILA,CENTRO DE SALUD A,1,ENFERMERIA,29,-0.496663982257105,-79.4322924774018
536,Z04,23D01 SANTO DOMINGO,DOMINGO DE LOS TSACHILAS,SANTO DOMINGO,002071,LUZ DE AMERICA,CENTRO DE SALUD B,1,ENFERMERIA,29,-0.405058758999882,-79.3007427741444
537,Z04,23D01 SANTO DOMINGO,DOMINGO DE LOS TSACHILAS,SANTO DOMINGO,002072,EL ESFUERZO,CENTRO DE SALUD A,2,ENFERMERIA,29,-0.414937700134002,-79.2760016600787
538,Z04,23D01 SANTO DOMINGO,DOMINGO DE LOS TSACHILAS,SANTO DOMINGO,002073,SANTA MARIA DEL TOACHI,CENTRO DE SALUD A,2,ENFERMERIA,29,-0.63833358455973,-79.2293269875806
539,Z04,23D01 SANTO DOMINGO,DOMINGO DE LOS TSACHILAS,SANTO DOMINGO,002074,PUERTO LIMON,CENTRO DE SALUD A,2,ENFERMERIA,29,-0.384661775776842,-79.3707883975315
540,Z04,23D01 SANTO DOMINGO,DOMINGO DE LOS TSACHILAS,LA CONCORDIA,002077,MONTERREY,CENTRO DE SALUD A,1,ENFERMERIA,29,-0.0293663981060252,-79.4929893625453
541,Z04,23D01 SANTO DOMINGO,DOMINGO DE LOS TSACHILAS,LA CONCORDIA,002078,PLAN PILOTO,CENTRO DE SALUD A,1,ENFERMERIA,29,-0.07257591890094,-79.3923022802963
542,Z04,23D01 SANTO DOMINGO,DOMINGO DE LOS TSACHILAS,LA CONCORDIA,002079,LA VILLEGAS,CENTRO DE SALUD A,1,ENFERMERIA,29,-0.059548,-79.443984
543,Z04,23D01 SANTO DOMINGO,DOMINGO DE LOS TSACHILAS,LA CONCORDIA,002740,ALIANZA,CENTRO DE SALUD A,1,ENFERMERIA,29,0.00433196318100794,-79.4004423401591
544,Z04,23D01 SANTO DOMINGO,DOMINGO DE LOS TSACHILAS,SANTO DOMINGO,002795,15 DE SEPTIEMBRE,CENTRO DE SALUD A,2,ENFERMERIA,29,-0.273880618125523,-79.2050915468183
545,Z04,23D01 SANTO DOMINGO,DOMINGO DE LOS TSACHILAS,SANTO DOMINGO,002796,PLAN DE VIVIENDA,CENTRO DE SALUD A,1,ENFERMERIA,29,-0.2602174587096,-79.2091176490711
546,Z04,23D01 SANTO DOMINGO,DOMINGO DE LOS TSACHILAS,SANTO DOMINGO,020911,CONGOMA,PUESTO DE SALUD,1,ENFERMERIA,29,-0.3512610,-79.2909500
547,Z04,23D01 SANTO DOMINGO,DOMINGO DE LOS TSACHILAS,SANTO DOMINGO,020912,JULIO MORENO,PUESTO DE SALUD,1,ENFERMERIA,29,-0.321239,-79.165589
548,Z04,COORDINACION ZONAL 4,MANABI,PORTOVIEJO,001260,ABDON CALDERON,CENTRO DE SALUD B,2,ENFERMERIA,29,-1.03077245522746,-80.3425642011766
549,Z04,COORDINACION ZONAL 4,MANABI,PORTOVIEJO,001261,RIOCHICO,CENTRO DE SALUD A,2,ENFERMERIA,29,-0.99426516107886,-80.4175817460969
550,Z04,COORDINACION ZONAL 4,MANABI,PORTOVIEJO,001357,LOS ANGELES DE COLON,CENTRO DE SALUD A,1,ENFERMERIA,29,-1.09695433357681,-80.4114690168472
551,Z04,COORDINACION ZONAL 4,MANABI,PORTOVIEJO,001358,EL RODEO,CENTRO DE SALUD A,1,ENFERMERIA,29,-1.02093849246024,-80.386973983675
552,Z04,COORDINACION ZONAL 4,MANABI,PORTOVIEJO,001361,COLON,CENTRO DE SALUD A,2,ENFERMERIA,30,-1.11009980221715,-80.4138122876403
553,Z04,COORDINACION ZONAL 4,MANABI,PORTOVIEJO,001369,MEJIA,CENTRO DE SALUD A,2,ENFERMERIA,30,-0.988791506791672,-80.4692347271682
554,Z04,COORDINACION ZONAL 4,MANABI,PORTOVIEJO,001371,CRUCITA,CENTRO DE SALUD A,2,ENFERMERIA,30,-0.876899916968193,-80.5406298587466
555,Z04,COORDINACION ZONAL 4,MANABI,PORTOVIEJO,001372,LOS ARENALES,CENTRO DE SALUD A,2,ENFERMERIA,30,-0.85615434980541,-80.5340805070612
556,Z04,COORDINACION ZONAL 4,MANABI,PORTOVIEJO,001373,ALHAJUELA,CENTRO DE SALUD A,2,ENFERMERIA,30,-1.05346584161991,-80.2805450324591
557,Z04,COORDINACION ZONAL 4,MANABI,PORTOVIEJO,001374,CAÑALES,PUESTO DE SALUD,1,ENFERMERIA,30,-1.02122565837336,-80.211448333282
558,Z04,COORDINACION ZONAL 4,MANABI,PORTOVIEJO,001375,CHIRIJO,CENTRO DE SALUD A,1,ENFERMERIA,30,-1.03163612751654,-80.2403761251338
559,Z04,COORDINACION ZONAL 4,MANABI,PORTOVIEJO,001376,PUEBLO NUEVO,CENTRO DE SALUD A,1,ENFERMERIA,30,-0.98421117461819,-80.3080258241296
560,Z04,COORDINACION ZONAL 4,MANABI,PORTOVIEJO,001377,SAN PLACIDO,CENTRO DE SALUD A,1,ENFERMERIA,30,-1.06054069204102,-80.244638230296
561,Z04,COORDINACION ZONAL 4,MANABI,PORTOVIEJO,001378,LA BALSITA,CENTRO DE SALUD A,2,ENFERMERIA,30,-1.00062091488605,-80.3947610533328
562,Z04,COORDINACION ZONAL 4,MANABI,PORTOVIEJO,001379,LA ENCANTADA,CENTRO DE SALUD A,1,ENFERMERIA,30,-0.995860517062598,-80.3387066157442
563,Z04,COORDINACION ZONAL 4,MANABI,PORTOVIEJO,001382,PALMAS JUNTAS,CENTRO DE SALUD A,2,ENFERMERIA,30,-1.06625678476237,-80.1371656243624
564,Z04,COORDINACION ZONAL 4,MANABI,PORTOVIEJO,001383,PIMPIGUASI,CENTRO DE SALUD A,1,ENFERMERIA,30,-1.01427642774742,-80.3681372050211
565,Z04,COORDINACION ZONAL 4,MANABI,PORTOVIEJO,001384,ESTANCIA VIEJA,CENTRO DE SALUD A,2,ENFERMERIA,30,-1.13617063876434,-80.4038663413293
566,Z04,COORDINACION ZONAL 4,MANABI,PORTOVIEJO,001386,KM 90,PUESTO DE SALUD,1,ENFERMERIA,30,-1.02564781816718,-80.07170588987
567,Z04,COORDINACION ZONAL 4,MANABI,PORTOVIEJO,002730,SAN PEDRO,CENTRO DE SALUD A,1,ENFERMERIA,30,-1.08125246400318,-80.5343373790388
568,Z05,02D01,BOLIVAR,GUARANDA,000110,CHAZO JUAN,CENTRO DE SALUD A,1,ENFERMERIA,30,-1.39585247424134,-79.1490293837234
569,Z05,02D01,BOLIVAR,GUARANDA,000111,LA PALMA,CENTRO DE SALUD A,2,ENFERMERIA,30,-1.35051883933563,-79.1562608755993
570,Z05,02D03,BOLIVAR,SAN MIGUEL,000112,LAS GUARDIAS,CENTRO DE SALUD A,1,ENFERMERIA,30,-1.82687880363014,-79.1467619186431
571,Z05,02D04,BOLIVAR,CALUMA,000113,CHARQUIYACU,CENTRO DE SALUD A,2,ENFERMERIA,31,-1.58035395933977,-79.2189003320978
572,Z05,02D01,BOLIVAR,GUARANDA,000114,SAN LUIS DE PAMBIL,CENTRO DE SALUD A,1,ENFERMERIA,31,-1.23600659645475,-79.2396374727101
573,Z05,02D04,BOLIVAR,LAS NAVES,000116,LAS NAVES,CENTRO DE SALUD A,2,ENFERMERIA,31,-1.28221186319268,-79.3133005582564
574,Z05,02D04,BOLIVAR,ECHEANDIA,000117,CENTRO DE SALUD ECHEANDIA,CENTRO DE SALUD C,2,ENFERMERIA,31,-1.4346734713553,-79.2774772561222
575,Z05,02D04,BOLIVAR,ECHEANDIA,000119,SABANETILLAS,PUESTO DE SALUD,1,ENFERMERIA,31,-1.47461594467843,-79.311233189237
576,Z05,02D01,BOLIVAR,GUARANDA,000120,FACUNDO VELA,CENTRO DE SALUD A,2,ENFERMERIA,31,-1.20535784174017,-79.064478049806
577,Z05,02D01,BOLIVAR,GUARANDA,000121,TALAHUA,CENTRO DE SALUD A,1,ENFERMERIA,31,-1.29889846577343,-79.0185293522567
578,Z05,02D01,BOLIVAR,GUARANDA,000122,SIMIATUG,CENTRO DE SALUD B,2,ENFERMERIA,31,-1.28973784640481,-78.9601171346544
579,Z05,02D01,BOLIVAR,GUARANDA,000123,SALINAS,CENTRO DE SALUD A,1,ENFERMERIA,31,-1.40513917538934,-79.0176975058986
580,Z05,02D01,BOLIVAR,GUARANDA,000124,QUINUACORRAL,PUESTO DE SALUD,1,ENFERMERIA,31,-1.50610171343738,-78.9707022992546
581,Z05,02D01,BOLIVAR,GUARANDA,000125,CUATRO ESQUINAS,CENTRO DE SALUD A,2,ENFERMERIA,31,-1.5282031338283,-78.9939331175335
582,Z05,02D01,BOLIVAR,GUARANDA,000127,SAN JUAN DE LLULLUNDONGO,CENTRO DE SALUD A,2,ENFERMERIA,31,-1.54409188438311,-79.0350945498267
583,Z05,02D01,BOLIVAR,GUARANDA,000128,GUANUJO,CENTRO DE SALUD A,1,ENFERMERIA,31,-1.559421,-79.011043
584,Z05,02D01,BOLIVAR,GUARANDA,000129,LOS TRIGALES,CENTRO DE SALUD B,2,ENFERMERIA,31,-1.58202005640852,-79.0041607122242
585,Z05,02D03,BOLIVAR,SAN MIGUEL,000131,BALSAPAMBA,CENTRO DE SALUD A,2,ENFERMERIA,31,-1.76642751887706,-79.1807463426179
586,Z05,02D03,BOLIVAR,SAN MIGUEL,000132,SAN PABLO,CENTRO DE SALUD A,2,ENFERMERIA,31,-1.81513959662664,-79.0675237439117
587,Z05,02D03,BOLIVAR,CHIMBO,000134,ASUNCION,CENTRO DE SALUD A,1,ENFERMERIA,31,-1.66474088536071,-79.0380792822915
588,Z05,02D03,BOLIVAR,CHIMBO,000135,MAGDALENA (CHAPOCOTO),CENTRO DE SALUD A,1,ENFERMERIA,31,-1.66364774913954,-79.0663211323306
589,Z05,02D03,BOLIVAR,CHIMBO,000136,TELIMBELA,CENTRO DE SALUD A,1,ENFERMERIA,31,-1.66682360896936,-79.1719803747457
590,Z05,02D04,BOLIVAR,CALUMA,000138,PITA,PUESTO DE SALUD,1,ENFERMERIA,32,-1.62964692784674,-79.3026090124218
591,Z05,02D04,BOLIVAR,CALUMA,000139,CENTRO DE SALUD CALUMA,CENTRO DE SALUD C,2,ENFERMERIA,32,-1.62698289992462,-79.2543010608507
592,Z05,02D01,BOLIVAR,GUARANDA,000140,JULIO MORENO (CATANAHUAN G.),CENTRO DE SALUD A,1,ENFERMERIA,32,-1.591413,-79.032649
593,Z05,02D01,BOLIVAR,GUARANDA,000141,SANTA FE,CENTRO DE SALUD A,1,ENFERMERIA,32,-1.61418821536019,-79.0109940543476
594,Z05,02D03,BOLIVAR,SAN MIGUEL,000142,QUISACOTO,CENTRO DE SALUD A,1,ENFERMERIA,32,-1.80172702948385,-79.0144313708417
595,Z05,02D03,BOLIVAR,SAN MIGUEL,000143,SAN VICENTE,CENTRO DE SALUD A,1,ENFERMERIA,32,-1.7149416681468,-79.0207499555466
596,Z05,02D03,BOLIVAR,SAN MIGUEL,000144,SANTIAGO,CENTRO DE SALUD A,1,ENFERMERIA,32,-1.70044208862314,-78.9979692724025
597,Z05,02D01,BOLIVAR,GUARANDA,000145,SAN LORENZO,CENTRO DE SALUD A,1,ENFERMERIA,32,-1.67630829438101,-78.996475499655
598,Z05,02D01,BOLIVAR,GUARANDA,000146,SAN SIMON,CENTRO DE SALUD A,1,ENFERMERIA,32,-1.64095763937021,-78.989808358212
599,Z05,02D03,BOLIVAR,CHILLANES,000147,CAPILLA DE PACAY,CENTRO DE SALUD A,1,ENFERMERIA,32,-1.98357643303436,-79.0766200835629
600,Z05,02D03,BOLIVAR,CHILLANES,000148,UNDUSHI,PUESTO DE SALUD,1,ENFERMERIA,32,-1.98752913790158,-79.1325696923765
601,Z05,02D03,BOLIVAR,CHILLANES,000149,BOLA DE ORO,PUESTO DE SALUD,1,ENFERMERIA,32,-1.92829610173723,-79.0165719810539
602,Z05,02D03,BOLIVAR,CHILLANES,000151,COLOMBIA ALTA,CENTRO DE SALUD A,1,ENFERMERIA,32,-2.0135222385589,-79.2258056691616
603,Z05,02D03,BOLIVAR,CHILLANES,000152,SANTA ROSA DE AGUA CLARA,CENTRO DE SALUD A,1,ENFERMERIA,32,-2.19943187533799,-79.1141980209011
604,Z05,02D03,BOLIVAR,SAN MIGUEL,000153,REGULO DE MORA,CENTRO DE SALUD A,2,ENFERMERIA,32,-1.87643810565057,-79.1873222907435
605,Z05,02D01,BOLIVAR,GUARANDA,000155,VINCHOA,CENTRO DE SALUD A,2,ENFERMERIA,32,-1.60289787549535,-78.9862880008543
606,Z05,02D03,BOLIVAR,CHIMBO,000156,CENTRO DE SALUD CHIMBO,CENTRO DE SALUD A,1,ENFERMERIA,32,-1.681572192208,-79.0264673583
607,Z05,02D03,BOLIVAR,CHILLANES,000157,MATAPALO CERRITOS,PUESTO DE SALUD,1,ENFERMERIA,32,-1.89660244274,-79.1016968285
608,Z05,09D21,GUAYAS,SIMON BOLIVAR,000725,MATA DE PLATANO,CENTRO DE SALUD A,2,ENFERMERIA,32,-2.0382401809696,-79.5040333710392
609,Z05,09D21,GUAYAS,NARANJITO,000728,PRIMAVERA,CENTRO DE SALUD A,1,ENFERMERIA,33,-2.16728257387096,-79.3577011717531
610,Z05,09D19,GUAYAS,SANTA LUCIA,000730,PORVENIR,CENTRO DE SALUD A,2,ENFERMERIA,33,-1.70505309014553,-80.018155789169
611,Z05,09D19,GUAYAS,SANTA LUCIA,000731,PINAL DE ARRIBA,CENTRO DE SALUD A,1,ENFERMERIA,33,-1.78919733221309,-80.01691645556
612,Z05,09D21,GUAYAS,ALFREDO BAQUERIZO MORENO,000817,ALFREDO BAQUERIZO MORENO,CENTRO DE SALUD B,2,ENFERMERIA,33,-1.89204048283815,-79.5551111199024
613,Z05,09D21,GUAYAS,SIMON BOLIVAR,000818,SIMON BOLIVAR,CENTRO DE SALUD B,1,ENFERMERIA,33,-2.00030897074959,-79.4841842371134
614,Z05,09D21,GUAYAS,SAN JACINTO DE YAGUACHI,000819,TRES POSTES,CENTRO DE SALUD A,1,ENFERMERIA,33,-1.98725785914381,-79.6059999268475
615,Z05,09D21,GUAYAS,ALFREDO BAQUERIZO MORENO,000820,LIBERTAD DE ÑAUZA,CENTRO DE SALUD A,2,ENFERMERIA,33,-1.945178721808,-79.601144713902
616,Z05,09D21,GUAYAS,SIMON BOLIVAR,000821,SANTO DOMINGO,CENTRO DE SALUD A,1,ENFERMERIA,33,-2.0237284749646,-79.4603324840465
617,Z05,09D21,GUAYAS,SIMON BOLIVAR,000822,LORENZO DE GARAICOA,CENTRO DE SALUD A,2,ENFERMERIA,33,-2.06359177255059,-79.4304053599324
618,Z05,09D21,GUAYAS,SIMON BOLIVAR,000823,RIO CHICO,CENTRO DE SALUD A,1,ENFERMERIA,33,-2.05905930905045,-79.3662643916966
619,Z05,09D21,GUAYAS,SIMON BOLIVAR,000825,INES MARIA,CENTRO DE SALUD A,1,ENFERMERIA,33,-2.09837443430152,-79.3015666625192
620,Z05,09D12,GUAYAS,BALAO,000826,BALAO,CENTRO DE SALUD B,2,ENFERMERIA,33,-2.90985021826179,-79.8132848993452
621,Z05,09D13,GUAYAS,COLIMES,000829,COLIMES,CENTRO DE SALUD B,2,ENFERMERIA,33,-1.54363453089544,-80.0108180731481
622,Z05,09D13,GUAYAS,BALZAR,000830,CERRITOS,CENTRO DE SALUD A,1,ENFERMERIA,33,-1.47080134671081,-79.9230899637972
623,Z05,09D13,GUAYAS,BALZAR,000831,LA GUAYAQUIL,CENTRO DE SALUD A,2,ENFERMERIA,33,-1.18626272157826,-79.7554385502654
624,Z05,09D19,GUAYAS,DAULE,000834,LIMONAL,CENTRO DE SALUD A,2,ENFERMERIA,33,-1.79435760524254,-80.0078430111915
625,Z05,09D19,GUAYAS,DAULE,000835,GUARUMAL,CENTRO DE SALUD A,2,ENFERMERIA,33,-1.8297846533891,-79.9354195112697
626,Z05,09D19,GUAYAS,DAULE,000836,LAUREL,CENTRO DE SALUD A,2,ENFERMERIA,33,-1.78889886118017,-79.9058049790759
627,Z05,09D19,GUAYAS,DAULE,000837,YURIMA,CENTRO DE SALUD A,1,ENFERMERIA,33,-1.80695462243768,-79.9221911943368
628,Z05,09D19,GUAYAS,DAULE,000838,JUAN BAUTISTA AGUIRRE,CENTRO DE SALUD A,2,ENFERMERIA,34,-1.87684784349548,-79.861935176427
629,Z05,09D19,GUAYAS,DAULE,000839,LAS LOJAS,CENTRO DE SALUD A,3,ENFERMERIA,34,-2.01359602232084,-79.9413833884275
630,Z05,09D19,GUAYAS,NOBOL,000840,NOBOL,CENTRO DE SALUD B,2,ENFERMERIA,34,-1.908853,-80.017035
631,Z05,09D15,GUAYAS,EL EMPALME,000851,LA GUAYAS,CENTRO DE SALUD A,3,ENFERMERIA,34,-0.980954912797235,-79.5720545118475
632,Z05,09D13,GUAYAS,BALZAR,000852,LOS CHONEROS,CENTRO DE SALUD A,1,ENFERMERIA,34,-1.13346576169913,-79.8407615174949
633,Z05,09D15,GUAYAS,EL EMPALME,000853,EL LIMON,CENTRO DE SALUD A,3,ENFERMERIA,34,-1.03498923733628,-79.6606466283986
634,Z05,COORDINACION ZONAL 5,GUAYAS,MILAGRO,000858,LOS MONOS,CENTRO DE SALUD A,2,ENFERMERIA,34,-2.19380313768598,-79.5920800385241
635,Z05,COORDINACION ZONAL 5,GUAYAS,MILAGRO,000860,CARRIZAL,CENTRO DE SALUD A,2,ENFERMERIA,34,-2.05335537707919,-79.5358510790369
636,Z05,COORDINACION ZONAL 5,GUAYAS,MILAGRO,000861,MARISCAL SUCRE,CENTRO DE SALUD A,2,ENFERMERIA,34,-2.11115278274257,-79.5030838567895
637,Z05,COORDINACION ZONAL 5,GUAYAS,MILAGRO,000862,ROBERTO ASTUDILLO,CENTRO DE SALUD A,2,ENFERMERIA,34,-2.18413534211759,-79.5179994532509
638,Z05,09D12,GUAYAS,NARANJAL,000863,SAN CARLOS,CENTRO DE SALUD A,2,ENFERMERIA,34,-2.52179346272668,-79.4754060445546
639,Z05,09D12,GUAYAS,NARANJAL,000864,VILLA NUEVA,CENTRO DE SALUD A,1,ENFERMERIA,34,-2.5978014344692,-79.6023242888976
640,Z05,09D12,GUAYAS,NARANJAL,000865,JESUS MARIA,CENTRO DE SALUD A,2,ENFERMERIA,34,-2.5669506119293,-79.5456216794459
641,Z05,09D12,GUAYAS,NARANJAL,000866,TAURA,CENTRO DE SALUD A,2,ENFERMERIA,34,-2.31039955897995,-79.7306087106261
642,Z05,09D21,GUAYAS,CORONEL MARCELINO MARIDUEÑA,000868,MARCELINO MARIDUEÑA,CENTRO DE SALUD A,1,ENFERMERIA,34,-2.21083340876352,-79.4388053076661
643,Z05,09D21,GUAYAS,NARANJITO,000869,BARRAGANETAL,CENTRO DE SALUD A,1,ENFERMERIA,34,-2.17508109116602,-79.2955854476791
644,Z05,09D21,GUAYAS,GENERAL ANTONIO ELIZALDE,000870,MATILDE ESTHER,CENTRO DE SALUD A,2,ENFERMERIA,34,-2.10544205982884,-79.2410922508196
645,Z05,09D14,GUAYAS,PEDRO CARBO,000871,MATERNO INFANTIL PEDRO CARBO,CENTRO DE SALUD C,2,ENFERMERIA,34,-1.82221689439638,-80.2236911612722
646,Z05,09D14,GUAYAS,PEDRO CARBO,000873,SABANILLA,CENTRO DE SALUD A,1,ENFERMERIA,34,-1.84526455490162,-80.217945262833
647,Z05,09D14,GUAYAS,PEDRO CARBO,000874,CASCAJAL,CENTRO DE SALUD A,1,ENFERMERIA,35,-1.76281385428617,-80.1717085223467
648,Z05,09D14,GUAYAS,PEDRO CARBO,000876,JERUSALEN,CENTRO DE SALUD A,2,ENFERMERIA,35,-1.70418398536703,-80.2576679617288
649,Z05,09D14,GUAYAS,PEDRO CARBO,000877,VALLE DE LA VIRGEN,CENTRO DE SALUD A,2,ENFERMERIA,35,-1.74460472339952,-80.1947757998971
650,Z05,09D14,GUAYAS,PEDRO CARBO,000878,VILLAO,CENTRO DE SALUD A,1,ENFERMERIA,35,-1.83784420546069,-80.3464515868388
651,Z05,09D14,GUAYAS,ISIDRO AYORA,000880,LAS MERCEDES,CENTRO DE SALUD A,1,ENFERMERIA,35,-1.94175742070542,-80.1522050468855
652,Z05,09D22,GUAYAS,PLAYAS,000883,ENGABAO,CENTRO DE SALUD A,2,ENFERMERIA,35,-2.57401043422045,-80.4842978690152
653,Z05,09D19,GUAYAS,SANTA LUCIA,000890,EL MATE,CENTRO DE SALUD A,2,ENFERMERIA,35,-1.77162718605563,-80.0112532771618
654,Z05,09D19,GUAYAS,SANTA LUCIA,000891,BERMEJO DE ABAJO,CENTRO DE SALUD A,2,ENFERMERIA,35,-1.75315452241394,-80.0265363573956
655,Z05,09D13,GUAYAS,PALESTINA,000893,PALESTINA,CENTRO DE SALUD B,2,ENFERMERIA,35,-1.63130217524495,-79.9826049354084
656,Z05,09D20,GUAYAS,SALITRE,000894,GENERAL VERNAZA,CENTRO DE SALUD A,2,ENFERMERIA,35,-1.763130,-79.790988
657,Z05,09D20,GUAYAS,SALITRE,000895,LA VICTORIA,CENTRO DE SALUD A,2,ENFERMERIA,35,-1.89884730389808,-79.7218352781695
658,Z05,09D20,GUAYAS,SALITRE,000896,BUENA SUERTE (ANTES MASTRANTAL),CENTRO DE SALUD A,1,ENFERMERIA,35,-1.76634282862452,-79.8092833039801
659,Z05,09D20,GUAYAS,SALITRE,000897,JUNQUILLAL,CENTRO DE SALUD A,2,ENFERMERIA,35,-1.71854601354026,-79.8657097101409
660,Z05,09D20,GUAYAS,SALITRE,000898,LA VIJA,CENTRO DE SALUD A,1,ENFERMERIA,35,-1.7708367165831,-79.77918522635
661,Z05,09D21,GUAYAS,SAN JACINTO DE YAGUACHI,000901,CONE,CENTRO DE SALUD A,2,ENFERMERIA,35,-2.16784232907669,-79.6477105504864
662,Z05,09D21,GUAYAS,SAN JACINTO DE YAGUACHI,000902,VIRGEN DE FATIMA (KM. 26),CENTRO DE SALUD A,2,ENFERMERIA,35,-2.24817686454393,-79.6476648924952
663,Z05,09D21,GUAYAS,SAN JACINTO DE YAGUACHI,000903,PEDRO J. MONTERO,CENTRO DE SALUD A,2,ENFERMERIA,35,-2.25487709051458,-79.6264846483641
664,Z05,12D01,LOS RIOS,BABAHOYO,001154,JUNTA NUEVA,CENTRO DE SALUD A,1,ENFERMERIA,35,-2.0048049410316,-79.2677799910585
665,Z05,12D01,LOS RIOS,BABAHOYO,001155,ESTERO DE LA PLATA,CENTRO DE SALUD A,1,ENFERMERIA,35,-2.06835807,-79.25549509
666,Z05,12D01,LOS RIOS,BABAHOYO,001156,FORTUNA BAJA,CENTRO DE SALUD A,1,ENFERMERIA,36,-2.11253355387725,-79.2190354676961
667,Z05,12D01,LOS RIOS,BABAHOYO,001160,SAN AGUSTIN,CENTRO DE SALUD A,2,ENFERMERIA,36,-1.88996465290284,-79.5603352976701
668,Z05,12D01,LOS RIOS,BABAHOYO,001168,PUEBLO NUEVO,CENTRO DE SALUD A,1,ENFERMERIA,36,-1.95892417784979,-79.3979400365536
669,Z05,12D01,LOS RIOS,BABAHOYO,001171,CARACOL,CENTRO DE SALUD A,2,ENFERMERIA,36,-1.67117040992659,-79.4625503660121
670,Z05,12D01,LOS RIOS,BABAHOYO,001172,LA CAROLINA,CENTRO DE SALUD A,2,ENFERMERIA,36,-1.78663111131133,-79.628451065565
671,Z05,12D01,LOS RIOS,MONTALVO,001175,GUALBERTO ANDRIUOLI,CENTRO DE SALUD A,2,ENFERMERIA,36,-1.77684746229463,-79.2774063819549
672,Z05,12D01,LOS RIOS,MONTALVO,001176,24 DE MAYO,CENTRO DE SALUD A,2,ENFERMERIA,36,-1.84849998600102,-79.4067242963012
673,Z05,12D01,LOS RIOS,MONTALVO,001177,LA ESMERALDA,CENTRO DE SALUD A,2,ENFERMERIA,36,-1.70205921195659,-79.2755870424253
674,Z05,12D01,LOS RIOS,MONTALVO,001178,LA VITALIA,PUESTO DE SALUD,1,ENFERMERIA,36,-1.8472794593801,-79.2632477716192
675,Z05,12D01,LOS RIOS,MONTALVO,001180,LA CONSTANCIA,PUESTO DE SALUD,2,ENFERMERIA,36,-1.91048836788762,-79.2613338811682
676,Z05,12D03,LOS RIOS,QUEVEDO,001190,SAN CARLOS,CENTRO DE SALUD A,2,ENFERMERIA,36,-1.11983545699238,-79.4368514893596
677,Z05,12D03,LOS RIOS,QUEVEDO,001191,LA ESPERANZA,CENTRO DE SALUD A,2,ENFERMERIA,36,-0.964236101255118,-79.4192914170014
678,Z05,12D03,LOS RIOS,BUENA FE,001192,BUENA FE,CENTRO DE SALUD C,2,ENFERMERIA,36,-0.906146,-79.495599
679,Z05,12D03,LOS RIOS,BUENA FE,001193,PATRICIA PILAR,CENTRO DE SALUD A,2,ENFERMERIA,36,-0.570480899059014,-79.3698912018362
680,Z05,12D03,LOS RIOS,BUENA FE,001194,FUMISA,CENTRO DE SALUD A,2,ENFERMERIA,36,-0.730064264768763,-79.4713416241788
681,Z05,12D03,LOS RIOS,MOCACHE,001195,MOCACHE,CENTRO DE SALUD B,3,ENFERMERIA,36,-1.18600504843647,-79.5101007289918
682,Z05,12D03,LOS RIOS,VALENCIA,001196,VALENCIA,CENTRO DE SALUD B,2,ENFERMERIA,36,-0.952825055576744,-79.347502454149
683,Z05,12D03,LOS RIOS,VALENCIA,001197,EL VERGEL,CENTRO DE SALUD A,2,ENFERMERIA,36,-0.797016648777915,-79.3528621335582
684,Z05,12D03,LOS RIOS,VALENCIA,001198,NUEVA UNION,CENTRO DE SALUD A,2,ENFERMERIA,36,-0.944106441332756,-79.3273102161374
685,Z05,12D03,LOS RIOS,VALENCIA,001199,FEDERICO INTRIAGO,CENTRO DE SALUD A,2,ENFERMERIA,37,-0.801264491438724,-79.4379575808776
686,Z05,12D05,LOS RIOS,VINCES,001201,BALZAR DE VINCES,CENTRO DE SALUD A,1,ENFERMERIA,37,-1.55,-79.755
687,Z05,12D05,LOS RIOS,VINCES,001202,NICARAGUA,CENTRO DE SALUD B,2,ENFERMERIA,37,-1.54892313234932,-79.7495444015781
688,Z05,12D05,LOS RIOS,VINCES,001203,ANTONIO SOTOMAYOR,CENTRO DE SALUD A,1,ENFERMERIA,37,-1.64555719440164,-79.8024004989886
689,Z05,12D05,LOS RIOS,VINCES,001206,MATECITO,CENTRO DE SALUD A,1,ENFERMERIA,37,-1.69706534651268,-79.7525813921618
690,Z05,12D05,LOS RIOS,PALENQUE,001207,PALENQUE,CENTRO DE SALUD B,3,ENFERMERIA,37,-1.43839348590028,-79.7519076671804
691,Z05,12D05,LOS RIOS,PALENQUE,001208,JAUNECHE,CENTRO DE SALUD A,1,ENFERMERIA,37,-1.23927124090605,-79.6712821991829
692,Z05,12D02,LOS RIOS,URDANETA,001209,SALAMPE,CENTRO DE SALUD A,1,ENFERMERIA,37,-1.54262255427952,-79.3701121939645
693,Z05,12D02,LOS RIOS,URDANETA,001210,PIJULLO,CENTRO DE SALUD A,1,ENFERMERIA,37,-1.59087561,-79.39374174
694,Z05,12D02,LOS RIOS,URDANETA,001211,SANTO DOMINGO,PUESTO DE SALUD,1,ENFERMERIA,37,-1.5229522781,-79.34447798884
695,Z05,12D02,LOS RIOS,URDANETA,001212,LA INDUSTRIA,CENTRO DE SALUD A,1,ENFERMERIA,37,-1.55228194125356,-79.3138958832071
696,Z05,12D02,LOS RIOS,URDANETA,001214,LOS SAUCES,CENTRO DE SALUD A,1,ENFERMERIA,37,-1.56406139652252,-79.473082705512
697,Z05,12D02,LOS RIOS,PUEBLOVIEJO,001215,PUEBLO VIEJO,CENTRO DE SALUD B,1,ENFERMERIA,37,-1.55179391797067,-79.5312190299813
698,Z05,12D02,LOS RIOS,PUEBLOVIEJO,001217,PUERTO PECHICHE,CENTRO DE SALUD A,1,ENFERMERIA,37,-1.42584474435403,-79.5616411756931
699,Z05,12D02,LOS RIOS,PUEBLOVIEJO,001218,SAN JUAN,CENTRO DE SALUD A,1,ENFERMERIA,37,-1.62647728621566,-79.5630177466623
700,Z05,12D02,LOS RIOS,PUEBLOVIEJO,001219,NUEVO SAN JUAN,CENTRO DE SALUD A,2,ENFERMERIA,37,-1.63392643693319,-79.5582760371337
701,Z05,12D04,LOS RIOS,VENTANAS,001220,10 DE NOVIEMBRE,CENTRO DE SALUD A,2,ENFERMERIA,37,-1.43353756372096,-79.4589118657257
702,Z05,12D04,LOS RIOS,VENTANAS,001222,ZAPOTAL VIEJO (C. JUMENEZ B),CENTRO DE SALUD B,1,ENFERMERIA,37,-1.35471733162329,-79.4003304699186
703,Z05,12D04,LOS RIOS,VENTANAS,001223,ZAPOTAL NUEVO,CENTRO DE SALUD A,2,ENFERMERIA,37,-1.35891563546473,-79.417014290958
704,Z05,12D04,LOS RIOS,VENTANAS,001226,PASAJE (E. ORTEGA),CENTRO DE SALUD A,1,ENFERMERIA,38,-1.35282303552377,-79.3145918687052
705,Z05,12D04,LOS RIOS,QUINSALOMA,001227,QUINSALOMA,CENTRO DE SALUD B,2,ENFERMERIA,38,-1.20833806799504,-79.3151444925019
706,Z05,12D04,LOS RIOS,QUINSALOMA,001228,ORO VERDE,CENTRO DE SALUD A,1,ENFERMERIA,38,-1.09147010671884,-79.3297409549098
707,Z05,12D01,LOS RIOS,BABA,001229,GUARE,CENTRO DE SALUD A,2,ENFERMERIA,38,-1.67387865525934,-79.7046254130857
708,Z05,12D01,LOS RIOS,BABA,001230,LA CARMELA,CENTRO DE SALUD A,1,ENFERMERIA,38,-1.64419931879323,-79.713956425607
709,Z05,12D01,LOS RIOS,BABA,001231,ISLA DE BEJUCAL,CENTRO DE SALUD A,1,ENFERMERIA,38,-1.677596,-79.64510345
710,Z05,24D02,SANTA ELENA,SALINAS,002086,ANCONCITO,CENTRO DE SALUD A,2,ENFERMERIA,38,-2.31963247812515,-80.8861441666584
711,Z05,24D01,SANTA ELENA,SANTA ELENA,002083,ZAPOTAL,CENTRO DE SALUD A,1,ENFERMERIA,38,-2.31614150149921,-80.5663742090982
712,Z05,24D01,SANTA ELENA,SANTA ELENA,002088,COLONCHE,CENTRO DE SALUD A,2,ENFERMERIA,38,-2.02174243787068,-80.6675472650372
713,Z05,24D01,SANTA ELENA,SANTA ELENA,002089,MANANTIAL DE GUANGALA,CENTRO DE SALUD A,1,ENFERMERIA,38,-1.99837400669641,-80.5885303941706
714,Z05,24D01,SANTA ELENA,SANTA ELENA,002091,VALDIVIA,CENTRO DE SALUD A,1,ENFERMERIA,38,-1.941977,-80.723148
715,Z05,24D01,SANTA ELENA,SANTA ELENA,002098,SAN PABLO,CENTRO DE SALUD A,2,ENFERMERIA,38,-2.14095698876783,-80.7759583836547
716,Z05,24D01,SANTA ELENA,SANTA ELENA,002099,ATAHUALPA,CENTRO DE SALUD A,1,ENFERMERIA,38,-2.31620812151855,-80.773620440051
717,Z05,24D01,SANTA ELENA,SANTA ELENA,002100,CHANDUY,CENTRO DE SALUD A,1,ENFERMERIA,38,-2.40485036174353,-80.6783542158211
718,Z05,24D01,SANTA ELENA,SANTA ELENA,002741,SINCHAL,CENTRO DE SALUD A,2,ENFERMERIA,38,-1.941085,-80.700455
719,Z05,24D01,SANTA ELENA,SANTA ELENA,002917,SAN MARCOS,CENTRO DE SALUD A,1,ENFERMERIA,38,-2.01760433345093,-80.6504540765047
720,Z05,24D01,SANTA ELENA,SANTA ELENA,002918,SAN ANTONIO,CENTRO DE SALUD A,1,ENFERMERIA,38,-1.86957322762743,-80.7335108330413
721,Z05,09D21,GUAYAS,EL TRIUNFO,002115,EL PIEDRERO,CENTRO DE SALUD A,2,ENFERMERIA,38,-2.34338756007171,-79.3065280960295
722,Z05,09D19,GUAYAS,DAULE,002728,LOS NARANJOS,PUESTO DE SALUD,1,ENFERMERIA,38,-1.91761593160574,-79.8898854426852
723,Z05,12D01,LOS RIOS,MONTALVO,002797,SAN JOAQUIN,CENTRO DE SALUD A,2,ENFERMERIA,39,-1.81847965989009,-79.3519532580056
724,Z05,09D19,GUAYAS,SANTA LUCIA,002800,CENTRO DE SALUD MATERNO INFANTIL SANTA LUCIA,CENTRO DE SALUD C,2,ENFERMERIA,39,-1.71655284838773,-79.9882782063173
725,Z05,12D02,LOS RIOS,URDANETA,002870,CENTRO DE SALUD RURAL RICAURTE,CENTRO DE SALUD A,1,ENFERMERIA,39,-1.574920,-79.4632
726,Z05,12D01,LOS RIOS,BABA,002872,CENTRO DE SALUD BABA,CENTRO DE SALUD A,2,ENFERMERIA,39,-1.78500330040797,-79.6778445477278
727,Z05,20D01,GALAPAGOS,ISABELA,002885,PUERTO VILLAMIL,CENTRO DE SALUD A,2,ENFERMERIA,39,-0.957381,-90.967022
728,Z05,20D01,GALAPAGOS,SANTA CRUZ,002886,BELLAVISTA,CENTRO DE SALUD A,1,ENFERMERIA,39,-0.695817,-90.325738
729,Z05,20D01,GALAPAGOS,SAN CRISTOBAL,002888,PROGRESO,CENTRO DE SALUD A,1,ENFERMERIA,39,-0.906027594681347,-89.5562432875272
730,Z05,20D01,GALAPAGOS,SANTA CRUZ,002889,SANTA ROSA,PUESTO DE SALUD,1,ENFERMERIA,39,-0.651676,-90.407613
731,Z05,20D01,GALAPAGOS,ISABELA,002890,SANTO TOMAS,PUESTO DE SALUD,2,ENFERMERIA,39,-0.854158,-91.026499
732,Z05,12D03,LOS RIOS,MOCACHE,002908,AGUAS FRIAS,PUESTO DE SALUD,2,ENFERMERIA,39,-1.29794146435446,-79.4739955560884
733,Z05,20D01,GALAPAGOS,SAN CRISTOBAL,003095,CENTRO DE SALUD SAN CRISTOBAL,CENTRO DE SALUD A,1,ENFERMERIA,39,-0.905152,-89.6153364
734,Z05,20D01,GALAPAGOS,SANTA CRUZ,003096,CENTRO DE SALUD SANTA CRUZ,CENTRO DE SALUD A,2,ENFERMERIA,39,-0.736144,-90.3162723854433
735,Z05,09D15,GUAYAS,EL EMPALME,004445,CENTRO DE SALUD URBANO EL EMPALME,CENTRO DE SALUD B,3,ENFERMERIA,39,-1.050085,-79.644457
736,Z05,02D03,BOLIVAR,SAN MIGUEL,019345,CENTRO DE SALUD SAN MIGUEL,CENTRO DE SALUD A,1,ENFERMERIA,39,-1.7092252568,-79.0444093867
737,Z05,09D19,GUAYAS,DAULE,019537,CENTRO DE SALUD URBANO DAULE,CENTRO DE SALUD A,3,ENFERMERIA,39,-1.870401,-79.980561
738,Z05,09D20,GUAYAS,SALITRE,019539,CENTRO DE SALUD SALITRE,CENTRO DE SALUD A,3,ENFERMERIA,39,-1.830128,-79.8135
739,Z05,09D21,GUAYAS,EL TRIUNFO,019543,CENTRO DE SALUD EL TRIUNFO,CENTRO DE SALUD A,3,ENFERMERIA,39,-2.3327,-79.4049
740,Z05,02D03,BOLIVAR,CHILLANES,020870,CENTRO DE SALUD CHILLANES,CENTRO DE SALUD A,1,ENFERMERIA,39,-1.9460656562,-79.06331549627
741,Z05,09D13,GUAYAS,BALZAR,020938,CENTRO DE SALUD URBANO BALZAR,CENTRO DE SALUD B,2,ENFERMERIA,39,-1.36569,-79.90075
742,Z05,12D04,LOS RIOS,QUINSALOMA,020939,ESTERO DE DAMAS,CENTRO DE SALUD A,1,ENFERMERIA,40,-1.28200,-79.36604
743,Z05,20D01,GALAPAGOS,SANTA CRUZ,020959,CASCAJO,PUESTO DE SALUD,1,ENFERMERIA,40,-0.667792,-90.271242
744,Z06,COORDINACION ZONAL 6,AZUAY,CUENCA,000002,ZHUCAY,PUESTO DE SALUD,2,ENFERMERIA,40,-2.96195290863218,-79.0518269243631
745,Z06,COORDINACION ZONAL 6,AZUAY,CUENCA,000003,GULLANZHAPA,PUESTO DE SALUD,1,ENFERMERIA,40,-2.97972053225032,-78.9968905959759
746,Z06,01D04,AZUAY,GUALACEO,000004,REMIGIO CRESPO,CENTRO DE SALUD A,1,ENFERMERIA,40,-2.914328,-78.7571
747,Z06,01D04,AZUAY,CUENCA,000011,SIDCAY,CENTRO DE SALUD A,2,ENFERMERIA,40,-2.81729553364087,-78.9642117923807
748,Z06,01D04,AZUAY,CUENCA,000012,LLACAO,CENTRO DE SALUD A,1,ENFERMERIA,40,-2.84033924054404,-78.9423570519474
749,Z06,01D04,AZUAY,CUENCA,000013,NULTI,CENTRO DE SALUD A,1,ENFERMERIA,40,-2.86788056431583,-78.9283343405643
750,Z06,01D04,AZUAY,CUENCA,000014,PACCHA,CENTRO DE SALUD A,2,ENFERMERIA,40,-2.90042783995935,-78.9376903932185
751,Z06,01D04,AZUAY,CUENCA,000021,CHIQUINTAD,CENTRO DE SALUD A,1,ENFERMERIA,40,-2.8145541358684,-78.9995188990066
752,Z06,01D04,AZUAY,CUENCA,000022,CHECA,CENTRO DE SALUD A,1,ENFERMERIA,40,-2.80786101378669,-78.9929032238815
753,Z06,01D04,AZUAY,CUENCA,000023,SININCAY,CENTRO DE SALUD B,2,ENFERMERIA,40,-2.8515320702022,-79.0139061298601
754,Z06,01D04,AZUAY,CUENCA,000025,TIXAN,PUESTO DE SALUD,1,ENFERMERIA,40,-2.83331639098562,-78.9948917908522
755,Z06,COORDINACION ZONAL 6,AZUAY,CUENCA,000029,EL VALLE,CENTRO DE SALUD B,4,ENFERMERIA,40,-2.93873804346665,-78.963609517334
756,Z06,COORDINACION ZONAL 6,AZUAY,CUENCA,000030,QUINGEO,CENTRO DE SALUD A,2,ENFERMERIA,40,-3.03544403407096,-78.9350207493505
757,Z06,COORDINACION ZONAL 6,AZUAY,CUENCA,000031,SANTA ANA,CENTRO DE SALUD A,2,ENFERMERIA,40,-2.94015074691767,-78.9209096050644
758,Z06,01D04,AZUAY,GUALACEO,000032,ZHIDMAD,CENTRO DE SALUD A,2,ENFERMERIA,40,-2.92961066788452,-78.8978005595264
759,Z06,01D04,AZUAY,CUENCA,000034,SAN JOAQUIN,CENTRO DE SALUD A,2,ENFERMERIA,40,-2.89673957932064,-79.0497543866759
760,Z06,01D04,AZUAY,CUENCA,000036,SAYAUSI,CENTRO DE SALUD A,2,ENFERMERIA,40,-2.874020,-79.074429
761,Z06,COORDINACION ZONAL 6,AZUAY,CUENCA,000037,TARQUI,CENTRO DE SALUD B,1,ENFERMERIA,41,-3.01457093666556,-79.0338093476906
762,Z06,COORDINACION ZONAL 6,AZUAY,CUENCA,000038,VICTORIA DEL PORTETE,CENTRO DE SALUD A,1,ENFERMERIA,41,-3.05987012953132,-79.06356137039
763,Z06,COORDINACION ZONAL 6,AZUAY,CUENCA,000039,CUMBE,CENTRO DE SALUD A,1,ENFERMERIA,41,-3.0856776912934,-79.0110233866679
764,Z06,COORDINACION ZONAL 6,AZUAY,CUENCA,000040,MOLLETURO,CENTRO DE SALUD B,2,ENFERMERIA,41,-2.7628641693,-79.39264296447
765,Z06,COORDINACION ZONAL 6,AZUAY,CUENCA,000042,SAN GABRIEL CHAUCHA,CENTRO DE SALUD A,1,ENFERMERIA,41,-2.91417722361626,-79.4332395296859
766,Z06,01D04,AZUAY,CHORDELEG,000046,CHORDELEG,CENTRO DE SALUD B,2,ENFERMERIA,41,-2.92051173875516,-78.7744482490582
767,Z06,01D04,AZUAY,GUALACEO,000048,DANIEL CORDOVA,CENTRO DE SALUD A,2,ENFERMERIA,41,-2.87577166987898,-78.7424554144837
768,Z06,01D04,AZUAY,GUALACEO,000049,JADAN,CENTRO DE SALUD A,2,ENFERMERIA,41,-2.88942131235484,-78.8772833880988
769,Z06,01D04,AZUAY,GUALACEO,000050,MARIANO MORENO,CENTRO DE SALUD A,2,ENFERMERIA,41,-2.856190,-78.731021
770,Z06,01D04,AZUAY,GUALACEO,000051,SAN JUAN,CENTRO DE SALUD A,2,ENFERMERIA,41,-2.9653122994105,-78.8136275664218
771,Z06,01D06,AZUAY,SEVILLA DE ORO,000053,SEVILLA DE ORO,CENTRO DE SALUD A,1,ENFERMERIA,41,-2.80261022916204,-78.6553838757578
772,Z06,01D06,AZUAY,GUACHAPALA,000054,GUACHAPALA,CENTRO DE SALUD A,1,ENFERMERIA,41,-2.77286157882958,-78.7153421975868
773,Z06,01D06,AZUAY,EL PAN,000055,EL PAN,CENTRO DE SALUD A,1,ENFERMERIA,41,-2.78871368739019,-78.6675477369016
774,Z06,01D06,AZUAY,SEVILLA DE ORO,000056,AMALUZA,CENTRO DE SALUD A,2,ENFERMERIA,41,-2.61398353605837,-78.5615145613208
775,Z06,01D06,AZUAY,PAUTE,000057,GUARAINAG,CENTRO DE SALUD A,2,ENFERMERIA,41,-2.6608544476225,-78.6328544609866
776,Z06,01D06,AZUAY,SEVILLA DE ORO,000059,PALMAS,CENTRO DE SALUD A,2,ENFERMERIA,41,-2.71950110859943,-78.6324446647699
777,Z06,01D06,AZUAY,PAUTE,000060,SAN CRISTOBAL,CENTRO DE SALUD A,2,ENFERMERIA,41,-2.82714228015919,-78.8401737574802
778,Z06,01D06,AZUAY,EL PAN,000061,SAN VICENTE,CENTRO DE SALUD A,1,ENFERMERIA,41,-2.81142031815463,-78.671647215747
779,Z06,01D06,AZUAY,PAUTE,000062,BULAN,CENTRO DE SALUD A,1,ENFERMERIA,41,-2.73303705243611,-78.7755966991538
780,Z06,01D06,AZUAY,PAUTE,000063,CHICAN,CENTRO DE SALUD A,1,ENFERMERIA,42,-2.82032807836892,-78.7605896419991
781,Z06,01D06,AZUAY,PAUTE,000064,EL CABO,CENTRO DE SALUD A,1,ENFERMERIA,42,-2.85403879790252,-78.7791001646538
782,Z06,01D06,AZUAY,PAUTE,000065,TOMEBAMBA,PUESTO DE SALUD,1,ENFERMERIA,42,-2.7412396380633,-78.6824013446928
783,Z06,01D06,AZUAY,EL PAN,000066,LA MERCED,CENTRO DE SALUD A,1,ENFERMERIA,42,-2.84206628858288,-78.6680259458943
784,Z06,01D06,AZUAY,PAUTE,000067,LAZUL,CENTRO DE SALUD A,1,ENFERMERIA,42,-2.73148541974489,-78.7292832582279
785,Z06,01D03,AZUAY,PUCARA,000068,PUCARA,CENTRO DE SALUD A,2,ENFERMERIA,42,-3.21625155906477,-79.4733249349754
786,Z06,01D03,AZUAY,PUCARA,000069,SAN RAFAEL DE ZHARUG,CENTRO DE SALUD A,2,ENFERMERIA,42,-3.2774981494186,-79.5472262046292
787,Z06,01D03,AZUAY,PUCARA,000070,CHILCAPLAYA,CENTRO DE SALUD A,2,ENFERMERIA,42,-3.31747836536047,-79.5756046802065
788,Z06,01D03,AZUAY,SAN FERNANDO,000071,SAN FERNANDO,CENTRO DE SALUD A,2,ENFERMERIA,42,-3.148160,-79.252056
789,Z06,01D03,AZUAY,SAN FERNANDO,000072,CHUMBLIN,PUESTO DE SALUD,1,ENFERMERIA,42,-3.13337243830672,-79.2426887509576
790,Z06,01D03,AZUAY,GIRON,000073,ASUNCION,CENTRO DE SALUD A,2,ENFERMERIA,42,-3.21038239399611,-79.2594362777511
791,Z06,01D03,AZUAY,GIRON,000074,SAN GERARDO,CENTRO DE SALUD A,1,ENFERMERIA,42,-3.13835228087972,-79.2040073822489
792,Z06,01D03,AZUAY,SANTA ISABEL,000075,ZHAGLLY,CENTRO DE SALUD A,2,ENFERMERIA,42,-3.17090836247457,-79.3859765514266
793,Z06,01D03,AZUAY,SANTA ISABEL,000076,ABDON CALDERON (LA UNION),CENTRO DE SALUD A,2,ENFERMERIA,42,-3.25934245294952,-79.2816025980884
794,Z06,01D08,AZUAY,SIGSIG,000066,LA MERCED (SAN BARTOLOME),CENTRO DE SALUD A,1,ENFERMERIA,42,-2.84206628858288,-78.6680259458943
795,Z06,01D03,AZUAY,NABON,000083,NABON,CENTRO DE SALUD C,2,ENFERMERIA,42,-3.338672,-79.059130
796,Z06,01D03,AZUAY,NABON,000084,ZHIÑA,PUESTO DE SALUD,2,ENFERMERIA,42,-3.28356383808042,-79.0257119022287
797,Z06,01D03,AZUAY,NABON,000085,RAÑAS,PUESTO DE SALUD,2,ENFERMERIA,42,-3.27183781280948,-79.0492145636864
798,Z06,01D03,AZUAY,NABON,000086,COCHAPATA,PUESTO DE SALUD,2,ENFERMERIA,42,-3.39010587495685,-79.0861854002857
799,Z06,01D03,AZUAY,NABON,000087,EL PROGRESO,PUESTO DE SALUD,2,ENFERMERIA,43,-3.34164908583211,-79.2048635569883
800,Z06,01D03,AZUAY,NABON,000088,LAS NIEVES,PUESTO DE SALUD,2,ENFERMERIA,43,-3.34235567332873,-79.114286316459
801,Z06,01D03,AZUAY,OÑA,000090,SUSUDEL,PUESTO DE SALUD,2,ENFERMERIA,43,-3.40546982493889,-79.1847617123928
802,Z06,01D03,AZUAY,CAMILO PONCE ENRIQUEZ,000091,PONCE ENRIQUEZ,CENTRO DE SALUD C,3,ENFERMERIA,43,-3.06132331863751,-79.7451465255075
803,Z06,01D03,AZUAY,CAMILO PONCE ENRIQUEZ,000092,ZHUMIRAL,CENTRO DE SALUD A,1,ENFERMERIA,43,-2.97905855112032,-79.6897411241685
804,Z06,01D03,AZUAY,SANTA ISABEL,000093,CARMEN DE PIJILI,CENTRO DE SALUD A,1,ENFERMERIA,43,-2.96513466293735,-79.5221432509171
805,Z06,01D03,AZUAY,CAMILO PONCE ENRIQUEZ,000094,SAN GERARDO,CENTRO DE SALUD A,1,ENFERMERIA,43,-3.04854518426183,-79.636000226153
806,Z06,01D03,AZUAY,CAMILO PONCE ENRIQUEZ,000096,BELLA RICA,CENTRO DE SALUD A,1,ENFERMERIA,43,-3.07766816890634,-79.708076093504
807,Z06,03D01,CAÑAR,AZOGUES,000167,UCHUPUCUN,PUESTO DE SALUD,1,ENFERMERIA,43,-2.7267475845859,-78.8411922909682
808,Z06,03D01,CAÑAR,AZOGUES,000168,ZHAPACAL,PUESTO DE SALUD,1,ENFERMERIA,43,-2.7573697450456,-78.8370106489734
809,Z06,03D01,CAÑAR,AZOGUES,000172,JAVIER LOYOLA,CENTRO DE SALUD A,2,ENFERMERIA,43,-2.79561982783298,-78.8709722188427
810,Z06,03D01,CAÑAR,AZOGUES,000173,GUAPAN,CENTRO DE SALUD A,1,ENFERMERIA,43,-2.71376789060603,-78.8477513964893
811,Z06,03D01,CAÑAR,AZOGUES,000174,AGUILAN,CENTRO DE SALUD A,1,ENFERMERIA,43,-2.70787634212585,-78.8697973547248
812,Z06,03D01,CAÑAR,AZOGUES,000175,ZHINDILIG,CENTRO DE SALUD A,1,ENFERMERIA,43,-2.7051157885345,-78.8629334691336
813,Z06,03D01,CAÑAR,AZOGUES,000176,BUILL CHACAPAMBA,PUESTO DE SALUD,1,ENFERMERIA,43,-2.71682741706432,-78.8599820062243
814,Z06,03D01,CAÑAR,AZOGUES,000177,COJITAMBO,CENTRO DE SALUD A,1,ENFERMERIA,43,-2.7584961942176,-78.8850195970727
815,Z06,03D01,CAÑAR,AZOGUES,000180,LUIS CORDERO,CENTRO DE SALUD A,1,ENFERMERIA,43,-2.74381555739009,-78.8258508530679
816,Z06,03D01,CAÑAR,AZOGUES,000181,TADAY,CENTRO DE SALUD A,1,ENFERMERIA,43,-2.6402205513099,-78.6918058069782
817,Z06,COORDINACION ZONAL 6,AZUAY,CUENCA,000163,MANTA REAL,PUESTO DE SALUD,1,ENFERMERIA,43,-2.55374502125713,-79.3651333244587
818,Z06,03D01,CAÑAR,AZOGUES,000182,PINDILIG,CENTRO DE SALUD A,1,ENFERMERIA,44,-2.62404941657513,-78.6826220818488
819,Z06,03D01,CAÑAR,AZOGUES,000183,RIVERA,CENTRO DE SALUD A,1,ENFERMERIA,44,-2.57881117378481,-78.6512815348711
820,Z06,03D01,CAÑAR,AZOGUES,000184,SAN MIGUEL,CENTRO DE SALUD A,1,ENFERMERIA,44,-2.79652428681124,-78.8465327880198
821,Z06,03D01,CAÑAR,AZOGUES,000185,JATUMPAMBA,CENTRO DE SALUD A,1,ENFERMERIA,44,-2.8111403600764,-78.8353391004607
822,Z06,03D01,CAÑAR,BIBLIAN,000186,CENTRO DE SALUD DE BIBLIAN,CENTRO DE SALUD B,2,ENFERMERIA,44,-2.70906941109223,-78.8953375020227
823,Z06,03D01,CAÑAR,BIBLIAN,000189,NAZON,CENTRO DE SALUD A,1,ENFERMERIA,44,-2.70310045290053,-78.9098587101374
824,Z06,03D01,CAÑAR,BIBLIAN,000190,NUEVA JERUSALEN,CENTRO DE SALUD A,2,ENFERMERIA,44,-2.69156132972252,-78.9346657169941
825,Z06,03D02,CAÑAR,CAÑAR,000193,QUILLOAC,CENTRO DE SALUD A,1,ENFERMERIA,44,-2.55821317800623,-78.9520912567142
826,Z06,03D02,CAÑAR,CAÑAR,000196,HONORATO VAZQUEZ,CENTRO DE SALUD A,1,ENFERMERIA,44,-2.557211,-78.921278
827,Z06,03D02,CAÑAR,EL TAMBO,000199,CAGUANAPAMBA,PUESTO DE SALUD,1,ENFERMERIA,44,-2.52747491416734,-78.9028231341822
828,Z06,03D02,CAÑAR,EL TAMBO,000200,COYOCTOR,PUESTO DE SALUD,1,ENFERMERIA,44,-2.52777010557193,-78.9120278326436
829,Z06,03D02,CAÑAR,CAÑAR,000201,SIDSID,PUESTO DE SALUD,1,ENFERMERIA,44,-2.53650530068395,-78.8907627788961
830,Z06,03D02,CAÑAR,CAÑAR,000202,INGAPIRCA,CENTRO DE SALUD A,1,ENFERMERIA,44,-2.54586585216185,-78.8762296784886
831,Z06,03D02,CAÑAR,CAÑAR,000203,ZHUYA,CENTRO DE SALUD A,1,ENFERMERIA,44,-2.53515424267168,-79.0368940806386
832,Z06,03D02,CAÑAR,CAÑAR,000204,JUNCAL,PUESTO DE SALUD,1,ENFERMERIA,44,-2.48699849164143,-78.9721143429652
833,Z06,03D02,CAÑAR,CAÑAR,000205,CHARCAY,PUESTO DE SALUD,1,ENFERMERIA,44,-2.48104918876271,-78.9838637149997
834,Z06,03D02,CAÑAR,CAÑAR,000206,CHONTAMARCA,CENTRO DE SALUD A,2,ENFERMERIA,44,-2.44180679135579,-79.0932898414585
835,Z06,03D02,CAÑAR,CAÑAR,000207,CIMIENTOS,PUESTO DE SALUD,2,ENFERMERIA,44,-2.38632503912432,-79.1265387601699
836,Z06,03D02,CAÑAR,CAÑAR,000208,GENERAL MORALES,CENTRO DE SALUD A,1,ENFERMERIA,44,-2.40809611287836,-79.0227428622787
837,Z06,03D02,CAÑAR,CAÑAR,000209,SITINCAY,PUESTO DE SALUD,1,ENFERMERIA,45,-2.38277431886453,-79.0256197456187
838,Z06,03D02,CAÑAR,SUSCAL,000212,SUSCAL,CENTRO DE SALUD A,2,ENFERMERIA,45,-2.4376127921858,-79.0504147692278
839,Z06,03D02,CAÑAR,CAÑAR,000216,SAN ANTONIO DE PAGUANCAY,CENTRO DE SALUD A,2,ENFERMERIA,45,-2.51591660010015,-79.1883493551481
840,Z06,03D03,CAÑAR,LA TRONCAL,000218,CENTRO DE SALUD COCHANCAY,CENTRO DE SALUD A,2,ENFERMERIA,45,-2.46689155792127,-79.3003786993385
841,Z06,03D02,CAÑAR,CAÑAR,000220,ZHUCAY,PUESTO DE SALUD,1,ENFERMERIA,45,-2.51638909704541,-79.3316145113343
842,Z06,03D03,CAÑAR,LA TRONCAL,000222,CENTRO DE SALUD MANUEL DE J CALLE,CENTRO DE SALUD A,1,ENFERMERIA,45,-2.3570329927782,-79.3970646868664
843,Z06,03D03,CAÑAR,LA TRONCAL,000223,PUESTO DE SALUD PANCHO NEGRO,CENTRO DE SALUD A,2,ENFERMERIA,45,-2.5067607264,-79.494372975
844,Z06,03D03,CAÑAR,LA TRONCAL,000224,CENTRO DE SALUD LA PUNTILLA,CENTRO DE SALUD A,2,ENFERMERIA,45,-2.45348037447013,-79.3799583836591
845,Z06,03D02,CAÑAR,CAÑAR,000225,VENTURA,CENTRO DE SALUD A,1,ENFERMERIA,45,-2.24740748570291,-79.1261460850305
846,Z06,03D02,CAÑAR,CAÑAR,000226,CUTUGUAY,PUESTO DE SALUD,1,ENFERMERIA,45,-2.29115236443752,-79.1454612861522
847,Z06,03D03,CAÑAR,LA TRONCAL,000229,CENTRO DE SALUD EL PIEDRERO,CENTRO DE SALUD A,2,ENFERMERIA,45,-2.34379005,-79.30158374
848,Z06,COORDINACION ZONAL 6,AZUAY,CUENCA,000719,JESUS DEL GRAN PODER,PUESTO DE SALUD,1,ENFERMERIA,45,-2.5301248278204,-79.409564981637
849,Z06,COORDINACION ZONAL 6,AZUAY,CUENCA,000720,TAMARINDO,CENTRO DE SALUD A,1,ENFERMERIA,45,-2.61799774518042,-79.4640148398609
850,Z06,COORDINACION ZONAL 6,AZUAY,CUENCA,000721,ABDON CALDERON,CENTRO DE SALUD A,2,ENFERMERIA,45,-2.8995,-79.616225
851,Z06,COORDINACION ZONAL 6,AZUAY,CUENCA,000723,LUZ Y GUIA,PUESTO DE SALUD,1,ENFERMERIA,45,-2.84937807948848,-79.6225161700592
852,Z06,14D04 MORONA,MORONA SANTIAGO,GUALAQUIZA,001434,CHIGUINDA,CENTRO DE SALUD A,2,ENFERMERIA,45,-3.230863,-78.717718
853,Z06,14D01 MORONA,MORONA SANTIAGO,MORONA,001436,KASHPAIM,CENTRO DE SALUD A,1,ENFERMERIA,45,-2.82523714702754,-77.7109530628645
854,Z06,14D06 MORONA,MORONA SANTIAGO,TIWINTZA,001437,KAANCHICO,PUESTO DE SALUD,2,ENFERMERIA,45,-2.87209167783225,-77.8758354925827
855,Z06,14D05 MORONA,MORONA SANTIAGO,TAISHA,001438,WASAKENTSA,CENTRO DE SALUD A,3,ENFERMERIA,45,-2.54343653399333,-77.196373615377
856,Z06,14D01 MORONA,MORONA SANTIAGO,MORONA,001439,27 DE FEBRERO,CENTRO DE SALUD A,2,ENFERMERIA,46,-2.305364,-78.125027
857,Z06,14D01 MORONA,MORONA SANTIAGO,MORONA,001441,CENTRO DE SALUD INNFA 24HD,CENTRO DE SALUD B,1,ENFERMERIA,46,-2.30829871771519,-78.1166044897958
858,Z06,14D01 MORONA,MORONA SANTIAGO,HUAMBOYA,001442,24 DE MAYO ( HUAMBOYA ),CENTRO DE SALUD A,1,ENFERMERIA,46,-1.94539210134856,-77.9897274494699
859,Z06,14D01 MORONA,MORONA SANTIAGO,MORONA,001444,SEVILLA DON BOSCO,CENTRO DE SALUD A,1,ENFERMERIA,46,-2.3162037697593,-78.098443772404
860,Z06,14D01 MORONA,MORONA SANTIAGO,MORONA,001445,SANTA ROSA,CENTRO DE SALUD A,2,ENFERMERIA,46,-2.19748936479232,-78.0725966258482
861,Z06,14D01 MORONA,MORONA SANTIAGO,MORONA,001446,SINAI,CENTRO DE SALUD A,1,ENFERMERIA,46,-2.09278259889918,-78.0506131811567
862,Z06,14D01 MORONA,MORONA SANTIAGO,MORONA,001447,EBENEZER,CENTRO DE SALUD A,1,ENFERMERIA,46,-2.11548798973054,-77.9167456878086
863,Z06,14D01 MORONA,MORONA SANTIAGO,HUAMBOYA,001448,CHIGUAZA,CENTRO DE SALUD A,1,ENFERMERIA,46,,
864,Z06,14D05 MORONA,MORONA SANTIAGO,TAISHA,001449,MACUMA,CENTRO DE SALUD A,2,ENFERMERIA,46,-2.14461339135192,-77.6682607961206
865,Z06,14D01 MORONA,MORONA SANTIAGO,MORONA,001450,RIO BLANCO,CENTRO DE SALUD A,1,ENFERMERIA,46,-2.34653548944449,-78.1550097580004
866,Z06,14D01 MORONA,MORONA SANTIAGO,MORONA,001451,NUEVE DE OCTUBRE,CENTRO DE SALUD A,1,ENFERMERIA,46,-2.22214524112482,-78.2493125951283
867,Z06,14D01 MORONA,MORONA SANTIAGO,MORONA,001452,SAN LUIS DE IÑINKIS,PUESTO DE SALUD,1,ENFERMERIA,46,-2.39189694751018,-78.120987277115
868,Z06,14D01 MORONA,MORONA SANTIAGO,MORONA,001453,KUSUIMI,PUESTO DE SALUD,2,ENFERMERIA,46,-2.25751775717506,-78.0316111185792
869,Z06,14D01 MORONA,MORONA SANTIAGO,HUAMBOYA,001458,SHANKAIM,PUESTO DE SALUD,2,ENFERMERIA,46,-1.96360310260351,-77.8804915052862
870,Z06,14D05 MORONA,MORONA SANTIAGO,TAISHA,001459,MAMAYAK,PUESTO DE SALUD,3,ENFERMERIA,46,-2.03857720767873,-77.7019610557
871,Z06,14D05 MORONA,MORONA SANTIAGO,TAISHA,001460,CUMBANTSA,PUESTO DE SALUD,3,ENFERMERIA,46,-2.2440311049487,-77.6701593919889
872,Z06,14D04 MORONA,MORONA SANTIAGO,GUALAQUIZA,001462,BOMBOIZA,CENTRO DE SALUD A,1,ENFERMERIA,46,-3.45143426064116,-78.5512628144907
873,Z06,14D04 MORONA,MORONA SANTIAGO,GUALAQUIZA,001463,NUEVA TARQUI,CENTRO DE SALUD A,1,ENFERMERIA,46,-3.45754411843075,-78.6617528657151
874,Z06,14D04 MORONA,MORONA SANTIAGO,GUALAQUIZA,001464,EL IDEAL,PUESTO DE SALUD,1,ENFERMERIA,46,-3.42401690618611,-78.6215816027068
875,Z06,14D04 MORONA,MORONA SANTIAGO,GUALAQUIZA,001465,EL AGUACATE,PUESTO DE SALUD,1,ENFERMERIA,47,-3.28392492094619,-78.643397379605
876,Z06,14D04 MORONA,MORONA SANTIAGO,GUALAQUIZA,001467,LA PRADERA,PUESTO DE SALUD,1,ENFERMERIA,47,-3.31465977899871,-78.6438286181927
877,Z06,14D04 MORONA,MORONA SANTIAGO,SAN JUAN BOSCO,001468,SAN JUAN BOSCO,CENTRO DE SALUD A,1,ENFERMERIA,47,-3.11684988056243,-78.5295001536563
878,Z06,14D06 MORONA,MORONA SANTIAGO,LIMON INDANZA,001469,INDANZA,CENTRO DE SALUD A,1,ENFERMERIA,47,-3.05674741449899,-78.4772669746618
879,Z06,14D06 MORONA,MORONA SANTIAGO,LIMON INDANZA,001471,YUNGANZA,CENTRO DE SALUD A,2,ENFERMERIA,47,-2.86438095570014,-78.3713108059941
880,Z06,14D06 MORONA,MORONA SANTIAGO,LIMON INDANZA,001472,SAN MIGUEL DE CONCHAY,CENTRO DE SALUD A,2,ENFERMERIA,47,-3.12596093163293,-78.4468569312321
881,Z06,14D06 MORONA,MORONA SANTIAGO,LIMON INDANZA,001473,PUPUNAS,PUESTO DE SALUD,1,ENFERMERIA,47,-2.87283803136222,-78.3548426406928
882,Z06,14D06 MORONA,MORONA SANTIAGO,LIMON INDANZA,001474,WARINTZA,PUESTO DE SALUD,2,ENFERMERIA,47,-3.17513702102256,-78.2743362508938
883,Z06,14D04 MORONA,MORONA SANTIAGO,SAN JUAN BOSCO,001475,SANTIAGO DE PANANZA,PUESTO DE SALUD,1,ENFERMERIA,47,-3.15628101402905,-78.4863998090298
884,Z06,14D06 MORONA,MORONA SANTIAGO,LIMON INDANZA,001476,SAN ANTONIO,PUESTO DE SALUD,1,ENFERMERIA,47,-3.04036118361982,-78.3792214807003
885,Z06,14D01 MORONA,MORONA SANTIAGO,PALORA,001477,CENTRO DE SALUD HOSPITAL PALORA,CENTRO DE SALUD B,2,ENFERMERIA,47,-1.71045855298402,-77.963920828033
886,Z06,14D01 MORONA,MORONA SANTIAGO,PALORA,001478,SANGAY,CENTRO DE SALUD A,1,ENFERMERIA,47,-1.78545762876616,-77.9826550507206
887,Z06,14D06 MORONA,MORONA SANTIAGO,SANTIAGO,001482,COPAL,PUESTO DE SALUD,1,ENFERMERIA,47,-2.73380564864138,-78.4082082911286
888,Z06,14D06 MORONA,MORONA SANTIAGO,SANTIAGO,001483,PATUCA,CENTRO DE SALUD A,1,ENFERMERIA,47,-2.75692077494938,-78.2620692592167
889,Z06,14D06 MORONA,MORONA SANTIAGO,SANTIAGO,001484,SAN LUIS DEL ACHO,CENTRO DE SALUD A,1,ENFERMERIA,47,-2.77044634148962,-78.2805154549459
890,Z06,14D06 MORONA,MORONA SANTIAGO,SANTIAGO,001485,TAYUZA,CENTRO DE SALUD A,1,ENFERMERIA,47,-2.69804513895437,-78.2377149110428
891,Z06,14D06 MORONA,MORONA SANTIAGO,SANTIAGO,001486,CHINIMBIMI,CENTRO DE SALUD A,2,ENFERMERIA,47,-2.67766548927243,-78.21295060417
892,Z06,14D06 MORONA,MORONA SANTIAGO,TIWINTZA,001487,SANTIAGO,CENTRO DE SALUD A,4,ENFERMERIA,47,-3.04816468234564,-78.0051075964994
893,Z06,14D06 MORONA,MORONA SANTIAGO,TIWINTZA,001488,SAN JOSE DE MORONA,CENTRO DE SALUD A,2,ENFERMERIA,47,-2.88229721134909,-77.6690466023639
894,Z06,14D06 MORONA,MORONA SANTIAGO,SANTIAGO,001489,PIANKAS,PUESTO DE SALUD,2,ENFERMERIA,48,-2.89789251134657,-78.239242037367
895,Z06,14D03 MORONA,MORONA SANTIAGO,SUCUA,001490,CENTRO DE SALUD FEDERACION SHUAR,CENTRO DE SALUD A,2,ENFERMERIA,48,-2.45920350283317,-78.1712259177101
896,Z06,14D03 MORONA,MORONA SANTIAGO,SUCUA,001491,INNFA SUCUA,CENTRO DE SALUD A,1,ENFERMERIA,48,-2.4535,-78.1677
897,Z06,14D03 MORONA,MORONA SANTIAGO,LOGROÑO,001492,LOGROÑO,CENTRO DE SALUD A,1,ENFERMERIA,48,-2.62601600286879,-78.2020142133674
898,Z06,14D03 MORONA,MORONA SANTIAGO,SUCUA,001493,HUAMBI,CENTRO DE SALUD A,2,ENFERMERIA,48,-2.53423411845843,-78.1648301140547
899,Z06,14D03 MORONA,MORONA SANTIAGO,LOGROÑO,001494,YAUPI,CENTRO DE SALUD A,2,ENFERMERIA,48,-2.86987076981094,-77.9327422950151
900,Z06,14D03 MORONA,MORONA SANTIAGO,SUCUA,001495,KUMPAS,PUESTO DE SALUD,1,ENFERMERIA,48,-2.5684731589876,-78.1453393244843
901,Z06,14D03 MORONA,MORONA SANTIAGO,SUCUA,001496,YUKUTEIS,PUESTO DE SALUD,2,ENFERMERIA,48,-2.50973311624427,-78.1381193532372
902,Z06,14D03 MORONA,MORONA SANTIAGO,LOGROÑO,001497,YAAPI,PUESTO DE SALUD,1,ENFERMERIA,48,-2.82525756679623,-77.9316923998542
903,Z06,14D03 MORONA,MORONA SANTIAGO,LOGROÑO,001498,SHIMPIS,PUESTO DE SALUD,2,ENFERMERIA,48,-2.63685455086978,-78.1838665029147
904,Z06,14D05 MORONA,MORONA SANTIAGO,TAISHA,001499,TUUTINENTZA,CENTRO DE SALUD A,2,ENFERMERIA,48,-2.54793043350735,-77.4699377229667
905,Z06,14D01 MORONA,MORONA SANTIAGO,MORONA,001500,MIAZAL ( MANKUSAS ),CENTRO DE SALUD A,2,ENFERMERIA,48,-2.62644720368255,-77.8040407190516
906,Z06,14D05 MORONA,MORONA SANTIAGO,TAISHA,001501,SHINKIATAN,PUESTO DE SALUD,3,ENFERMERIA,48,-2.45839309106857,-77.4576625293879
907,Z06,14D05 MORONA,MORONA SANTIAGO,TAISHA,001502,PINPINTS,PUESTO DE SALUD,3,ENFERMERIA,48,-2.27305044612754,-77.4663469170189
908,Z06,14D05 MORONA,MORONA SANTIAGO,TAISHA,001503,IPIAK,PUESTO DE SALUD,2,ENFERMERIA,48,-2.46795181792503,-77.1435681344989
909,Z06,14D05 MORONA,MORONA SANTIAGO,TAISHA,001504,WAMPUIK,CENTRO DE SALUD A,2,ENFERMERIA,48,-2.61822528986372,-77.0226586693204
910,Z06,14D05 MORONA,MORONA SANTIAGO,TAISHA,001505,WICHIMI,PUESTO DE SALUD,2,ENFERMERIA,48,-2.73989221142537,-77.3691668536996
911,Z06,14D05 MORONA,MORONA SANTIAGO,TAISHA,001506,PUMPUENTSA,PUESTO DE SALUD,2,ENFERMERIA,48,-2.47640204513562,-77.3303715820047
912,Z06,14D05 MORONA,MORONA SANTIAGO,TAISHA,001507,TUKUPI,PUESTO DE SALUD,2,ENFERMERIA,48,-2.78332795047594,-77.4808775145206
913,Z06,14D05 MORONA,MORONA SANTIAGO,TAISHA,001508,KAPATINETZA,PUESTO DE SALUD,2,ENFERMERIA,49,-2.67596319110897,-77.4753445739897
914,Z06,14D05 MORONA,MORONA SANTIAGO,TAISHA,001509,NUNKI NUNKA,PUESTO DE SALUD,2,ENFERMERIA,49,-2.63503567563764,-77.4268130259776
915,Z06,03D03,CAÑAR,LA TRONCAL,002114,PUESTO DE SALUD PLAYA SECA,PUESTO DE SALUD,2,ENFERMERIA,49,-2.399,-79.295
916,Z06,01D06,AZUAY,PAUTE,002735,LA DOLOROSA,PUESTO DE SALUD,1,ENFERMERIA,49,-2.82971808594731,-78.8738235787698
917,Z06,14D01 MORONA,MORONA SANTIAGO,MORONA,002779,MUTINZA,PUESTO DE SALUD,1,ENFERMERIA,49,-2.17752112386882,-77.963615331418
918,Z06,14D04 MORONA,MORONA SANTIAGO,GUALAQUIZA,002815,MONTERREY,CENTRO DE SALUD A,1,ENFERMERIA,49,-3.5541778,-78.670594
919,Z06,14D04 MORONA,MORONA SANTIAGO,GUALAQUIZA,002816,PROVEDURIA,CENTRO DE SALUD A,1,ENFERMERIA,49,-3.407441667,-78.4855083
920,Z06,14D05 MORONA,MORONA SANTIAGO,TAISHA,002820,TSUNKINTZA,PUESTO DE SALUD,4,ENFERMERIA,49,-2.65882949170401,-77.1125590048612
921,Z06,14D04 MORONA,MORONA SANTIAGO,GUALAQUIZA,002847,CENTRO DE SALUD DE GUALAQUIZA,CENTRO DE SALUD A,1,ENFERMERIA,49,-3.4024066294808,-78.5755823936517
922,Z06,14D06 MORONA,MORONA SANTIAGO,LIMON INDANZA,002848,CENTRO DE SALUD DE LIMON INDANZA,CENTRO DE SALUD A,2,ENFERMERIA,49,-2.96527959418879,-78.4302090588757
923,Z06,14D06 MORONA,MORONA SANTIAGO,SANTIAGO,002849,CENTRO DE SALUD DE MENDEZ,CENTRO DE SALUD A,2,ENFERMERIA,49,-2.715990,-78.320557
924,Z06,01D06,AZUAY,PAUTE,002858,CENTRO DE SALUD DE PAUTE,CENTRO DE SALUD A,2,ENFERMERIA,49,-2.78005600,-78.7572780
925,Z06,01D03,AZUAY,SANTA ISABEL,002859,CENTRO DE SALUD DE SANTA ISABEL,CENTRO DE SALUD A,2,ENFERMERIA,49,-3.276043,-79.314163
926,Z06,01D03,AZUAY,GIRON,002928,CENTRO DE SALUD DE GIRON,CENTRO DE SALUD A,2,ENFERMERIA,49,-3.163586,-79.147750
927,Z06,14D05 MORONA,MORONA SANTIAGO,TAISHA,002972,CENTRO DE SALUD DE TAISHA,CENTRO DE SALUD A,3,ENFERMERIA,49,-2.39551821412295,-77.5064577945036
928,Z06,14D05 MORONA,MORONA SANTIAGO,TAISHA,002991,JUYUKAMENTSA,PUESTO DE SALUD,2,ENFERMERIA,49,-2.72288128321275,-77.2460202627226
929,Z06,14D05 MORONA,MORONA SANTIAGO,TAISHA,061055,PUESTO DE SALUD ITINERANTE YUWINTS,PUESTO DE SALUD,4,ENFERMERIA,49,-2.162746,-77.580453
930,Z06,14D05 MORONA,MORONA SANTIAGO,TAISHA,061056,PUESTO DE SALUD ITINERANTE KUSUTKA,PUESTO DE SALUD,4,ENFERMERIA,49,-2.09658779,-77.64032462
931,Z06,14D05 MORONA,MORONA SANTIAGO,TAISHA,061057,PUESTO DE SALUD ITINERANTE WACHIRPAS,PUESTO DE SALUD,2,ENFERMERIA,49,-2.57243,-76.80817
932,Z06,14D05 MORONA,MORONA SANTIAGO,TAISHA,061058,PUESTO DE SALUD ITINERANTE SAAPAPENTSA,PUESTO DE SALUD,2,ENFERMERIA,50,-2.82861,-77.37517
933,Z07,07D01,EL ORO,EL GUABO,000505,BARBONES,CENTRO DE SALUD A,2,ENFERMERIA,50,-3.18814202778624,-79.8537080398523
934,Z07,07D01,EL ORO,EL GUABO,000507,SAN MIGUEL DE BRASIL,CENTRO DE SALUD A,1,ENFERMERIA,50,-3.10618438713677,-79.7288081128669
935,Z07,07D01,EL ORO,EL GUABO,000508,RIO BONITO,CENTRO DE SALUD A,2,ENFERMERIA,50,-3.11248442969214,-79.7708472455066
936,Z07,07D01,EL ORO,EL GUABO,000509,TENDALES,CENTRO DE SALUD A,2,ENFERMERIA,50,-3.11982555285228,-79.8474031454408
937,Z07,07D01,EL ORO,EL GUABO,000510,BAJO ALTO,CENTRO DE SALUD A,2,ENFERMERIA,50,-3.11331466636278,-79.8909164670443
938,Z07,07D01,EL ORO,PASAJE,000511,BUENAVISTA,CENTRO DE SALUD A,1,ENFERMERIA,50,-3.36148180185765,-79.8439075530231
939,Z07,07D01,EL ORO,PASAJE,000512,ASERRIO,PUESTO DE SALUD,1,ENFERMERIA,50,-3.39812340026524,-79.806610779607
940,Z07,07D01,EL ORO,PASAJE,000513,CAÑA QUEMADA,CENTRO DE SALUD A,1,ENFERMERIA,50,-3.29481684764734,-79.8191102147436
941,Z07,07D01,EL ORO,PASAJE,000514,CASACAY,CENTRO DE SALUD B,1,ENFERMERIA,50,-3.32232071386498,-79.7231948082433
942,Z07,07D01,EL ORO,PASAJE,000516,LA PEAÑA,CENTRO DE SALUD A,1,ENFERMERIA,50,-3.31308991024229,-79.8514250115765
943,Z07,07D01,EL ORO,PASAJE,000519,EL PROGRESO,CENTRO DE SALUD A,2,ENFERMERIA,50,-3.29059121521566,-79.7584947103258
944,Z07,07D01,EL ORO,PASAJE,000520,GALAYACU,PUESTO DE SALUD,1,ENFERMERIA,50,-3.31716309089054,-79.6871857114852
945,Z07,07D01,EL ORO,PASAJE,000521,ROSA DE ORO,PUESTO DE SALUD,1,ENFERMERIA,50,-3.28094100329614,-79.7884294433541
946,Z07,07D01,EL ORO,PASAJE,000523,UZHCURRUMI,PUESTO DE SALUD,1,ENFERMERIA,50,-3.32326632696648,-79.5942243966249
947,Z07,07D01,EL ORO,EL GUABO,002866,CENTRO DE SALUD DE EL GUABO,CENTRO DE SALUD A,2,ENFERMERIA,50,-3.24261343466948,-79.8388794688893
948,Z07,07D02,EL ORO,MACHALA,000489,EL CAMBIO,CENTRO DE SALUD B,2,ENFERMERIA,50,-3.28885897445401,-79.9004024372102
949,Z07,07D02,EL ORO,MACHALA,000491,EL RETIRO,CENTRO DE SALUD A,2,ENFERMERIA,50,-3.3865219744165,-79.9087815155304
950,Z07,07D03,EL ORO,ZARUMA,000571,GUIZHAGUINA,CENTRO DE SALUD A,1,ENFERMERIA,50,-3.69283406981162,-79.5502888267852
951,Z07,07D03,EL ORO,ATAHUALPA,000577,PACCHA,CENTRO DE SALUD B,1,ENFERMERIA,51,-3.59702773773126,-79.6605330686167
952,Z07,07D03,EL ORO,ATAHUALPA,000578,SAN JOSE,PUESTO DE SALUD,1,ENFERMERIA,51,-3.62727562875645,-79.6565637575888
953,Z07,07D03,EL ORO,PORTOVELO,000580,CURTINCAPAC,CENTRO DE SALUD A,1,ENFERMERIA,51,-3.73142265749071,-79.5488754622948
954,Z07,07D03,EL ORO,PORTOVELO,000582,PORTOVELO,CENTRO DE SALUD B,2,ENFERMERIA,51,-3.7161311673,-79.619836453
955,Z07,07D03,EL ORO,PORTOVELO,000583,SALATI,CENTRO DE SALUD A,1,ENFERMERIA,51,-3.75416122265307,-79.5337939666891
956,Z07,07D04,EL ORO,PIÑAS,000557,CAPIRO,CENTRO DE SALUD A,1,ENFERMERIA,51,-3.74812637356184,-79.7157785057627
957,Z07,07D04,EL ORO,PIÑAS,000558,EL CARMEN,CENTRO DE SALUD A,1,ENFERMERIA,51,-3.66104405102959,-79.9281160370843
958,Z07,07D04,EL ORO,PIÑAS,000559,LA BOCANA,CENTRO DE SALUD A,2,ENFERMERIA,51,-3.68767073044469,-79.9035853011196
959,Z07,07D04,EL ORO,PIÑAS,000560,PALOSOLO,PUESTO DE SALUD,2,ENFERMERIA,51,-3.69660155341076,-79.7555751353091
960,Z07,07D04,EL ORO,PIÑAS,000561,MOROMORO,CENTRO DE SALUD A,2,ENFERMERIA,51,-3.68185980023377,-79.7436395695142
961,Z07,07D04,EL ORO,PIÑAS,000562,PIEDRAS,PUESTO DE SALUD,1,ENFERMERIA,51,-3.63695626103043,-79.9130642834525
962,Z07,07D04,EL ORO,PIÑAS,000563,ZARACAY,CENTRO DE SALUD A,1,ENFERMERIA,51,-3.64419462353894,-79.8636643716904
963,Z07,07D04,EL ORO,PIÑAS,000564,PIÑAS GRANDE,PUESTO DE SALUD,1,ENFERMERIA,51,-3.66700349781324,-79.6962065043992
964,Z07,07D04,EL ORO,BALSAS,000565,BALSAS,CENTRO DE SALUD A,1,ENFERMERIA,51,-3.76046992105004,-79.8294082570201
965,Z07,07D04,EL ORO,MARCABELI,000566,MARCABELI,CENTRO DE SALUD A,2,ENFERMERIA,51,-3.78655424381183,-79.9111884898103
966,Z07,07D04,EL ORO,PIÑAS,000584,SAN ROQUE,CENTRO DE SALUD A,1,ENFERMERIA,51,-3.72370129032203,-79.6702213398002
967,Z07,07D05,EL ORO,ARENILLAS,000543,CAÑAS,PUESTO DE SALUD,2,ENFERMERIA,51,-3.66603633873779,-79.9580107917814
968,Z07,07D05,EL ORO,ARENILLAS,000544,LA CUCA,CENTRO DE SALUD A,1,ENFERMERIA,51,-3.49647921964985,-80.0695940047872
969,Z07,07D05,EL ORO,ARENILLAS,000545,CARCABON,CENTRO DE SALUD A,1,ENFERMERIA,51,-3.62587652375772,-80.1888159642099
970,Z07,07D05,EL ORO,ARENILLAS,000546,CHACRAS,CENTRO DE SALUD A,2,ENFERMERIA,52,-3.54995525443875,-80.2017392299568
971,Z07,07D05,EL ORO,ARENILLAS,000547,PALMALES,CENTRO DE SALUD A,2,ENFERMERIA,52,-3.66620960634998,-80.1005761370518
972,Z07,07D05,EL ORO,ARENILLAS,000548,MANABI DE EL ORO,PUESTO DE SALUD,1,ENFERMERIA,52,-3.72955632630127,-80.1262474821475
973,Z07,07D05,EL ORO,LAS LAJAS,000549,EL PARAISO,PUESTO DE SALUD,1,ENFERMERIA,52,-3.77648180408153,-80.0286135896101
974,Z07,07D05,EL ORO,LAS LAJAS,000550,LA LIBERTAD,PUESTO DE SALUD,1,ENFERMERIA,52,-3.85168105486152,-80.1054924083323
975,Z07,07D05,EL ORO,LAS LAJAS,000551,LAS LAJAS,CENTRO DE SALUD A,1,ENFERMERIA,52,-3.78852365762732,-80.0632786333966
976,Z07,07D05,EL ORO,LAS LAJAS,000552,VALLE HERMOSO,PUESTO DE SALUD,2,ENFERMERIA,52,-3.80054488744541,-80.0711452611561
977,Z07,07D05,EL ORO,ARENILLAS,002763,EL JOBO SAN VICENTE,PUESTO DE SALUD,1,ENFERMERIA,52,-3.538202821452,-80.0299593
978,Z07,07D05,EL ORO,ARENILLAS,002900,CENTRO DE SALUD DE ARENILLAS,CENTRO DE SALUD A,2,ENFERMERIA,52,-3.55566749,-80.07147613
979,Z07,07D06,EL ORO,SANTA ROSA,000525,VALLE HERMOSO,PUESTO DE SALUD,1,ENFERMERIA,52,-3.51283084091407,-79.8411778309308
980,Z07,07D06,EL ORO,SANTA ROSA,000526,BELLAMARIA,CENTRO DE SALUD A,1,ENFERMERIA,52,-3.50205624739127,-79.8917895859365
981,Z07,07D06,EL ORO,SANTA ROSA,000527,SAN JOSE,PUESTO DE SALUD,1,ENFERMERIA,52,-3.49000233416353,-80.0078011954135
982,Z07,07D06,EL ORO,SANTA ROSA,000528,BELLAVISTA,CENTRO DE SALUD A,1,ENFERMERIA,52,-3.49990009212179,-79.9677768010265
983,Z07,07D06,EL ORO,SANTA ROSA,000532,JUMON,CENTRO DE SALUD A,1,ENFERMERIA,52,-3.45600583065124,-80.0049021488551
984,Z07,07D06,EL ORO,SANTA ROSA,000533,LA AVANZADA,CENTRO DE SALUD A,2,ENFERMERIA,52,-3.53835910210671,-79.9575168339467
985,Z07,07D06,EL ORO,SANTA ROSA,000534,LA VICTORIA,CENTRO DE SALUD A,1,ENFERMERIA,52,-3.37027261432831,-79.8582618333827
986,Z07,11D03,LOJA,CATAMAYO,001021,CATAMAYO - 24 HD,CENTRO DE SALUD C,2,ENFERMERIA,52,-3.97242199715847,-79.3673137315724
987,Z07,11D03,LOJA,CATAMAYO,001022,EL TAMBO,CENTRO DE SALUD A,1,ENFERMERIA,52,-4.07350171661182,-79.3079998379238
988,Z07,11D03,LOJA,CATAMAYO,001023,GUAIQUICHUMA,PUESTO DE SALUD,2,ENFERMERIA,52,-3.82174368035196,-79.5748004655604
989,Z07,11D03,LOJA,CATAMAYO,001025,SAN PEDRO DE LA BENDITA,CENTRO DE SALUD A,1,ENFERMERIA,53,-3.94172485617746,-79.4354022235492
990,Z07,11D03,LOJA,CATAMAYO,001026,ZAMBI,PUESTO DE SALUD,2,ENFERMERIA,53,-3.9142347200689,-79.5364116812527
991,Z07,11D03,LOJA,CHAGUARPAMBA,001032,SANTA RUFINA,PUESTO DE SALUD,1,ENFERMERIA,53,-3.85129654123175,-79.7630900915883
992,Z07,11D03,LOJA,CHAGUARPAMBA,001033,BUENA VISTA,PUESTO DE SALUD,1,ENFERMERIA,53,-3.89098478247986,-79.714647579936
993,Z07,11D03,LOJA,CHAGUARPAMBA,001034,CHAGUARPAMBA,CENTRO DE SALUD A,2,ENFERMERIA,53,-3.8766322337937,-79.6460794640523
994,Z07,11D03,LOJA,CHAGUARPAMBA,001035,EL ROSARIO,PUESTO DE SALUD,1,ENFERMERIA,53,-3.78490388554551,-79.6061662997577
995,Z07,11D03,LOJA,OLMEDO,001052,LA TINGUE,PUESTO DE SALUD,1,ENFERMERIA,53,-3.91077016930742,-79.5779295160527
996,Z07,11D03,LOJA,OLMEDO,001053,OLMEDO,CENTRO DE SALUD A,2,ENFERMERIA,53,-3.93604249401132,-79.6447144647859
997,Z07,11D03,LOJA,PALTAS,001054,CANGONAMA,PUESTO DE SALUD,1,ENFERMERIA,53,-3.96545801097472,-79.7029970518769
998,Z07,11D03,LOJA,PALTAS,001055,CASANGA,PUESTO DE SALUD,2,ENFERMERIA,53,-4.01321461823389,-79.762004734425
999,Z07,11D03,LOJA,PALTAS,001057,SAN ANTONIO DE PALTAS,CENTRO DE SALUD A,1,ENFERMERIA,53,-3.98198623378713,-79.6658395678729
1000,Z07,11D03,LOJA,PALTAS,001058,GUACHANAMA,PUESTO DE SALUD,1,ENFERMERIA,53,-4.0488946478103,-79.878647755347
1001,Z07,11D03,LOJA,PALTAS,001059,LAS COCHAS,PUESTO DE SALUD,1,ENFERMERIA,53,-4.05399355125426,-79.5581398701233
1002,Z07,11D03,LOJA,PALTAS,001060,EL HUATO,PUESTO DE SALUD,1,ENFERMERIA,53,-4.13561244900158,-79.6645334612803
1003,Z07,11D03,LOJA,PALTAS,001061,ORIANGA,PUESTO DE SALUD,1,ENFERMERIA,53,-3.89670094498373,-79.8718918428679
1004,Z07,11D03,LOJA,PALTAS,002853,CENTRO DE SALUD DE CATACOCHA,CENTRO DE SALUD B,2,ENFERMERIA,53,-4.05113010660289,-79.6490739606158
1005,Z07,11D04,LOJA,CELICA,001030,SABANILLA,CENTRO DE SALUD A,1,ENFERMERIA,53,-4.19952133855783,-80.1244294782014
1006,Z07,11D04,LOJA,PINDAL,001063,DOCE DE DICIEMBRE,CENTRO DE SALUD A,1,ENFERMERIA,53,-4.07146500570742,-80.088167725716
1007,Z07,11D04,LOJA,PUYANGO,001066,EL LIMO (MARIANA JESUS),CENTRO DE SALUD A,1,ENFERMERIA,53,-3.98638014881961,-80.1290835963996
1008,Z07,11D04,LOJA,PUYANGO,001070,VICENTINO,CENTRO DE SALUD A,1,ENFERMERIA,54,-3.96023769088008,-79.9430657610664
1009,Z07,11D05,LOJA,ESPINDOLA,001036,27 DE ABRIL (LA NARANJA),CENTRO DE SALUD A,1,ENFERMERIA,54,-4.44262680113651,-79.4579497797401
1010,Z07,11D05,LOJA,ESPINDOLA,001037,JIMBURA,CENTRO DE SALUD A,2,ENFERMERIA,54,-4.62726217590597,-79.463722807592
1011,Z07,11D05,LOJA,ESPINDOLA,001038,BELLAVISTA,CENTRO DE SALUD A,1,ENFERMERIA,54,-4.5666583425646,-79.4579497973109
1012,Z07,11D05,LOJA,ESPINDOLA,001040,SANTA TERESITA,CENTRO DE SALUD A,2,ENFERMERIA,54,-4.57083727051214,-79.4087179847289
1013,Z07,11D05,LOJA,ESPINDOLA,001041,EL INGENIO,CENTRO DE SALUD A,2,ENFERMERIA,54,-4.41746655492916,-79.4315304016003
1014,Z07,11D05,LOJA,ESPINDOLA,002784,EL AIRO,CENTRO DE SALUD A,2,ENFERMERIA,54,-4.4767468227736,-79.3902895480183
1015,Z07,11D06,LOJA,CALVAS,001016,COLAISACA,CENTRO DE SALUD A,1,ENFERMERIA,54,-4.31626746652483,-79.6920283929454
1016,Z07,11D06,LOJA,CALVAS,001017,EL BATAN,PUESTO DE SALUD,2,ENFERMERIA,54,-4.25951088074379,-79.7173055631864
1017,Z07,11D06,LOJA,CALVAS,001018,SAN GUILLIN,CENTRO DE SALUD A,1,ENFERMERIA,54,-4.45766497424194,-79.5144065794343
1018,Z07,11D06,LOJA,CALVAS,001019,USAIME,PUESTO DE SALUD,1,ENFERMERIA,54,-4.46172116661237,-79.5437650426682
1019,Z07,11D06,LOJA,CALVAS,001020,LUCERO,CENTRO DE SALUD A,1,ENFERMERIA,54,-4.40182886093213,-79.4698011242726
1020,Z07,11D06,LOJA,GONZANAMA,001042,PURUNUMA (EGUIGUREN),CENTRO DE SALUD A,1,ENFERMERIA,54,-4.21275254454969,-79.3753206672761
1021,Z07,11D06,LOJA,GONZANAMA,001043,SACAPALCA,CENTRO DE SALUD A,2,ENFERMERIA,54,-4.15454126227943,-79.5173363498133
1022,Z07,11D06,LOJA,GONZANAMA,001044,POTRERILLOS,PUESTO DE SALUD,1,ENFERMERIA,54,-4.16227709045576,-79.4718712754463
1023,Z07,11D06,LOJA,GONZANAMA,001045,CHANGAIMINA,CENTRO DE SALUD A,1,ENFERMERIA,54,-4.22360304331593,-79.5237641608913
1024,Z07,11D06,LOJA,GONZANAMA,001046,GONZANAMA,CENTRO DE SALUD A,1,ENFERMERIA,54,-4.22857590327106,-79.4401518430138
1025,Z07,11D06,LOJA,GONZANAMA,001047,NAMBACOLA,CENTRO DE SALUD A,1,ENFERMERIA,54,-4.14037984099469,-79.4335893178337
1026,Z07,11D06,LOJA,QUILANGA,001071,SAN ANTONIO DE LAS ARADAS,CENTRO DE SALUD A,1,ENFERMERIA,54,-4.36600319959075,-79.3985827946264
1027,Z07,11D06,LOJA,QUILANGA,001072,QUILANGA,CENTRO DE SALUD A,1,ENFERMERIA,55,-4.29934044199087,-79.4006238318188
1028,Z07,11D06,LOJA,CALVAS,002850,CENTRO DE SALUD DE CARIAMANGA,CENTRO DE SALUD A,2,ENFERMERIA,55,-4.32621186336847,-79.5553347345156
1029,Z07,11D07,LOJA,MACARA,001048,LARAMA,CENTRO DE SALUD A,1,ENFERMERIA,55,-4.26866173697762,-79.9023033345746
1030,Z07,11D07,LOJA,MACARA,001049,LA VICTORIA,PUESTO DE SALUD,1,ENFERMERIA,55,-4.43160830257685,-79.7911964640139
1031,Z07,11D07,LOJA,MACARA,001050,SABIANGO (LA CAPILLA),CENTRO DE SALUD A,1,ENFERMERIA,55,-4.36659253000953,-79.8126297977309
1032,Z07,11D07,LOJA,MACARA,001051,FRONTERAS SALUDABLES,CENTRO DE SALUD A,2,ENFERMERIA,55,-4.38586730674373,-79.9452359606709
1033,Z07,11D07,LOJA,SOZORANGA,001073,SUSUCO,CENTRO DE SALUD A,1,ENFERMERIA,55,-4.35750574849527,-79.769717427989
1034,Z07,11D07,LOJA,SOZORANGA,001074,SOZORANGA,CENTRO DE SALUD A,1,ENFERMERIA,55,-4.32685822831804,-79.7896526438686
1035,Z07,11D07,LOJA,SOZORANGA,001075,PERPETUO SOCORRO,PUESTO DE SALUD,1,ENFERMERIA,55,-4.39348391433509,-79.7523846898575
1036,Z07,11D07,LOJA,SOZORANGA,001077,NUEVA FATIMA,PUESTO DE SALUD,1,ENFERMERIA,55,-4.27009953396725,-79.8228165955556
1037,Z07,11D07,LOJA,SOZORANGA,001078,CURICHANGA,PUESTO DE SALUD,2,ENFERMERIA,55,-4.34700453,-79.85798831
1038,Z07,11D08,LOJA,SARAGURO,001113,GANIL,PUESTO DE SALUD,1,ENFERMERIA,55,-3.5939599586706,-79.3166558806432
1039,Z07,11D08,LOJA,SARAGURO,001115,LLUZHAPA,PUESTO DE SALUD,1,ENFERMERIA,55,-3.49371091420537,-79.3382200097518
1040,Z07,11D08,LOJA,SARAGURO,001116,MANU,CENTRO DE SALUD A,1,ENFERMERIA,55,-3.48536166021866,-79.4098450249455
1041,Z07,11D08,LOJA,SARAGURO,001117,TUNCARTA,PUESTO DE SALUD,1,ENFERMERIA,55,-3.61989659428931,-79.2182869004854
1042,Z07,11D08,LOJA,SARAGURO,001118,ONACAPAC,PUESTO DE SALUD,1,ENFERMERIA,55,-3.64750384601946,-79.2093402350421
1043,Z07,11D08,LOJA,SARAGURO,001119,GERA,PUESTO DE SALUD,1,ENFERMERIA,55,-3.57066792881229,-79.2412420113087
1044,Z07,11D08,LOJA,SARAGURO,001120,LAGUNAS,CENTRO DE SALUD A,1,ENFERMERIA,55,-3.63482951227252,-79.2384816425712
1045,Z07,11D08,LOJA,SARAGURO,001121,NAMARIN,CENTRO DE SALUD A,1,ENFERMERIA,55,-3.62445531208964,-79.2235071594779
1046,Z07,11D08,LOJA,SARAGURO,001123,SAN VICENTE,PUESTO DE SALUD,1,ENFERMERIA,56,-3.56590841978911,-79.3414757707769
1047,Z07,11D08,LOJA,SARAGURO,001124,SUMAIPAMBA,CENTRO DE SALUD A,1,ENFERMERIA,56,-3.35687881792822,-79.3490560463875
1048,Z07,11D08,LOJA,SARAGURO,001125,MATER,PUESTO DE SALUD,1,ENFERMERIA,56,-3.61985989978228,-79.3169952501787
1049,Z07,11D08,LOJA,SARAGURO,001126,TENTA,PUESTO DE SALUD,1,ENFERMERIA,56,-3.59576860491095,-79.2876262513308
1050,Z07,11D08,LOJA,SARAGURO,001129,LA PAPAYA,PUESTO DE SALUD,1,ENFERMERIA,56,-3.53110461722358,-79.2789441342381
1051,Z07,11D08,LOJA,SARAGURO,001130,CAÑICAPAC,PUESTO DE SALUD,1,ENFERMERIA,56,-3.57117711964375,-79.2759808918102
1052,Z07,11D08,LOJA,SARAGURO,001131,URDANETA (PAQUISHAPA),CENTRO DE SALUD A,1,ENFERMERIA,56,-3.6062258336841,-79.2099344897064
1053,Z07,11D08,LOJA,SARAGURO,001135,LAS COCHAS,PUESTO DE SALUD,1,ENFERMERIA,56,-3.43800735632854,-79.3604460372774
1054,Z07,11D08,LOJA,SARAGURO,002750,BABER,PUESTO DE SALUD,1,ENFERMERIA,56,-3.60928072430241,-79.190983398827
1055,Z07,11D08,LOJA,SARAGURO,002855,CENTRO DE SALUD DE SARAGURO,CENTRO DE SALUD A,1,ENFERMERIA,56,-3.62127855314485,-79.2405419724476
1056,Z07,11D09,LOJA,ZAPOTILLO,001080,CAZADEROS,CENTRO DE SALUD A,1,ENFERMERIA,56,-4.08776392915203,-80.4813473205105
1057,Z07,11D09,LOJA,ZAPOTILLO,001081,PALETILLAS,CENTRO DE SALUD A,2,ENFERMERIA,56,-4.16405966478979,-80.2730714367073
1058,Z07,11D09,LOJA,ZAPOTILLO,001083,MIRAFLORES,PUESTO DE SALUD,1,ENFERMERIA,56,-4.47191997798717,-80.3973976845911
1059,Z07,11D09,LOJA,ZAPOTILLO,001137,ZAPOTILLO - 24 HD,CENTRO DE SALUD B,2,ENFERMERIA,56,-4.38231035586649,-80.2415666126198
1060,Z07,11D09,LOJA,ZAPOTILLO,002745,TRONCO QUEMADO,PUESTO DE SALUD,1,ENFERMERIA,56,-4.44835850163135,-80.3913239500886
1061,Z07,COORDINACION ZONAL 7,LOJA,LOJA,001084,OBRAPIA,CENTRO DE SALUD A,1,ENFERMERIA,56,-3.99925315960797,-79.2240972652078
1062,Z07,COORDINACION ZONAL 7,LOJA,LOJA,001086,TIERRAS COLORADAS,CENTRO DE SALUD A,1,ENFERMERIA,56,-4.01210820605313,-79.243374997243
1063,Z07,COORDINACION ZONAL 7,LOJA,LOJA,001090,MOTUPE,CENTRO DE SALUD A,2,ENFERMERIA,56,-3.94541160394393,-79.2230509446182
1064,Z07,COORDINACION ZONAL 7,LOJA,LOJA,001093,JIMBILLA,CENTRO DE SALUD A,1,ENFERMERIA,56,-3.8598107045819,-79.1701606203131
1065,Z07,COORDINACION ZONAL 7,LOJA,LOJA,001101,CHUQUIRIBAMBA,CENTRO DE SALUD A,1,ENFERMERIA,57,-3.84437901832254,-79.3439730699718
1066,Z07,COORDINACION ZONAL 7,LOJA,LOJA,001103,GUALEL,PUESTO DE SALUD,2,ENFERMERIA,57,-3.77095748387816,-79.3773143878916
1067,Z07,COORDINACION ZONAL 7,LOJA,LOJA,001104,MALACATOS (VALLADOLID),CENTRO DE SALUD A,2,ENFERMERIA,57,-4.21730323528029,-79.2594797443798
1068,Z07,COORDINACION ZONAL 7,LOJA,LOJA,001107,SAN LUCAS,CENTRO DE SALUD A,1,ENFERMERIA,57,-3.73145728962871,-79.2645670677269
1069,Z07,COORDINACION ZONAL 7,LOJA,LOJA,001108,SANTIAGO,CENTRO DE SALUD A,1,ENFERMERIA,57,-3.79859892199367,-79.2775684548999
1070,Z07,COORDINACION ZONAL 7,LOJA,LOJA,001109,TAQUIL,CENTRO DE SALUD A,1,ENFERMERIA,57,-3.88970328749802,-79.2898191793505
1071,Z07,COORDINACION ZONAL 7,LOJA,LOJA,001110,AGUANGORA,CENTRO DE SALUD A,1,ENFERMERIA,57,-3.93066820541532,-79.2770138155502
1072,Z07,COORDINACION ZONAL 7,LOJA,LOJA,001111,YANGANA,CENTRO DE SALUD A,1,ENFERMERIA,57,-4.36575020469118,-79.1769779657157
1073,Z07,COORDINACION ZONAL 7,LOJA,LOJA,002736,CARIGAN,PUESTO DE SALUD,1,ENFERMERIA,57,-3.95950363711023,-79.2417038886743
1074,Z07,COORDINACION ZONAL 7,LOJA,LOJA,002856,CENTRO DE SALUD DE VILCABAMBA,CENTRO DE SALUD A,1,ENFERMERIA,57,-4.25524721676252,-79.2243118648406
1075,Z07,19D01 ZAMORA,ZAMORA CHINCHIPE,ZAMORA,001911,SAN CARLOS DE LAS MINAS,CENTRO DE SALUD A,1,ENFERMERIA,57,-4.019764,-78.825247
1076,Z07,19D01 ZAMORA,ZAMORA CHINCHIPE,ZAMORA,001915,CUMBARATZA,CENTRO DE SALUD A,2,ENFERMERIA,57,-3.992353,-78.866782
1077,Z07,19D01 ZAMORA,ZAMORA CHINCHIPE,YACUAMBI,001916,JEMBUENTZA,PUESTO DE SALUD,1,ENFERMERIA,57,-3.73139,-78.877807
1078,Z07,19D01 ZAMORA,ZAMORA CHINCHIPE,ZAMORA,001918,GUADALUPE,CENTRO DE SALUD A,1,ENFERMERIA,57,-3.848566,-78.888756
1079,Z07,19D01 ZAMORA,ZAMORA CHINCHIPE,ZAMORA,001919,SAN ANTONIO,PUESTO DE SALUD,1,ENFERMERIA,57,-3.80412,-78.897616
1080,Z07,19D01 ZAMORA,ZAMORA CHINCHIPE,ZAMORA,001920,TIMBARA,PUESTO DE SALUD,2,ENFERMERIA,57,-4.031176,-78.898307
1081,Z07,19D01 ZAMORA,ZAMORA CHINCHIPE,YACUAMBI,001927,28 DE MAYO (YACUAMBI),CENTRO DE SALUD A,1,ENFERMERIA,57,-3.636771,-78.926497
1082,Z07,19D01 ZAMORA,ZAMORA CHINCHIPE,YACUAMBI,001928,LA ESPERANZA,PUESTO DE SALUD,1,ENFERMERIA,57,-3.57661735154371,-78.9381660014317
1083,Z07,19D01 ZAMORA,ZAMORA CHINCHIPE,YACUAMBI,001930,LA PAZ,PUESTO DE SALUD,1,ENFERMERIA,57,-3.701944,-78.896619
1084,Z07,19D01 ZAMORA,ZAMORA CHINCHIPE,ZAMORA,001936,EL LIMON,PUESTO DE SALUD,1,ENFERMERIA,58,-4.05941,-78.966058
1085,Z07,19D01 ZAMORA,ZAMORA CHINCHIPE,ZAMORA,002837,CENTRO DE SALUD ZAMORA,CENTRO DE SALUD A,2,ENFERMERIA,58,-4.068006,-78.955409
1086,Z07,19D02 ZAMORA,ZAMORA CHINCHIPE,PAQUISHA,001899,PAQUISHA,CENTRO DE SALUD B,1,ENFERMERIA,58,-3.9363223668,-78.676032864
1087,Z07,19D02 ZAMORA,ZAMORA CHINCHIPE,CENTINELA DEL CONDOR,001900,ZUMBI,CENTRO DE SALUD A,2,ENFERMERIA,58,-3.89395380169761,-78.780004274428
1088,Z07,19D02 ZAMORA,ZAMORA CHINCHIPE,NANGARITZA,001906,NUEVO PARAISO,PUESTO DE SALUD,1,ENFERMERIA,58,-4.37384771473723,-78.6589102728066
1089,Z07,19D02 ZAMORA,ZAMORA CHINCHIPE,NANGARITZA,001908,GERANIOS,PUESTO DE SALUD,1,ENFERMERIA,58,-4.14146656236162,-78.631974935876
1090,Z07,19D02 ZAMORA,ZAMORA CHINCHIPE,NANGARITZA,001909,ZURMI,PUESTO DE SALUD,1,ENFERMERIA,58,-4.10056091277961,-78.6645035476764
1091,Z07,19D02 ZAMORA,ZAMORA CHINCHIPE,NANGARITZA,001926,GUAYZIMI,CENTRO DE SALUD A,2,ENFERMERIA,58,-4.04737476322371,-78.6807069720175
1092,Z07,19D02 ZAMORA,ZAMORA CHINCHIPE,PAQUISHA,001941,BELLAVISTA,PUESTO DE SALUD,2,ENFERMERIA,58,-3.87024191373198,-78.6759532286841
1093,Z07,19D02 ZAMORA,ZAMORA CHINCHIPE,PAQUISHA,001942,CHINAPINTZA,PUESTO DE SALUD,1,ENFERMERIA,58,-4.04119921277202,-78.596534707745
1094,Z07,19D02 ZAMORA,ZAMORA CHINCHIPE,PAQUISHA,001943,CISAM,PUESTO DE SALUD,1,ENFERMERIA,58,-3.99548843785013,-78.6459837376591
1095,Z07,19D03 ZAMORA,ZAMORA CHINCHIPE,CHINCHIPE,001901,LA CHONTA,CENTRO DE SALUD A,1,ENFERMERIA,58,-4.94507855552491,-79.095492484763
1096,Z07,19D03 ZAMORA,ZAMORA CHINCHIPE,CHINCHIPE,001902,EL CHORRO,PUESTO DE SALUD,1,ENFERMERIA,58,-4.91323445490107,-79.1052650418899
1097,Z07,19D03 ZAMORA,ZAMORA CHINCHIPE,CHINCHIPE,001903,CHITO,CENTRO DE SALUD A,1,ENFERMERIA,58,-4.9359760580314,-79.0404374992895
1098,Z07,19D03 ZAMORA,ZAMORA CHINCHIPE,PALANDA,001904,SAN FRANCISCO DEL VERGEL,PUESTO DE SALUD,2,ENFERMERIA,58,-4.67753717288069,-79.0440956582717
1099,Z07,19D03 ZAMORA,ZAMORA CHINCHIPE,CHINCHIPE,001921,LA GUAYUZA,PUESTO DE SALUD,1,ENFERMERIA,58,-4.92590180314156,-79.1566963014826
1100,Z07,19D03 ZAMORA,ZAMORA CHINCHIPE,PALANDA,001944,PALANDA,CENTRO DE SALUD B,1,ENFERMERIA,58,-4.6478112254297,-79.1315956507035
1101,Z07,19D03 ZAMORA,ZAMORA CHINCHIPE,CHINCHIPE,002846,CENTRO DE SALUD DE ZUMBA,CENTRO DE SALUD A,1,ENFERMERIA,58,-4.86810547015256,-79.1403312172714
1102,Z07,19D04 ZAMORA,ZAMORA CHINCHIPE,EL PANGUI,001912,PACHICUTZA,PUESTO DE SALUD,1,ENFERMERIA,58,-3.67067331274376,-78.6130599919066
1103,Z07,19D04 ZAMORA,ZAMORA CHINCHIPE,EL PANGUI,001913,EL PANGUI,CENTRO DE SALUD B,3,ENFERMERIA,59,-3.63,-78.58
1104,Z07,19D04 ZAMORA,ZAMORA CHINCHIPE,EL PANGUI,001914,TUNDAYME,PUESTO DE SALUD,1,ENFERMERIA,59,-3.57641570829801,-78.4891360267503
1105,Z07,19D04 ZAMORA,ZAMORA CHINCHIPE,YANTZAZA,001932,CHICAÑA,CENTRO DE SALUD A,1,ENFERMERIA,59,-3.72299905447663,-78.749342650801
1106,Z07,19D04 ZAMORA,ZAMORA CHINCHIPE,EL PANGUI,001934,CHUCHUMBLETZA,PUESTO DE SALUD,1,ENFERMERIA,59,-3.5344,-78.53093
1107,Z07,19D04 ZAMORA,ZAMORA CHINCHIPE,YANTZAZA,001939,EL PINCHO,PUESTO DE SALUD,1,ENFERMERIA,59,-3.7163622260,-78.59522875
1108,Z07,19D04 ZAMORA,ZAMORA CHINCHIPE,YANTZAZA,001940,LOS ENCUENTROS,CENTRO DE SALUD A,1,ENFERMERIA,59,-3.75973128,-78.65010004
1109,Z07,19D04 ZAMORA,ZAMORA CHINCHIPE,YANTZAZA,002845,CENTRO DE SALUD TIPO A YANTZAZA,CENTRO DE SALUD A,2,ENFERMERIA,59,-3.83579893926063,-78.7593835984439
1110,Z08,09D01,GUAYAS,GUAYAQUIL,000904,PUNA,CENTRO DE SALUD A,1,ENFERMERIA,59,-2.73918692693899,-79.9085551451936
1111,Z08,09D01,GUAYAS,GUAYAQUIL,000905,PUERTO SALINAS,PUESTO DE SALUD,1,ENFERMERIA,59,-2.5792516309,-80.0051091664
1112,Z08,09D01,GUAYAS,GUAYAQUIL,000907,CERRITO DE LOS MORREÑOS,PUESTO DE SALUD,1,ENFERMERIA,59,-2.4651333699,-79.9097523967
1113,Z08,09D01,GUAYAS,GUAYAQUIL,000908,PUERTO LA CRUZ,PUESTO DE SALUD,1,ENFERMERIA,59,-2.599930854,-79.8575508424
1114,Z08,09D01,GUAYAS,GUAYAQUIL,000910,PUERTO ROMA,PUESTO DE SALUD,1,ENFERMERIA,59,-2.5107685206,-79.8922734969
1115,Z08,09D01,GUAYAS,GUAYAQUIL,002836,CAMPO ALEGRE,PUESTO DE SALUD,1,ENFERMERIA,59,-2.821101,-80.134749
1116,Z08,09D04,GUAYAS,GUAYAQUIL,056390,CENTRO DE SALUD TIPO C SAN FRANCISCO DE TENGUEL,CENTRO DE SALUD C,2,ENFERMERIA,59,-2.99692035417424,-79.7901691335901
1117,Z08,09D08,GUAYAS,GUAYAQUIL,000800,CENTRO DE SALUD CHONGON,CENTRO DE SALUD A,2,ENFERMERIA,59,-2.23316459156011,-80.0806577810994
1118,Z08,09D08,GUAYAS,GUAYAQUIL,000801,CERECITA,CENTRO DE SALUD A,2,ENFERMERIA,59,-2.33510768521332,-80.2710875294247
1119,Z08,09D08,GUAYAS,GUAYAQUIL,000802,CONSUELO,CENTRO DE SALUD A,1,ENFERMERIA,59,-2.28410474938865,-80.188719389248
1120,Z08,09D08,GUAYAS,GUAYAQUIL,000808,FLOR DEL BASTION 2,CENTRO DE SALUD A,2,ENFERMERIA,59,-2.100889,-79.960417
1121,Z08,09D08,GUAYAS,GUAYAQUIL,000813,PASCUALES,CENTRO DE SALUD B,2,ENFERMERIA,59,-2.06839687432318,-79.9314034827279
1122,Z08,09D08,GUAYAS,GUAYAQUIL,000884,PROGRESO,CENTRO DE SALUD A,1,ENFERMERIA,60,-2.41072872772379,-80.3648465039021
1123,Z08,09D08,GUAYAS,GUAYAQUIL,000885,PUERTO DEL MORRO,CENTRO DE SALUD A,1,ENFERMERIA,60,-2.61073423039701,-80.3037610205165
1124,Z08,09D08,GUAYAS,GUAYAQUIL,000886,POCITOS,PUESTO DE SALUD,1,ENFERMERIA,60,-2.5933725592302,-80.3517423643866
1125,Z08,09D08,GUAYAS,GUAYAQUIL,002785,MONTE SINAI,CENTRO DE SALUD B,2,ENFERMERIA,60,-2.119667,-79.997222
1126,Z08,09D08,GUAYAS,GUAYAQUIL,002789,POSORJA,CENTRO DE SALUD C,1,ENFERMERIA,60,-2.70194061111414,-80.2731685634898
1127,Z08,09D08,GUAYAS,GUAYAQUIL,002821,SITIO NUEVO,PUESTO DE SALUD,1,ENFERMERIA,60,-2.56274549527414,-80.3256541307167
1128,Z08,09D08,GUAYAS,GUAYAQUIL,040438,SOCIO VIVIENDA 2,CENTRO DE SALUD A,1,ENFERMERIA,60,-2.134488,-79.962373
1129,Z08,09D08,GUAYAS,GUAYAQUIL,040511,SOCIO VIVIENDA 1,CENTRO DE SALUD A,2,ENFERMERIA,60,-2.130810,-79.963734
1130,Z08,09D08,GUAYAS,GUAYAQUIL,047843,CIUDAD VICTORIA,CENTRO DE SALUD C,2,ENFERMERIA,60,-2.086028,-79.991556
1131,Z08,09D08,GUAYAS,GUAYAQUIL,065573,CENTRO DE SALUD NUEVA PROSPERINA,CENTRO DE SALUD A,1,ENFERMERIA,60,-2.122745,-79.970181
1132,Z08,09D24,GUAYAS,DURAN,000842,DURAN,CENTRO DE SALUD B,2,ENFERMERIA,60,-2.16843292122459,-79.8465096176518
1133,Z08,09D24,GUAYAS,SAMBORONDON,000887,SAMBORONDON,CENTRO DE SALUD B,2,ENFERMERIA,60,-1.9588551628445,-79.7266179723165
1134,Z08,09D24,GUAYAS,SAMBORONDON,000888,BOCA DE CAÑA,CENTRO DE SALUD A,1,ENFERMERIA,60,-1.98410418336985,-79.7561756304096
1135,Z08,09D24,GUAYAS,SAMBORONDON,000889,TARIFA,CENTRO DE SALUD A,1,ENFERMERIA,60,-1.97767159308162,-79.7541217332918
1136,Z09,17D03,PICHINCHA,DISTRITO METROPOLITANO DE QUITO,001664,CALACALI,CENTRO DE SALUD A,1,ENFERMERIA,60,0.000153658747982487,-78.5152298527611
1137,Z09,17D03,PICHINCHA,DISTRITO METROPOLITANO DE QUITO,001685,NONO,CENTRO DE SALUD A,2,ENFERMERIA,60,-0.0672805,-78.579186373
1138,Z09,17D03,PICHINCHA,DISTRITO METROPOLITANO DE QUITO,001729,GUALEA,CENTRO DE SALUD A,1,ENFERMERIA,60,0.113527964827018,-78.7498113066275
1139,Z09,17D03,PICHINCHA,DISTRITO METROPOLITANO DE QUITO,001730,NANEGAL,CENTRO DE SALUD A,1,ENFERMERIA,61,0.138607613387596,-78.6762395618105
1140,Z09,17D03,PICHINCHA,DISTRITO METROPOLITANO DE QUITO,001731,PACTO,CENTRO DE SALUD A,2,ENFERMERIA,61,0.141626885248189,-78.7672567179554
1141,Z09,17D03,PICHINCHA,DISTRITO METROPOLITANO DE QUITO,001732,SAGUANGAL,CENTRO DE SALUD A,2,ENFERMERIA,61,0.229395832433614,-78.7977778621638
1142,Z09,17D03,PICHINCHA,DISTRITO METROPOLITANO DE QUITO,001733,LAS TOLAS,PUESTO DE SALUD,1,ENFERMERIA,61,0.0794473252259073,-78.772792984931
1143,Z09,17D03,PICHINCHA,DISTRITO METROPOLITANO DE QUITO,001734,BELLAVISTA,PUESTO DE SALUD,1,ENFERMERIA,61,0.198521187812746,-78.7238328531971
1144,Z09,17D03,PICHINCHA,DISTRITO METROPOLITANO DE QUITO,001757,CENTRO DE SALUD ATAHUALPA,CENTRO DE SALUD A,2,ENFERMERIA,61,0.134888303768008,-78.3731138854487
1145,Z09,17D03,PICHINCHA,DISTRITO METROPOLITANO DE QUITO,001758,CHAVEZPAMBA,PUESTO DE SALUD,2,ENFERMERIA,61,0.124380239859212,-78.4014924158364
1146,Z09,17D03,PICHINCHA,DISTRITO METROPOLITANO DE QUITO,001759,GUAYLLABAMBA,CENTRO DE SALUD A,2,ENFERMERIA,61,-0.0655772279139284,-78.3612066628475
1147,Z09,17D03,PICHINCHA,DISTRITO METROPOLITANO DE QUITO,001760,PERUCHO,CENTRO DE SALUD A,2,ENFERMERIA,61,0.107679801207973,-78.4212355309755
1148,Z09,17D03,PICHINCHA,DISTRITO METROPOLITANO DE QUITO,001761,PUELLARO,CENTRO DE SALUD A,2,ENFERMERIA,61,0.0647477765617385,-78.3998809126569
1149,Z09,17D03,PICHINCHA,DISTRITO METROPOLITANO DE QUITO,001762,SAN JOSE DE MINAS,CENTRO DE SALUD A,2,ENFERMERIA,61,0.174857951553483,-78.4070525273814
1150,Z09,17D03,PICHINCHA,DISTRITO METROPOLITANO DE QUITO,001791,CENTRO DE SALUD TIPO C HOSPITAL BASICO DE NANEGALITO,CENTRO DE SALUD C,2,ENFERMERIA,61,0.063387381587785,-78.6793068555525
1151,Z09,17D06,PICHINCHA,DISTRITO METROPOLITANO DE QUITO,001642,LLOA,CENTRO DE SALUD A,1,ENFERMERIA,61,-0.247719037467443,-78.5801934788887
1152,Z09,17D06,PICHINCHA,DISTRITO METROPOLITANO DE QUITO,001708,EL QUINCHE,CENTRO DE SALUD A,2,ENFERMERIA,62,-0.110903950152737,-78.2935264473774
1153,Z09,17D06,PICHINCHA,DISTRITO METROPOLITANO DE QUITO,001710,PIFO,CENTRO DE SALUD A,1,ENFERMERIA,62,-0.224454819055331,-78.3372013485157
1154,Z09,17D06,PICHINCHA,DISTRITO METROPOLITANO DE QUITO,001711,TABABELA,CENTRO DE SALUD A,1,ENFERMERIA,62,-0.184718157493905,-78.3446947653444
1155,Z09,17D06,PICHINCHA,DISTRITO METROPOLITANO DE QUITO,001712,CHECA,CENTRO DE SALUD A,2,ENFERMERIA,62,-0.127398748605361,-78.3124298681386
1156,Z09,17D06,PICHINCHA,DISTRITO METROPOLITANO DE QUITO,001775,PINTAG,CENTRO DE SALUD A,1,ENFERMERIA,62,-0.37549105447204,-78.3731548214425
1157,Z09,17D06,PICHINCHA,DISTRITO METROPOLITANO DE QUITO,001776,TOLONTAG,CENTRO DE SALUD A,2,ENFERMERIA,62,-0.335620570317101,-78.3546907575257
1158,Z09,17D06,PICHINCHA,DISTRITO METROPOLITANO DE QUITO,002992,MANGAHUANTAG,PUESTO DE SALUD,1,ENFERMERIA,62,-0.168788526078025,-78.3705602465267
1159,Z03,16D01,PASTAZA,PASTAZA,001575,SHELL,CENTRO DE SALUD A,2,ENFERMERIA,62,-1.49974688604711,-78.0621318322278
1160,Z03,16D01,PASTAZA,PASTAZA,001557,URBANO PUYO,CENTRO DE SALUD A,2,ENFERMERIA,62,-1.49444071701827,-77.9928314486476
1161,Z09,17D03,PICHINCHA,DISTRITO METROPOLITANO DE QUITO,001673,COCOTOG,CENTRO DE SALUD A,1,ENFERMERIA,62,-0.13961190120488,-78.4260354796281
1162,Z09,17D03,PICHINCHA,DISTRITO METROPOLITANO DE QUITO,002124,TANDA,CENTRO DE SALUD A,1,ENFERMERIA,62,-0.180384619064714,-78.4382939434973
1163,Z09,17D03,PICHINCHA,DISTRITO METROPOLITANO DE QUITO,001612,FRAY BARTOLOME DE LAS CASAS,CENTRO DE SALUD B,1,ENFERMERIA,62,-0.189812577621985,-78.5071987116198
1164,Z09,17D03,PICHINCHA,DISTRITO METROPOLITANO DE QUITO,001670,COMITÉ DEL PUEBLO,CENTRO DE SALUD A,2,ENFERMERIA,62,-0.120156672979262,-78.4669492083696
1165,Z09,17D03,PICHINCHA,DISTRITO METROPOLITANO DE QUITO,001668,POMASQUI,CENTRO DE SALUD A,2,ENFERMERIA,63,-0.0571222364351502,-78.4548333698615
1166,Z09,17D03,PICHINCHA,DISTRITO METROPOLITANO DE QUITO,001669,SAN ANTONIO DE PICHINCHA,CENTRO DE SALUD A,3,ENFERMERIA,63,-0.00823385973118693,-78.445892720884
1167,Z09,17D03,PICHINCHA,DISTRITO METROPOLITANO DE QUITO,001658,COTOCOLLAO,CENTRO DE SALUD A,1,ENFERMERIA,63,-0.11195191762181,-78.4914778612484
1168,Z09,17D06,PICHINCHA,DISTRITO METROPOLITANO DE QUITO,001769,CONOCOTO,CENTRO DE SALUD C,1,ENFERMERIA,63,-0.291759358,-78.47477847921
1169,Z09,17D06,PICHINCHA,DISTRITO METROPOLITANO DE QUITO,001705,LUMBISI,CENTRO DE SALUD A,1,ENFERMERIA,63,-0.232482690337699,-78.4483048432898
1170,1,08D02,ESMERALDAS,ELOY ALFARO,000712,HOSPITAL BÁSICO BORBÓN,HOSPITAL BASICO,1,ENFERMERIA,63,1.08843999996536,-78.9898600000368
1171,1,08D05,ESMERALDAS,SAN LORENZO,003472,SAN LORENZO (HOSPITAL BASICO DIVINA PROVIDENCIA),HOSPITAL BASICO,1,ENFERMERIA,63,1.2786325573359,-78.8154216013304
1172,6,14D05 MORONA,MORONA SANTIAGO,TAISHA,002972,CENTRO DE SALUD DE TAISHA (HOSPITAL BÁSICO SAN JOSÉ DE TAISHA),HOSPITAL BASICO,6,ENFERMERIA,63,-2.39551821412295,-77.5064577945036
1173,7,19D03 ZAMORA,ZAMORA CHINCHIPE,CHINCHIPE,001949,HOSPITAL BÀSICO ZUMBA,HOSPITAL BASICO,1,ENFERMERIA,63,-4.86343455380141,-79.1351518186161
1174,7,11D05,LOJA,ESPINDOLA,001139,HOSPITAL BASICO AMALUZA,HOSPITAL BASICO,1,ENFERMERIA,63,-4.58157096728957,-79.4288540109818
1175,5,20D01,GALÁPAGOS,SANTA CRUZ,002887,HOSPITAL BÁSICO REPÚBLICA DEL ECUADOR,HOSPITAL BASICO,2,ENFERMERIA,63,-0.747007,-90.313859
1176,5,20D01,GALÁPAGOS,SAN CRISTOBAL,002876,HOSPITAL OSKAR JANDL,HOSPITAL BASICO,2,ENFERMERIA,63,-0.905125283880837,-89.6153364227047
1177,Z01,04D01,CARCHI,TULCAN,002996,BABOSO,PUESTO DE SALUD,1,MEDICINA,63,0.893280129492066,-78.44851127975
1178,Z01,04D01,CARCHI,TULCAN,000288,CHICAL,CENTRO DE SALUD A,3,MEDICINA,63,0.936750766371475,-78.1862325313026
1179,Z01,04D01,CARCHI,TULCAN,000284,EL CARMELO,CENTRO DE SALUD A,2,MEDICINA,63,0.670826517587276,-77.5926273164787
1180,Z01,04D01,CARCHI,SAN PEDRO DE HUACA,000242,HUACA,CENTRO DE SALUD A,3,MEDICINA,63,0.641174,-77.725203
1181,Z01,04D01,CARCHI,TULCAN,000286,JULIO ANDRADE,CENTRO DE SALUD A,2,MEDICINA,64,0.653486509807612,-77.7210518912767
1182,Z01,04D01,CARCHI,TULCAN,000287,MALDONADO,CENTRO DE SALUD A,2,MEDICINA,64,0.911719538449281,-78.1062163332705
1183,Z01,04D01,CARCHI,SAN PEDRO DE HUACA,000283,MARISCAL SUCRE,CENTRO DE SALUD A,1,MEDICINA,64,0.590796,-77.733051
1184,Z01,04D01,CARCHI,TULCAN,000241,PIOTER,CENTRO DE SALUD A,1,MEDICINA,64,0.643819214578424,-77.7832385306928
1185,Z01,04D01,CARCHI,TULCAN,002994,SAN MARCOS,CENTRO DE SALUD A,3,MEDICINA,64,1.09736123322,-78.2724239770367
1186,Z01,04D01,CARCHI,TULCAN,000240,SANTA MARTHA DE CUBA,CENTRO DE SALUD A,1,MEDICINA,64,0.638170955414676,-77.7506408803729
1187,Z01,04D01,CARCHI,TULCAN,000281,TAJAMAR,CENTRO DE SALUD A,2,MEDICINA,64,0.806197102,-77.7170736588
1188,Z01,04D01,CARCHI,TULCAN,000285,TUFIÑO,CENTRO DE SALUD A,1,MEDICINA,64,0.801514283338083,-77.854808993366
1189,Z01,04D01,CARCHI,TULCAN,000282,URBINA,CENTRO DE SALUD A,2,MEDICINA,64,0.804422,-77.676387
1190,Z01,04D02,CARCHI,BOLIVAR,000236,BOLIVAR,CENTRO DE SALUD A,1,MEDICINA,64,0.501174364163741,-77.910695138059
1191,Z01,04D02,CARCHI,BOLIVAR,000248,CALDERA,CENTRO DE SALUD A,2,MEDICINA,64,0.433255566929673,-77.9329661315492
1192,Z01,04D02,CARCHI,MONTUFAR,000254,CHITAN DE NAVARRETE,CENTRO DE SALUD A,2,MEDICINA,64,0.624097150622776,-77.7912710044222
1193,Z01,04D02,CARCHI,MONTUFAR,000253,CRISTOBAL COLON,CENTRO DE SALUD A,1,MEDICINA,64,0.60635373979,-77.8140828
1194,Z01,04D02,CARCHI,MONTUFAR,000245,FERNANDEZ SALVADOR,CENTRO DE SALUD A,1,MEDICINA,64,0.600496407558447,-77.7508009809422
1195,Z01,04D02,CARCHI,BOLIVAR,002905,FUNDECRUZ,CENTRO DE SALUD A,1,MEDICINA,64,0.438396995400033,-77.9554494063961
1196,Z01,04D02,CARCHI,MONTUFAR,000246,LA PAZ,CENTRO DE SALUD A,2,MEDICINA,64,0.509779260591087,-77.8664357439832
1197,Z01,04D02,CARCHI,BOLIVAR,000269,LAS LAJAS,PUESTO DE SALUD,2,MEDICINA,64,0.559153711506513,-77.9165697353466
1198,Z01,04D02,CARCHI,BOLIVAR,000250,MONTE OLIVO,PUESTO DE SALUD,2,MEDICINA,64,0.38631372392543,-77.8629500515659
1199,Z01,04D02,CARCHI,MONTUFAR,000251,PIARTAL,CENTRO DE SALUD A,1,MEDICINA,64,0.566806113678589,-77.7718259413319
1200,Z01,04D02,CARCHI,BOLIVAR,000249,PUEBLO NUEVO,PUESTO DE SALUD,1,MEDICINA,65,0.407958540893302,-77.9026652270267
1201,Z01,04D02,CARCHI,BOLIVAR,000244,PUSIR GRANDE,PUESTO DE SALUD,3,MEDICINA,65,0.459396977798966,-77.9929111481541
1202,Z01,04D02,CARCHI,MONTUFAR,000290,SAN PEDRO ALTO,PUESTO DE SALUD,2,MEDICINA,65,0.5637893910,-77.746184003
1203,Z01,04D02,CARCHI,BOLIVAR,000255,SAN VICENTE DE PUSIR,CENTRO DE SALUD A,1,MEDICINA,65,0.492636210251636,-78.0470397489832
1204,Z01,04D02,CARCHI,BOLIVAR,000266,YASCON,PUESTO DE SALUD,1,MEDICINA,65,0.521944372032361,-78.0047634915553
1205,Z01,04D03,CARCHI,MIRA,000270,EL ROSAL,PUESTO DE SALUD,1,MEDICINA,65,0.6664956236893,-78.1603049454144
1206,Z01,04D03,CARCHI,ESPEJO,000258,ELOY ALFARO,PUESTO DE SALUD,1,MEDICINA,65,0.657718428903687,-77.9683300420244
1207,Z01,04D03,CARCHI,ESPEJO,000274,GUALCHAN,CENTRO DE SALUD A,1,MEDICINA,65,0.784657639927534,-78.2087500931955
1208,Z01,04D03,CARCHI,MIRA,000265,HATO DE MIRA,CENTRO DE SALUD A,1,MEDICINA,65,0.58720123064842,-78.0516971032768
1209,Z01,04D03,CARCHI,ESPEJO,000259,INGUEZA,CENTRO DE SALUD A,1,MEDICINA,65,0.644217808603657,-77.9720827331996
1210,Z01,04D03,CARCHI,MIRA,000264,JUAN MONTALVO (SAN IGNACIO DE QUIL),CENTRO DE SALUD A,1,MEDICINA,65,0.58861111194101,-78.0865477867074
1211,Z01,04D03,CARCHI,MIRA,000262,LA CONCEPCION,CENTRO DE SALUD A,1,MEDICINA,65,0.604652334936069,-78.1260683699622
1212,Z01,04D03,CARCHI,MIRA,000238,MASCARILLA,CENTRO DE SALUD A,1,MEDICINA,65,0.486494460171892,-78.0726216469069
1213,Z01,04D03,CARCHI,MIRA,000276,NARANJITO,PUESTO DE SALUD,1,MEDICINA,65,0.6864663042,-78.194359156
1214,Z01,04D03,CARCHI,MIRA,000272,RIO VERDE,PUESTO DE SALUD,1,MEDICINA,65,0.829085961103014,-78.3732337851115
1215,Z01,04D03,CARCHI,ESPEJO,000260,SAN ISIDRO,CENTRO DE SALUD A,1,MEDICINA,65,0.601456120706784,-77.9862841561557
1216,Z01,04D03,CARCHI,MIRA,000271,SAN JUAN DE LACHAS,CENTRO DE SALUD B,3,MEDICINA,65,0.7486022024,-78.24362583
1217,Z01,08D01,ESMERALDAS,ESMERALDAS,000631,CAMARONES,CENTRO DE SALUD A,3,MEDICINA,65,0.993206209714272,-79.5630101109361
1218,Z01,08D01,ESMERALDAS,RIOVERDE,000639,CAPULI,PUESTO DE SALUD,1,MEDICINA,65,0.75901043,-79.36686956
1219,Z01,08D01,ESMERALDAS,ESMERALDAS,000618,CARLOS CONCHA,CENTRO DE SALUD A,2,MEDICINA,66,0.710583997,-79.689235430
1220,Z01,08D01,ESMERALDAS,ESMERALDAS,000612,CHAFLU,CENTRO DE SALUD A,3,MEDICINA,66,0.739283064,-79.582706047
1221,Z01,08D01,ESMERALDAS,RIOVERDE,000632,CHONTADURO,CENTRO DE SALUD A,1,MEDICINA,66,0.930385,-79.435101
1222,Z01,08D01,ESMERALDAS,RIOVERDE,000633,CHUMUNDE,CENTRO DE SALUD A,3,MEDICINA,66,0.8326711213,-79.41874963
1223,Z01,08D01,ESMERALDAS,RIOVERDE,000641,CHUNGUILLO,PUESTO DE SALUD,1,MEDICINA,66,1.0091600000302,-79.381129999991
1224,Z01,08D01,ESMERALDAS,RIOVERDE,000634,LAGARTO,CENTRO DE SALUD A,2,MEDICINA,66,1.0443391441,-79.285553450
1225,Z01,08D01,ESMERALDAS,ESMERALDAS,000619,MAJUA,CENTRO DE SALUD A,3,MEDICINA,66,0.703805112,-79.52884135
1226,Z01,08D01,ESMERALDAS,RIOVERDE,000635,MONTALVO,CENTRO DE SALUD A,3,MEDICINA,66,1.04925482096,-79.3126858183
1227,Z01,08D01,ESMERALDAS,RIOVERDE,000640,PROGRESO,PUESTO DE SALUD,2,MEDICINA,66,0.960959999979283,-79.3337599999942
1228,Z01,08D01,ESMERALDAS,RIOVERDE,000630,RIO VERDE,CENTRO DE SALUD C,4,MEDICINA,66,1.06625291882525,-79.4067080302073
1229,Z01,08D01,ESMERALDAS,RIOVERDE,000636,ROCAFUERTE,CENTRO DE SALUD A,3,MEDICINA,66,1.06824999998901,-79.37305999999
1230,Z01,08D01,ESMERALDAS,ESMERALDAS,000613,SAN MATEO,CENTRO DE SALUD A,5,MEDICINA,66,0.8910560989,-79.6309321616
1231,Z01,08D01,ESMERALDAS,ESMERALDAS,000614,TABIAZO,CENTRO DE SALUD A,1,MEDICINA,66,0.824970000028296,-79.701209999984
1232,Z01,08D01,ESMERALDAS,ESMERALDAS,000615,TACHINA,CENTRO DE SALUD A,1,MEDICINA,66,0.9613650104,-79.626213509
1233,Z01,08D01,ESMERALDAS,RIOVERDE,000638,VENADO,PUESTO DE SALUD,1,MEDICINA,66,0.884579,-79.393301
1234,Z01,08D02,ESMERALDAS,ELOY ALFARO,000681,ANCHAYACU,CENTRO DE SALUD A,1,MEDICINA,66,0.95951000003665,-79.053939999999
1235,Z01,08D02,ESMERALDAS,ELOY ALFARO,000676,ATAHUALPA,PUESTO DE SALUD,1,MEDICINA,66,0.857730000032459,-78.9605699999964
1236,Z01,08D02,ESMERALDAS,ELOY ALFARO,004101,CENTRO DE SALUD DE LIMONES,CENTRO DE SALUD A,1,MEDICINA,66,1.25163,-78.98526
1237,Z01,08D02,ESMERALDAS,ELOY ALFARO,002743,HOJA BLANCA,CENTRO DE SALUD A,1,MEDICINA,66,0.557108875377185,-79.1968263964763
1238,Z01,08D02,ESMERALDAS,ELOY ALFARO,000692,LAS PEÑAS,CENTRO DE SALUD A,1,MEDICINA,67,1.09720317626716,-79.1605214998884
1239,Z01,08D02,ESMERALDAS,ELOY ALFARO,000690,PAMPANAL DE BOLIVAR,CENTRO DE SALUD A,1,MEDICINA,67,1.3526281145839,-78.8942360491495
1240,Z01,08D02,ESMERALDAS,ELOY ALFARO,000682,PLAYA DE ORO,CENTRO DE SALUD A,1,MEDICINA,67,0.875420000009707,-78.794660000018
1241,Z01,08D02,ESMERALDAS,ELOY ALFARO,000679,SAN FRANCISCO DE ONZOLE,CENTRO DE SALUD B,2,MEDICINA,67,0.89004999997536,-79.0760599999919
1242,Z01,08D02,ESMERALDAS,ELOY ALFARO,000683,SANTO DOMINGO DE ONZOLE,CENTRO DE SALUD A,1,MEDICINA,67,0.802289999974604,-79.0678299999779
1243,Z01,08D02,ESMERALDAS,ELOY ALFARO,000684,SELVA ALEGRE,CENTRO DE SALUD A,2,MEDICINA,67,0.935870000007928,-78.8572099999994
1244,Z01,08D02,ESMERALDAS,ELOY ALFARO,000689,TOLITA PAMPA DE ORO,CENTRO DE SALUD A,1,MEDICINA,67,1.19610855907823,-79.0028676313606
1245,Z01,08D02,ESMERALDAS,ELOY ALFARO,000677,ZAPALLO GRANDE,CENTRO DE SALUD A,3,MEDICINA,67,0.797829999967056,-78.9153300000001
1246,Z01,08D03,ESMERALDAS,MUISNE,000700,BOCA DEL CANUTO,CENTRO DE SALUD A,1,MEDICINA,67,0.573830000018539,-79.895650000037
1247,Z01,08D03,ESMERALDAS,MUISNE,000693,BOLIVAR,CENTRO DE SALUD A,1,MEDICINA,67,0.447951,-80.042536
1248,Z01,08D03,ESMERALDAS,MUISNE,000694,CABO SAN FRANCISCO,CENTRO DE SALUD A,1,MEDICINA,67,0.65384299528,-80.0657639015133
1249,Z01,08D03,ESMERALDAS,MUISNE,047180,CENTRO DE SALUD TIPO C MUISNE,CENTRO DE SALUD C,4,MEDICINA,67,0.628161,-80.006926
1250,Z01,08D03,ESMERALDAS,MUISNE,000696,CHAMANGA,CENTRO DE SALUD A,2,MEDICINA,67,0.276709999979673,-79.9508799999661
1251,Z01,08D03,ESMERALDAS,MUISNE,000644,ESTERO DE PLATANO,CENTRO DE SALUD A,1,MEDICINA,67,0.7765443099,-80.088598900
1252,Z01,08D03,ESMERALDAS,MUISNE,000606,MOMPICHE,PUESTO DE SALUD,1,MEDICINA,67,0.508590000024866,-80.0197200000029
1253,Z01,08D03,ESMERALDAS,MUISNE,000698,PEDRO CARBO,PUESTO DE SALUD,2,MEDICINA,67,0.372349999983462,-79.9744100000321
1254,Z01,08D03,ESMERALDAS,MUISNE,000703,PORTETE,PUESTO DE SALUD,1,MEDICINA,67,0.480334,-80.04793
1255,Z01,08D03,ESMERALDAS,ATACAMES,000648,SAN CARLOS TONSUPA,CENTRO DE SALUD A,2,MEDICINA,67,0.888159999996088,-79.8208400000277
1256,Z01,08D03,ESMERALDAS,MUISNE,000695,SAN GREGORIO,CENTRO DE SALUD A,3,MEDICINA,67,0.532360000016837,-79.9678599999743
1257,Z01,08D03,ESMERALDAS,MUISNE,000699,SAN SALVADOR,CENTRO DE SALUD A,4,MEDICINA,68,0.478530000025774,-79.8573199999896
1258,Z01,08D03,ESMERALDAS,ATACAMES,000646,SUA,CENTRO DE SALUD A,1,MEDICINA,68,0.863869999984834,-79.8694800000158
1259,Z01,08D03,ESMERALDAS,ATACAMES,000647,TONCHIGUE,CENTRO DE SALUD A,2,MEDICINA,68,0.8264417576,-79.9470053
1260,Z01,08D04,ESMERALDAS,QUININDE,000662,ACHICUBE ARRIBA,PUESTO DE SALUD,1,MEDICINA,68,0.427759999960967,-79.6126399999881
1261,Z01,08D04,ESMERALDAS,QUININDE,002080,BOCANA DEL BUA,CENTRO DE SALUD A,1,MEDICINA,68,-0.0172199999863807,-79.5997399999889
1262,Z01,08D04,ESMERALDAS,QUININDE,002759,CHURA,CENTRO DE SALUD A,2,MEDICINA,68,0.585805827575769,-79.4836936454403
1263,Z01,08D04,ESMERALDAS,QUININDE,004315,CRISTOBAL COLON,CENTRO DE SALUD A,2,MEDICINA,68,0.45666,-79.159877
1264,Z01,08D04,ESMERALDAS,QUININDE,000654,CUBE,CENTRO DE SALUD A,1,MEDICINA,68,0.581579999977756,-79.6380799999894
1265,Z01,08D04,ESMERALDAS,QUININDE,000652,CUPA,CENTRO DE SALUD A,1,MEDICINA,68,0.37277925689,-79.49111592
1266,Z01,08D04,ESMERALDAS,QUININDE,000605,EL TRIUNFO DEL CALVARIO,CENTRO DE SALUD A,1,MEDICINA,68,0.538060000043567,-79.4420500000339
1267,Z01,08D04,ESMERALDAS,QUININDE,000658,LA T,CENTRO DE SALUD A,1,MEDICINA,68,0.418618,-79.197455
1268,Z01,08D04,ESMERALDAS,QUININDE,000653,LA Y DE LA LAGUNA,CENTRO DE SALUD A,1,MEDICINA,68,0.386040000033999,-79.6379299999866
1269,Z01,08D04,ESMERALDAS,QUININDE,000656,MALIMPIA,CENTRO DE SALUD A,1,MEDICINA,68,0.417409999969935,-79.4264800000218
1270,Z01,08D04,ESMERALDAS,QUININDE,002758,SAN ROQUE,CENTRO DE SALUD A,1,MEDICINA,68,0.277599815479704,-79.5512591552885
1271,Z01,08D04,ESMERALDAS,QUININDE,000660,UNION DE QUININDE,CENTRO DE SALUD B,2,MEDICINA,68,0.139260000040748,-79.4035199999701
1272,Z01,08D04,ESMERALDAS,QUININDE,000659,VICHE,CENTRO DE SALUD A,1,MEDICINA,68,0.658779999970948,-79.5390300000178
1273,Z01,08D04,ESMERALDAS,QUININDE,000657,ZAPALLO,CENTRO DE SALUD A,1,MEDICINA,68,0.417629999962132,-79.2455900000144
1274,Z01,08D05,ESMERALDAS,SAN LORENZO,000668,CALDERON,CENTRO DE SALUD A,3,MEDICINA,68,1.170237,-78.767004
1275,Z01,08D05,ESMERALDAS,SAN LORENZO,000669,CARONDELET,CENTRO DE SALUD A,2,MEDICINA,68,1.12880999995946,-78.7599299999883
1276,Z01,08D05,ESMERALDAS,SAN LORENZO,000680,CONCEPCION,CENTRO DE SALUD A,2,MEDICINA,69,1.04090999997039,-78.827750000016
1277,Z01,08D05,ESMERALDAS,SAN LORENZO,000670,MATAJE,CENTRO DE SALUD A,1,MEDICINA,69,1.35784171381157,-78.7129175673492
1278,Z01,08D05,ESMERALDAS,SAN LORENZO,000673,RICAURTE,CENTRO DE SALUD A,1,MEDICINA,69,1.18060999995495,-78.7268799999521
1279,Z01,08D05,ESMERALDAS,SAN LORENZO,000665,SAN FRANCISCO DE BOGOTA,CENTRO DE SALUD A,2,MEDICINA,69,1.09425899996735,-78.7010050000296
1280,Z01,08D05,ESMERALDAS,SAN LORENZO,000671,SAN JAVIER,CENTRO DE SALUD A,2,MEDICINA,69,1.06958999999646,-78.7735000000268
1281,Z01,08D05,ESMERALDAS,SAN LORENZO,003472,SAN LORENZO,CENTRO DE SALUD C,7,MEDICINA,69,1.2786325573359,-78.8154216013304
1282,Z01,08D05,ESMERALDAS,SAN LORENZO,000691,TAMBILLO,CENTRO DE SALUD A,1,MEDICINA,69,1.2595899999589,-78.882599999959
1283,Z01,08D05,ESMERALDAS,SAN LORENZO,000666,URBINA,CENTRO DE SALUD A,1,MEDICINA,69,1.04228999999566,-78.7667800000067
1284,Z01,08D05,ESMERALDAS,SAN LORENZO,000686,WIMBI ( 5 DE JUNIO ),CENTRO DE SALUD A,1,MEDICINA,69,0.96179000002294,-78.7694499999998
1285,Z01,10D02,IMBABURA,OTAVALO,000997,AGATO,CENTRO DE SALUD A,1,MEDICINA,69,0.24412,-78.231573
1286,Z01,10D02,IMBABURA,ANTONIO ANTE,000983,CHALTURA,CENTRO DE SALUD A,2,MEDICINA,69,,
1287,Z01,10D02,IMBABURA,OTAVALO,000998,EUGENIO ESPEJO,CENTRO DE SALUD A,2,MEDICINA,69,,
1288,Z01,10D02,IMBABURA,OTAVALO,001005,GONZALES SUAREZ,CENTRO DE SALUD A,2,MEDICINA,69,0.17884050596981,-78.2021749943843
1289,Z01,10D02,IMBABURA,OTAVALO,000952,GUALSAQUI,CENTRO DE SALUD A,2,MEDICINA,69,0.252458179669532,-78.3189277725998
1290,Z01,10D02,IMBABURA,OTAVALO,000999,ILUMAN,CENTRO DE SALUD A,3,MEDICINA,69,0.268474,-78.236414
1291,Z01,10D02,IMBABURA,ANTONIO ANTE,000986,IMBAYA,CENTRO DE SALUD A,2,MEDICINA,69,0.372330071889941,-78.1492614891625
1292,Z01,10D02,IMBABURA,OTAVALO,001006,LA COMPANIA,CENTRO DE SALUD A,2,MEDICINA,69,0.22071013806216,-78.2219422678526
1293,Z01,10D02,IMBABURA,ANTONIO ANTE,000984,NATABUELA,CENTRO DE SALUD A,2,MEDICINA,69,0.343002475391417,-78.1909634835705
1294,Z01,10D02,IMBABURA,OTAVALO,001003,PATAQUI,PUESTO DE SALUD,1,MEDICINA,69,0.176153838747667,-78.3675249235562
1295,Z01,10D02,IMBABURA,OTAVALO,000953,PEGUCHE,CENTRO DE SALUD A,1,MEDICINA,70,0.248520979943029,-78.246585679654
1296,Z01,10D02,IMBABURA,OTAVALO,001000,PUNYARO,CENTRO DE SALUD A,1,MEDICINA,70,0.221821377828281,-78.26872684931
1297,Z01,10D02,IMBABURA,OTAVALO,001001,QUICHINCHE,CENTRO DE SALUD A,1,MEDICINA,70,0.237351050792495,-78.2897471576647
1298,Z01,10D02,IMBABURA,OTAVALO,001004,SAN PABLO,CENTRO DE SALUD B,5,MEDICINA,70,0.193378159839687,-78.1901359295508
1299,Z01,10D02,IMBABURA,OTAVALO,001007,SAN RAFAEL,CENTRO DE SALUD A,1,MEDICINA,70,0.192191002558649,-78.2243887404855
1300,Z01,10D02,IMBABURA,ANTONIO ANTE,000985,SAN ROQUE,CENTRO DE SALUD A,2,MEDICINA,70,0.306993867682573,-78.2303518382822
1301,Z01,10D02,IMBABURA,OTAVALO,001002,SELVA ALEGRE,CENTRO DE SALUD A,1,MEDICINA,70,0.247826571593191,-78.5751114887049
1302,Z01,10D03,IMBABURA,COTACACHI,000989,APUELA,CENTRO DE SALUD A,2,MEDICINA,70,0.3573459024,-78.511428845
1303,Z01,10D03,IMBABURA,COTACACHI,000955,CHALGUAYACU,PUESTO DE SALUD,1,MEDICINA,70,0.262065999989222,-78.6728630000345
1304,Z01,10D03,IMBABURA,COTACACHI,000995,CHONTAL,PUESTO DE SALUD,2,MEDICINA,70,0.240417240148814,-78.7484310726588
1305,Z01,10D03,IMBABURA,COTACACHI,000990,CUELLAJE,CENTRO DE SALUD A,2,MEDICINA,70,0.401160784036612,-78.5251893158886
1306,Z01,10D03,IMBABURA,COTACACHI,000991,GARCIA MORENO,CENTRO DE SALUD A,2,MEDICINA,70,0.233291747082117,-78.6285744116765
1307,Z01,10D03,IMBABURA,COTACACHI,000987,IMANTAG,CENTRO DE SALUD A,2,MEDICINA,70,0.360875704178013,-78.24735604241
1308,Z01,10D03,IMBABURA,COTACACHI,000996,LA MAGDALENA,CENTRO DE SALUD A,1,MEDICINA,70,0.244075442626219,-78.7838743438231
1309,Z01,10D03,IMBABURA,COTACACHI,002116,LAS GOLONDRINAS,CENTRO DE SALUD A,2,MEDICINA,70,0.319837315264828,-79.2106173311358
1310,Z01,10D03,IMBABURA,COTACACHI,002113,NARANJAL,CENTRO DE SALUD A,2,MEDICINA,70,0.279390158582178,-78.9978697058474
1311,Z01,10D03,IMBABURA,COTACACHI,000992,PEÑAHERRERA,CENTRO DE SALUD A,2,MEDICINA,70,0.353411045917006,-78.5338580975443
1312,Z01,10D03,IMBABURA,COTACACHI,000993,PLAZA GUTIERREZ,PUESTO DE SALUD,2,MEDICINA,70,0.353462567286603,-78.4903128941418
1313,Z01,10D03,IMBABURA,COTACACHI,000988,QUIROGA,CENTRO DE SALUD A,1,MEDICINA,70,0.289150340099054,-78.283497147406
1314,Z01,10D03,IMBABURA,COTACACHI,000994,VACAS GALINDO,PUESTO DE SALUD,1,MEDICINA,71,0.306407165918595,-78.5655910824149
1315,Z01,21D02,SUCUMBIOS,LAGO AGRIO,001990,10 DE AGOSTO,PUESTO DE SALUD,1,MEDICINA,71,0.184636999961894,-76.8812070000847
1316,Z01,21D02,SUCUMBIOS,LAGO AGRIO,002775,AEROPUERTO,PUESTO DE SALUD,1,MEDICINA,71,0.0968041750192956,-76.856493577444
1317,Z01,21D02,SUCUMBIOS,CASCALES,001973,CASCALES,CENTRO DE SALUD B,4,MEDICINA,71,0.0785260000221042,-77.2106930000007
1318,Z01,21D02,SUCUMBIOS,LAGO AGRIO,001964,DURENO,CENTRO DE SALUD A,2,MEDICINA,71,0.0502179999936917,-76.6761119001581
1319,Z01,21D02,SUCUMBIOS,LAGO AGRIO,001991,EL CONDOR,PUESTO DE SALUD,2,MEDICINA,71,0.208231999999592,-76.9264690000872
1320,Z01,21D02,SUCUMBIOS,LAGO AGRIO,001997,EL ENO,CENTRO DE SALUD A,2,MEDICINA,71,-0.0666879999563783,-76.8807670000749
1321,Z01,21D02,SUCUMBIOS,GONZALO PIZARRO,001993,EL REVENTADOR,CENTRO DE SALUD A,2,MEDICINA,71,-0.0455720000407319,-77.5302809999709
1322,Z01,21D02,SUCUMBIOS,LAGO AGRIO,001986,GENERAL FARFAN,CENTRO DE SALUD A,4,MEDICINA,71,0.234835999958342,-76.8457520000754
1323,Z01,21D02,SUCUMBIOS,LAGO AGRIO,001963,JAMBELI,CENTRO DE SALUD A,2,MEDICINA,71,0.0825830000309621,-77.0779890000199
1324,Z01,21D02,SUCUMBIOS,SUCUMBIOS,001959,LA BONITA,CENTRO DE SALUD A,4,MEDICINA,71,0.474033000016212,-77.5441840000385
1325,Z01,21D02,SUCUMBIOS,GONZALO PIZARRO,001974,LUMBAQUI,CENTRO DE SALUD A,4,MEDICINA,71,0.0465370000261067,-77.3302020000179
1326,Z01,21D02,SUCUMBIOS,LAGO AGRIO,002787,LUZ Y VIDA,PUESTO DE SALUD,1,MEDICINA,71,0.11917869249,-77.01301095
1327,Z01,21D02,SUCUMBIOS,LAGO AGRIO,001970,PACAYACU,CENTRO DE SALUD A,6,MEDICINA,71,,
1328,Z01,21D02,SUCUMBIOS,PUTUMAYO,001967,PALMA ROJA,CENTRO DE SALUD A,2,MEDICINA,71,0.12257000003494,-76.0524170004259
1329,Z01,21D02,SUCUMBIOS,CUYABENO,002955,PLAYAS DE CUYABENO,CENTRO DE SALUD A,3,MEDICINA,71,-0.320881932703767,-75.9907378243167
1330,Z01,21D02,SUCUMBIOS,SUCUMBIOS,001998,PLAYON DE SAN FRANCISCO,CENTRO DE SALUD A,2,MEDICINA,71,0.638228999956584,-77.6236649999886
1331,Z01,21D02,SUCUMBIOS,LAGO AGRIO,001987,PUERTO AGUARICO,CENTRO DE SALUD A,1,MEDICINA,71,0.0568860000108227,-76.8788540000256
1332,Z01,21D02,SUCUMBIOS,PUTUMAYO,001994,PUERTO EL CARMEN,CENTRO DE SALUD B,8,MEDICINA,71,0.115928000021745,-75.8623820005915
1333,Z01,21D02,SUCUMBIOS,GONZALO PIZARRO,001966,PUERTO LIBRE,CENTRO DE SALUD A,2,MEDICINA,72,0.190879999957903,-77.4889499999819
1334,Z01,21D02,SUCUMBIOS,LAGO AGRIO,001972,PUERTO NUEVO,PUESTO DE SALUD,2,MEDICINA,72,0.246401999964351,-76.5571620001719
1335,Z01,21D02,SUCUMBIOS,SUCUMBIOS,001958,SANTA BARBARA,CENTRO DE SALUD A,2,MEDICINA,72,0.646251000041727,-77.5230690000029
1336,Z01,21D02,SUCUMBIOS,LAGO AGRIO,001952,SANTA CECILIA,CENTRO DE SALUD A,2,MEDICINA,72,0.0816659999598527,-76.9897860000106
1337,Z01,21D02,SUCUMBIOS,CASCALES,001961,SANTA ROSA,CENTRO DE SALUD A,2,MEDICINA,72,0.177666000009033,-77.1245530000755
1338,Z01,21D02,SUCUMBIOS,CASCALES,001962,SEVILLA,CENTRO DE SALUD A,1,MEDICINA,72,0.0856819999886904,-77.124527000022
1339,Z01,21D02,SUCUMBIOS,CUYABENO,001969,TARAPOA,CENTRO DE SALUD B,5,MEDICINA,72,-0.125949000027764,-76.342140000284
1340,Z01,21D02,SUCUMBIOS,PUTUMAYO,001968,UNION Y PROGRESO,CENTRO DE SALUD A,4,MEDICINA,72,0.150366000016862,-76.2596910003165
1341,Z01,21D04,SUCUMBIOS,SHUSHUFINDI,001983,18 DE NOVIEMBRE,PUESTO DE SALUD,2,MEDICINA,72,-0.260625999992941,-76.6511920001027
1342,Z01,21D04,SUCUMBIOS,SHUSHUFINDI,001975,FLOR DE LOS RIOS,PUESTO DE SALUD,2,MEDICINA,72,-0.184510999984525,-76.6903850001122
1343,Z01,21D04,SUCUMBIOS,SHUSHUFINDI,003097,LA PRIMAVERA,PUESTO DE SALUD,1,MEDICINA,72,-0.0840055914878826,-76.6458
1344,Z01,21D04,SUCUMBIOS,SHUSHUFINDI,001984,LA VICTORIA,CENTRO DE SALUD A,1,MEDICINA,72,-0.238614000003612,-76.6461040001223
1345,Z01,21D04,SUCUMBIOS,SHUSHUFINDI,001977,NUEVA VIDA,PUESTO DE SALUD,2,MEDICINA,72,-0.322509000021219,-76.4873510001644
1346,Z01,21D04,SUCUMBIOS,SHUSHUFINDI,001995,SAN PEDRO DE LOS COFANES,PUESTO DE SALUD,1,MEDICINA,72,-0.139833999957332,-76.8513370000781
1347,Z01,21D04,SUCUMBIOS,SHUSHUFINDI,001978,SAN VICENTE,CENTRO DE SALUD A,1,MEDICINA,72,-0.305056000039893,-76.5355370001882
1348,Z01,21D04,SUCUMBIOS,SHUSHUFINDI,001996,SIETE DE JULIO,CENTRO DE SALUD A,1,MEDICINA,72,-0.182784,-76.794123
1349,Z01,21D04,SUCUMBIOS,SHUSHUFINDI,001979,TIERRAS ORIENTALES,PUESTO DE SALUD,1,MEDICINA,72,-0.298250000034196,-76.3624060002152
1350,Z01,21D04,SUCUMBIOS,SHUSHUFINDI,001982,YAMANUNCA,PUESTO DE SALUD,2,MEDICINA,72,-0.294637000038846,-76.6572690000968
1351,Z01,COORDINACION ZONAL 1,IMBABURA,SAN MIGUEL DE URCUQUI,000978,BUENOS AIRES,CENTRO DE SALUD A,1,MEDICINA,72,0.616815217449341,-78.3162316785118
1352,Z01,COORDINACION ZONAL 1,IMBABURA,IBARRA,000960,CARPUELA,CENTRO DE SALUD A,1,MEDICINA,73,0.441833,-77.997267
1353,Z01,COORDINACION ZONAL 1,IMBABURA,SAN MIGUEL DE URCUQUI,000976,CENTRO DE SALUD DR. JUAN MARTIN MOREIRA,CENTRO DE SALUD B,1,MEDICINA,73,0.418575,-78.193829
1354,Z01,COORDINACION ZONAL 1,IMBABURA,PIMAMPIRO,000974,CHALGUAYACO,PUESTO DE SALUD,2,MEDICINA,73,0.42340823,-77.96421069
1355,Z01,COORDINACION ZONAL 1,IMBABURA,IBARRA,000964,LA CAROLINA,CENTRO DE SALUD A,2,MEDICINA,73,0.742697,-78.244245
1356,Z01,COORDINACION ZONAL 1,IMBABURA,IBARRA,000963,LA ESPERANZA,CENTRO DE SALUD A,1,MEDICINA,73,0.297205848073548,-78.1200857136402
1357,Z01,COORDINACION ZONAL 1,IMBABURA,IBARRA,000965,LITA,CENTRO DE SALUD A,1,MEDICINA,73,0.871491,-78.451543
1358,Z01,COORDINACION ZONAL 1,IMBABURA,PIMAMPIRO,000972,MARIANO ACOSTA,CENTRO DE SALUD A,1,MEDICINA,73,0.296826308304416,-77.9815654152743
1359,Z01,COORDINACION ZONAL 1,IMBABURA,PIMAMPIRO,000971,PIMAMPIRO,CENTRO DE SALUD B,4,MEDICINA,73,0.389927603792672,-77.9424100101747
1360,Z01,COORDINACION ZONAL 1,IMBABURA,IBARRA,000967,SALINAS,CENTRO DE SALUD A,1,MEDICINA,73,0.495465086313488,-78.1306085036993
1361,Z01,COORDINACION ZONAL 1,IMBABURA,IBARRA,000968,SAN ANTONIO,CENTRO DE SALUD A,3,MEDICINA,73,0.334041255608518,-78.1695853612479
1362,Z01,COORDINACION ZONAL 1,IMBABURA,SAN MIGUEL DE URCUQUI,000980,SAN BLAS,CENTRO DE SALUD A,1,MEDICINA,73,0.412298,-78.211283
1363,Z01,21D02,SUCUMBIOS,CASCALES,081340,PUERTO MADERO,CENTRO DE SALUD A,1,MEDICINA,73,-0.093537,-77.191891
1364,Z02,15D02,NAPO,EL CHACO,001538,OYACACHI,PUESTO DE SALUD,1,MEDICINA,73,-0.213817583989827,-78.0894537780995
1365,Z02,15D02,NAPO,QUIJOS,001539,BORJA,CENTRO DE SALUD A,2,MEDICINA,73,-0.424732139790869,-77.8451376772134
1366,Z02,15D02,NAPO,EL CHACO,001540,CHONTA LOMA,PUESTO DE SALUD,1,MEDICINA,73,-0.330060240332604,-77.8166085518135
1367,Z02,15D02,NAPO,QUIJOS,001541,CUYUJA,PUESTO DE SALUD,1,MEDICINA,73,-0.414320077303817,-78.026016435257
1368,Z02,15D02,NAPO,QUIJOS,001542,PAPALLACTA,CENTRO DE SALUD A,1,MEDICINA,73,-0.3800642486971,-78.147239435679
1369,Z02,15D02,NAPO,EL CHACO,001543,SANTA ROSA,CENTRO DE SALUD A,1,MEDICINA,73,-0.309692528662044,-77.7821707452493
1370,Z02,15D02,NAPO,EL CHACO,001545,SARDINAS 2,PUESTO DE SALUD,1,MEDICINA,73,-0.383918427394135,-77.8383467124443
1371,Z02,15D02,NAPO,EL CHACO,001546,EL BOMBON,PUESTO DE SALUD,1,MEDICINA,74,-0.29700331587918,-77.7509886526135
1372,Z02,15D02,NAPO,EL CHACO,001547,LAS PALMAS,PUESTO DE SALUD,1,MEDICINA,74,-0.225525550138289,-77.7364712408715
1373,Z02,15D02,NAPO,QUIJOS,002893,BAEZA,CENTRO DE SALUD A,1,MEDICINA,74,-0.462770154774251,-77.8893458376299
1374,Z02,15D02,NAPO,EL CHACO,002993,SAN LUIS,PUESTO DE SALUD,1,MEDICINA,74,-0.135769172903344,-77.6135779687804
1375,Z02,17D10,PICHINCHA,CAYAMBE,001692,AYORA,CENTRO DE SALUD A,2,MEDICINA,74,0.0654471922820435,-78.1342855195219
1376,Z02,17D10,PICHINCHA,CAYAMBE,001693,OLMEDO,CENTRO DE SALUD A,1,MEDICINA,74,0.138377980423831,-78.0758682896057
1377,Z02,17D10,PICHINCHA,CAYAMBE,001694,CANGAHUA,CENTRO DE SALUD A,1,MEDICINA,74,-0.060768458304594,-78.1695687695152
1378,Z02,17D10,PICHINCHA,CAYAMBE,001695,ESPIGA DE ORO,CENTRO DE SALUD A,3,MEDICINA,74,-0.0859688211183199,-78.1481692669084
1379,Z02,17D10,PICHINCHA,CAYAMBE,001697,PESILLO,CENTRO DE SALUD A,1,MEDICINA,74,0.153420645353638,-78.06596696547
1380,Z02,17D10,PICHINCHA,CAYAMBE,001698,SANTA ROSA DE CUZUBAMBA,CENTRO DE SALUD A,1,MEDICINA,74,-0.0499656258619825,-78.2743834032161
1381,Z02,17D10,PICHINCHA,PEDRO MONCAYO,001699,TABACUNDO,CENTRO DE SALUD C,5,MEDICINA,74,0.044961,-78.208306
1382,Z02,17D10,PICHINCHA,PEDRO MONCAYO,001700,MALCHINGUI,CENTRO DE SALUD A,1,MEDICINA,74,0.0578218811847512,-78.3391234331919
1383,Z02,17D10,PICHINCHA,PEDRO MONCAYO,001701,TOCACHI,CENTRO DE SALUD A,1,MEDICINA,74,0.0444897255473872,-78.2885935243808
1384,Z02,17D10,PICHINCHA,PEDRO MONCAYO,001702,TUPIGACHI,CENTRO DE SALUD A,1,MEDICINA,74,0.076419894414782,-78.1806529145706
1385,Z02,17D10,PICHINCHA,PEDRO MONCAYO,001703,LA ESPERANZA,CENTRO DE SALUD A,1,MEDICINA,74,0.0400963748721666,-78.2495549892645
1386,Z02,17D10,PICHINCHA,CAYAMBE,002764,JUAN MONTALVO,CENTRO DE SALUD A,2,MEDICINA,74,0.0202226391036804,-78.1479658442243
1387,Z02,17D11,PICHINCHA,RUMIÑAHUI,001714,COTOGCHOA,CENTRO DE SALUD A,1,MEDICINA,74,-0.368220828080961,-78.4526186848737
1388,Z02,17D11,PICHINCHA,RUMIÑAHUI,001716,RUMIPAMBA,CENTRO DE SALUD A,1,MEDICINA,74,-0.43123,-78.418076
1389,Z02,17D11,PICHINCHA,RUMIÑAHUI,001719,JATUNPUNGO,CENTRO DE SALUD A,1,MEDICINA,74,-0.361305,-78.431523
1390,Z02,17D11,PICHINCHA,RUMIÑAHUI,001720,CURIPUNGO,CENTRO DE SALUD A,1,MEDICINA,75,-0.392139333886063,-78.4334437493908
1391,Z02,17D11,PICHINCHA,MEJIA,001722,ALOAG,CENTRO DE SALUD A,1,MEDICINA,75,-0.468676,-78.583173
1392,Z02,17D11,PICHINCHA,MEJIA,001723,ALOASI,CENTRO DE SALUD A,1,MEDICINA,75,-0.518436026447314,-78.5862771386259
1393,Z02,17D11,PICHINCHA,MEJIA,001725,EL CHAUPI,CENTRO DE SALUD A,1,MEDICINA,75,-0.601296346001739,-78.6427595769982
1394,Z02,17D11,PICHINCHA,MEJIA,001726,TAMBILLO,CENTRO DE SALUD A,1,MEDICINA,75,-0.404320396611248,-78.5417448792195
1395,Z02,17D11,PICHINCHA,MEJIA,001727,UYUMBICHO,CENTRO DE SALUD A,1,MEDICINA,75,-0.383913767944465,-78.5219082581987
1396,Z02,17D11,PICHINCHA,MEJIA,001728,TANDAPI,CENTRO DE SALUD A,1,MEDICINA,75,-0.414475544791834,-78.8009081871123
1397,Z02,17D12,PICHINCHA,PUERTO QUITO,000649,SIMON BOLIVAR LA SEXTA,CENTRO DE SALUD A,1,MEDICINA,75,0.302192,-79.274710
1398,Z02,17D12,PICHINCHA,SAN MIGUEL DE LOS BANCOS,001686,SAN MIGUEL DE LOS BANCOS,CENTRO DE SALUD B,5,MEDICINA,75,0.0239862091223821,-78.8944956783656
1399,Z02,17D12,PICHINCHA,SAN MIGUEL DE LOS BANCOS,001687,MINDO,CENTRO DE SALUD A,2,MEDICINA,75,-0.0537726147365825,-78.7760358916212
1400,Z02,17D12,PICHINCHA,PUERTO QUITO,001688,PUERTO QUITO,CENTRO DE SALUD C,4,MEDICINA,75,0.12300410821887,-79.2550502430983
1401,Z02,17D12,PICHINCHA,PUERTO QUITO,001689,LA ABUNDANCIA,CENTRO DE SALUD A,2,MEDICINA,75,0.0525855469610733,-79.2542989737857
1402,Z02,17D12,PICHINCHA,PEDRO VICENTE MALDONADO,001691,PEDRO VICENTE MALDONADO,CENTRO DE SALUD B,5,MEDICINA,75,0.0852214630982531,-79.0548152083758
1403,Z02,17D12,PICHINCHA,PUERTO QUITO,002722,29 DE SEPTIEMBRE,PUESTO DE SALUD,1,MEDICINA,75,0.0387970679322218,-79.3650304207796
1404,Z02,17D12,PICHINCHA,PUERTO QUITO,002757,BUENOS AIRES,PUESTO DE SALUD,1,MEDICINA,75,0.31707050819707,-79.2124053212814
1405,Z02,22D02,ORELLANA,ORELLANA,002002,JAMBI HUASI,CENTRO DE SALUD B,3,MEDICINA,75,-0.46266362672,-76.98283219
1406,Z02,22D02,ORELLANA,ORELLANA,002004,LA BELLEZA MONO I,CENTRO DE SALUD A,1,MEDICINA,75,-0.841623671773433,-77.0544620609583
1407,Z02,22D02,ORELLANA,ORELLANA,002005,LA DELICIA,CENTRO DE SALUD A,2,MEDICINA,75,-0.757090807426232,-77.1010703618534
1408,Z02,22D02,ORELLANA,ORELLANA,002006,LA BELLEZA CENTRAL,CENTRO DE SALUD A,1,MEDICINA,75,-0.656349717676373,-77.0463642215346
1409,Z02,22D02,ORELLANA,ORELLANA,002007,GARCIA MORENO,CENTRO DE SALUD A,2,MEDICINA,76,-0.526785739887299,-77.0167947524419
1410,Z02,22D02,ORELLANA,LA JOYA DE LOS SACHAS,002009,3 DE NOVIEMBRE,PUESTO DE SALUD,1,MEDICINA,76,-0.1892181,-76.91044309204462
1411,Z02,22D02,ORELLANA,LA JOYA DE LOS SACHAS,002010,ENOKANKI,CENTRO DE SALUD A,1,MEDICINA,76,-0.226860154044876,-76.8479422207003
1412,Z02,22D02,ORELLANA,LA JOYA DE LOS SACHAS,002011,LAGO SAN PEDRO,PUESTO DE SALUD,2,MEDICINA,76,-0.240048930580941,-76.9437984859424
1413,Z02,22D02,ORELLANA,LA JOYA DE LOS SACHAS,002012,JOYA DE LOS SACHAS,CENTRO DE SALUD C,3,MEDICINA,76,-0.3060792233,-76.86475060549033
1414,Z02,22D02,ORELLANA,LA JOYA DE LOS SACHAS,002013,SAN CARLOS,CENTRO DE SALUD A,1,MEDICINA,76,-0.38011482157,-76.8843638907588
1415,Z02,22D02,ORELLANA,LA JOYA DE LOS SACHAS,002014,SAN SEBASTIAN DEL COCA,CENTRO DE SALUD A,1,MEDICINA,76,-0.336497133,-77.00563470
1416,Z02,22D02,ORELLANA,LA JOYA DE LOS SACHAS,002015,RIVERAS DEL RIO NAPO,PUESTO DE SALUD,2,MEDICINA,76,-0.438416252960509,-76.6330583987467
1417,Z02,22D02,ORELLANA,LA JOYA DE LOS SACHAS,002016,UNION MILAGRENA,CENTRO DE SALUD A,1,MEDICINA,76,-0.363027,-76.78387
1418,Z02,22D02,ORELLANA,LA JOYA DE LOS SACHAS,002017,10 DE AGOSTO,PUESTO DE SALUD,1,MEDICINA,76,-0.35510868998642,-76.8141357549515
1419,Z02,22D02,ORELLANA,ORELLANA,002018,DAYUMA,CENTRO DE SALUD A,1,MEDICINA,76,-0.66890400028753,-76.8774978510215
1420,Z02,22D02,ORELLANA,ORELLANA,002019,CENTRO SHUAR,CENTRO DE SALUD A,2,MEDICINA,76,-0.754155282693045,-76.8788168459663
1421,Z02,22D02,ORELLANA,ORELLANA,002021,LA ANDINA,CENTRO DE SALUD A,2,MEDICINA,76,-0.968058234945112,-76.918051806218
1422,Z02,22D02,ORELLANA,ORELLANA,002023,TIWINO COLONO,CENTRO DE SALUD A,1,MEDICINA,76,-1.1149811151942,-76.937176317883
1423,Z02,22D02,ORELLANA,ORELLANA,002026,AÑANGU,CENTRO DE SALUD A,1,MEDICINA,76,-0.495151199205237,-76.4190128870284
1424,Z02,22D02,ORELLANA,ORELLANA,002028,SAN LUIS DE ARMENIA,CENTRO DE SALUD A,2,MEDICINA,76,-0.478831440594141,-77.067767579709
1425,Z02,22D02,ORELLANA,LORETO,002029,LORETO,CENTRO DE SALUD B,1,MEDICINA,76,-0.691156046733256,-77.3083414098572
1426,Z02,22D02,ORELLANA,LORETO,002030,BAJO HUINO,CENTRO DE SALUD A,2,MEDICINA,76,-0.625549938757234,-77.1252346241104
1427,Z02,22D02,ORELLANA,LORETO,002031,PTO. MURIALDO,CENTRO DE SALUD A,2,MEDICINA,76,-0.692594493537,-77.13366681
1428,Z02,22D02,ORELLANA,LORETO,002032,LA PAZ,CENTRO DE SALUD A,1,MEDICINA,77,-0.790151785117596,-77.3568582613997
1429,Z02,22D02,ORELLANA,LORETO,002033,HUATICOCHA,CENTRO DE SALUD A,2,MEDICINA,77,-0.754814924592265,-77.4719558603732
1430,Z02,22D02,ORELLANA,LORETO,002034,24 DE MAYO (DAHUANO),CENTRO DE SALUD A,2,MEDICINA,77,-0.746303309900876,-77.4345077527364
1431,Z02,22D02,ORELLANA,LORETO,002035,HUIRUNO,CENTRO DE SALUD A,1,MEDICINA,77,-0.718131290480461,-77.3433317828243
1432,Z02,22D02,ORELLANA,ORELLANA,002037,TARACOA,CENTRO DE SALUD A,1,MEDICINA,77,-0.492026725966381,-76.7739073982909
1433,Z02,22D02,ORELLANA,ORELLANA,002040,EL DORADO,CENTRO DE SALUD A,2,MEDICINA,77,-0.501488358497647,-76.9536637098527
1434,Z02,22D02,ORELLANA,ORELLANA,002043,EL PARAISO,CENTRO DE SALUD A,2,MEDICINA,77,-0.37980134405035,-77.0129054893286
1435,Z02,22D02,ORELLANA,ORELLANA,002044,GUAYUSA,CENTRO DE SALUD A,2,MEDICINA,77,-0.248895415373781,-77.0611072998638
1436,Z02,22D02,ORELLANA,ORELLANA,002776,KUPI 4,CENTRO DE SALUD A,4,MEDICINA,77,-0.690118162085056,-76.7356383119595
1437,Z02,22D02,ORELLANA,LORETO,002868,SAN FRANCISCO,CENTRO DE SALUD A,2,MEDICINA,77,-0.560502314983174,-77.2526047602483
1438,Z02,22D02,ORELLANA,ORELLANA,021089,TIWINO WAORANI,CENTRO DE SALUD A,2,MEDICINA,77,-1.0877,-76.9808
1439,Z02,22D03,ORELLANA,AGUARICO,002024,TIPUTINI,CENTRO DE SALUD A,4,MEDICINA,77,-0.789941133014426,-75.5267645223114
1440,Z02,22D03,ORELLANA,AGUARICO,002025,CAP. AUGUSTO RIVADENEYRA,CENTRO DE SALUD A,2,MEDICINA,77,-0.622502159935751,-75.8587466457847
1441,Z02,22D03,ORELLANA,AGUARICO,002042,DIKARO,CENTRO DE SALUD A,3,MEDICINA,77,-0.936284851419618,-76.2117350127055
1442,Z02,22D03,ORELLANA,AGUARICO,002042,DIKARO (HOSPITAL BASICO FRANKLIN TELLO),HOSPITAL BASICO,4,MEDICINA,77,-0.936284851419618,-76.2117350127055
1443,Z02,22D03,ORELLANA,AGUARICO,002790,ZANCUDOCOCHA,PUESTO DE SALUD,2,MEDICINA,77,-0.56733575446,-75.4282307
1444,Z02,22D03,ORELLANA,AGUARICO,037995,KAWIMENO,PUESTO DE SALUD,2,MEDICINA,77,-1.033479,-75.780379
1445,Z02,COORDINACION ZONAL 2,NAPO,ARCHIDONA,001519,ARCHIDONA,CENTRO DE SALUD B,2,MEDICINA,77,-0.9028497315,-77.803826476
1446,Z02,COORDINACION ZONAL 2,NAPO,ARCHIDONA,001522,SARDINAS DE JONDACHI,PUESTO DE SALUD,2,MEDICINA,77,-0.779082448677438,-77.7907614724693
1447,Z02,COORDINACION ZONAL 2,NAPO,ARCHIDONA,001524,COTUNDO,CENTRO DE SALUD A,1,MEDICINA,78,-0.841248702526824,-77.7974828954727
1448,Z02,COORDINACION ZONAL 2,NAPO,ARCHIDONA,001525,SAN PABLO DE USHPAYACU,CENTRO DE SALUD A,3,MEDICINA,78,-0.932418910622,-77.7728729456688
1449,Z02,COORDINACION ZONAL 2,NAPO,TENA,001526,CHONTA PUNTA,CENTRO DE SALUD A,3,MEDICINA,78,-0.915707374907044,-77.3634094175457
1450,Z02,COORDINACION ZONAL 2,NAPO,TENA,001527,PUERTO RICO,CENTRO DE SALUD A,1,MEDICINA,78,-0.845854685867079,-77.2182406745028
1451,Z02,COORDINACION ZONAL 2,NAPO,TENA,001530,SHANDIA,CENTRO DE SALUD A,1,MEDICINA,78,-1.070681,-77.8978
1452,Z02,COORDINACION ZONAL 2,NAPO,TENA,001531,TALAG,CENTRO DE SALUD A,2,MEDICINA,78,-1.0662434848564,-77.9081472355254
1453,Z02,COORDINACION ZONAL 2,NAPO,TENA,001532,PANO,CENTRO DE SALUD A,1,MEDICINA,78,-1.01880071954889,-77.86440360797
1454,Z02,COORDINACION ZONAL 2,NAPO,CARLOS JULIO AROSEMENA TOLA,001533,AROSEMENA TOLA,CENTRO DE SALUD B,2,MEDICINA,78,-1.17244625714246,-77.8566495852388
1455,Z02,COORDINACION ZONAL 2,NAPO,TENA,001534,AHUANO,CENTRO DE SALUD A,1,MEDICINA,78,-1.0588648516485,-77.5469623074373
1456,Z02,COORDINACION ZONAL 2,NAPO,TENA,001535,MISAHUALLI,CENTRO DE SALUD A,2,MEDICINA,78,-1.03581649350824,-77.6677989151949
1457,Z02,COORDINACION ZONAL 2,NAPO,TENA,001536,PUERTO NAPO,CENTRO DE SALUD A,2,MEDICINA,78,-1.042449,-77.79328
1458,Z02,COORDINACION ZONAL 2,NAPO,TENA,001544,PUNI BOCANA,PUESTO DE SALUD,1,MEDICINA,78,-1.10857665307757,-77.6378460559883
1459,Z02,COORDINACION ZONAL 2,NAPO,TENA,002802,MUYUNA,CENTRO DE SALUD A,2,MEDICINA,78,-0.978579457434928,-77.8526934468474
1460,Z02,COORDINACION ZONAL 2,NAPO,TENA,002811,ATAHUALPA,PUESTO DE SALUD,2,MEDICINA,78,-1.04866721871663,-77.7526445417134
1461,Z03,05D01,COTOPAXI,LATACUNGA,000301,JOSE GUANGO ALTO,CENTRO DE SALUD A,1,MEDICINA,78,-0.81937051,-78.58464031
1462,Z03,05D03,COTOPAXI,PANGUA,000302,MORASPUNGO,CENTRO DE SALUD B,1,MEDICINA,78,-1.1708608059,-79.2145170117
1463,Z03,05D03,COTOPAXI,PANGUA,000303,PIEDADCITA,CENTRO DE SALUD A,1,MEDICINA,78,-1.02831457569625,-79.3026153173508
1464,Z03,05D03,COTOPAXI,PANGUA,000304,RAMON CAMPAÑ A,CENTRO DE SALUD A,1,MEDICINA,78,-1.11236697956169,-79.0888860345886
1465,Z03,05D03,COTOPAXI,PANGUA,000305,PINLLOPATA,CENTRO DE SALUD A,1,MEDICINA,78,-1.14431580063726,-79.0264849156388
1466,Z03,05D03,COTOPAXI,PANGUA,000307,SAN FRANCISCO DE PANGUA,PUESTO DE SALUD,1,MEDICINA,79,-1.11050123342653,-79.0161322893649
1467,Z03,05D03,COTOPAXI,PANGUA,000308,LA PLANCHA,PUESTO DE SALUD,1,MEDICINA,79,-1.199415,-79.023828
1468,Z03,05D04,COTOPAXI,PUJILI,000314,EL TINGO (LA ESPERANZA),CENTRO DE SALUD A,2,MEDICINA,79,-0.917399763219333,-79.057695521288
1469,Z03,05D01,COTOPAXI,LATACUNGA,000318,POALO,CENTRO DE SALUD A,2,MEDICINA,79,-0.884557,-78.67221
1470,Z03,05D01,COTOPAXI,LATACUNGA,000320,LASSO,CENTRO DE SALUD C,6,MEDICINA,79,-0.7530176938,-78.61022340718
1471,Z03,05D01,COTOPAXI,LATACUNGA,000322,TOACASO,CENTRO DE SALUD A,2,MEDICINA,79,-0.758706,-78.686331
1472,Z03,05D04,COTOPAXI,SAQUISILI,000323,CANCHAGUA,CENTRO DE SALUD A,2,MEDICINA,79,-0.809664929810893,-78.6841158682313
1473,Z03,05D04,COTOPAXI,SIGCHOS,000324,CHUGCHILLAN,CENTRO DE SALUD A,2,MEDICINA,79,-0.79648266028,-78.9160536369
1474,Z03,05D04,COTOPAXI,SIGCHOS,000325,ISINLIVI,CENTRO DE SALUD A,1,MEDICINA,79,-0.761060,-78.867931
1475,Z03,05D04,COTOPAXI,SAQUISILI,000327,COCHAPAMBA,PUESTO DE SALUD,1,MEDICINA,79,-0.838433944590045,-78.7528631881883
1476,Z03,05D06,COTOPAXI,SALCEDO,000328,YANAYACU,CENTRO DE SALUD A,1,MEDICINA,79,-1.06295645681146,-78.572231711312
1477,Z03,05D06,COTOPAXI,SALCEDO,000329,ANTONIO JOSE HOLGUIN,CENTRO DE SALUD A,2,MEDICINA,79,-1.09889513707366,-78.6045684462874
1478,Z03,05D06,COTOPAXI,SALCEDO,000330,CUSUBAMBA,CENTRO DE SALUD A,1,MEDICINA,79,-1.06975392767254,-78.7004964119306
1479,Z03,05D06,COTOPAXI,SALCEDO,000331,MULLIQUINDIL (SANTA ANA),CENTRO DE SALUD A,2,MEDICINA,79,-1.03508170101756,-78.56294986834
1480,Z03,05D06,COTOPAXI,SALCEDO,000332,PANZALEO,CENTRO DE SALUD A,1,MEDICINA,79,-1.06641,-78.5984299999999
1481,Z03,05D06,COTOPAXI,SALCEDO,000334,ANCHILIVI,CENTRO DE SALUD A,1,MEDICINA,79,-1.05177251154907,-78.5689626591547
1482,Z03,05D06,COTOPAXI,SALCEDO,000335,MULALILLO,CENTRO DE SALUD A,2,MEDICINA,79,-1.09394404696477,-78.6302567788087
1483,Z03,05D06,COTOPAXI,SALCEDO,000336,SAN MARCOS,CENTRO DE SALUD A,1,MEDICINA,79,-1.06018681,-78.58354071
1484,Z03,05D04,COTOPAXI,PUJILI,000339,ANGAMARCA,CENTRO DE SALUD A,3,MEDICINA,79,-1.11990025461106,-78.9317505585854
1485,Z03,05D04,COTOPAXI,PUJILI,000340,GUANGAJE,CENTRO DE SALUD A,1,MEDICINA,80,-0.862970139039671,-78.8474468468073
1486,Z03,05D04,COTOPAXI,PUJILI,000341,LA VICTORIA,CENTRO DE SALUD A,1,MEDICINA,80,-0.916352509238723,-78.6967857176235
1487,Z03,05D04,COTOPAXI,PUJILI,000343,YACUMBAMBA,CENTRO DE SALUD A,1,MEDICINA,80,-1.04173176870215,-78.7275678623562
1488,Z03,05D01,COTOPAXI,LATACUNGA,000351,BELISARIO QUEVEDO,CENTRO DE SALUD A,2,MEDICINA,80,-0.985090,-78.581789
1489,Z03,05D01,COTOPAXI,LATACUNGA,000352,ALAQUEZ,CENTRO DE SALUD A,2,MEDICINA,80,-0.86375,-78.5964
1490,Z03,05D01,COTOPAXI,LATACUNGA,000353,MULALO,CENTRO DE SALUD A,1,MEDICINA,80,-0.7797144,-78.5774374
1491,Z03,05D01,COTOPAXI,LATACUNGA,000354,JOSE GUANGO BAJO,CENTRO DE SALUD A,2,MEDICINA,80,-0.8188156,-78.596721
1492,Z03,05D04,COTOPAXI,SIGCHOS,000356,PALO QUEMADO,PUESTO DE SALUD,2,MEDICINA,80,-0.37442165949,-78.925507384
1493,Z03,05D01,COTOPAXI,LATACUNGA,000358,PALOPO,CENTRO DE SALUD A,2,MEDICINA,80,-0.94208,-78.560547
1494,Z03,COORDINACION ZONAL 3,CHIMBORAZO,RIOBAMBA,000367,CACHA MACHANGARA,PUESTO DE SALUD,1,MEDICINA,80,-1.70569681354265,-78.7018492002268
1495,Z03,COORDINACION ZONAL 3,CHIMBORAZO,RIOBAMBA,000368,TZALARON,PUESTO DE SALUD,2,MEDICINA,80,-1.78894796243817,-78.6895659313141
1496,Z03,06D02,CHIMBORAZO,CHUNCHI,000370,CHARRON,PUESTO DE SALUD,1,MEDICINA,80,-2.33836463163604,-78.8505356332535
1497,Z03,06D04,CHIMBORAZO,GUANO,000371,SAN ISIDRO,PUESTO DE SALUD,2,MEDICINA,80,-1.58551995306391,-78.6936866550221
1498,Z03,COORDINACION ZONAL 3,CHIMBORAZO,RIOBAMBA,000381,SAN MIGUEL DE QUERA,PUESTO DE SALUD,1,MEDICINA,80,-1.72018774662447,-78.7242818808317
1499,Z03,COORDINACION ZONAL 3,CHIMBORAZO,RIOBAMBA,000382,CACHA CHUYUG,PUESTO DE SALUD,1,MEDICINA,80,-1.72741978502934,-78.7242732892671
1500,Z03,COORDINACION ZONAL 3,CHIMBORAZO,RIOBAMBA,000383,PUCARA QUINCHE,PUESTO DE SALUD,1,MEDICINA,80,-1.71862268312558,-78.7008456133182
1501,Z03,COORDINACION ZONAL 3,CHIMBORAZO,RIOBAMBA,000384,CACHA GUAGSHI,PUESTO DE SALUD,1,MEDICINA,80,-1.71249815209292,-78.6896505950574
1502,Z03,COORDINACION ZONAL 3,CHIMBORAZO,RIOBAMBA,000385,GUASLAN,PUESTO DE SALUD,1,MEDICINA,80,-1.73798486635293,-78.6487274805305
1503,Z03,COORDINACION ZONAL 3,CHIMBORAZO,RIOBAMBA,000386,PUNIN,CENTRO DE SALUD A,2,MEDICINA,80,-1.76526667256508,-78.6561317099732
1504,Z03,COORDINACION ZONAL 3,CHIMBORAZO,RIOBAMBA,000387,BASHALAN,PUESTO DE SALUD,1,MEDICINA,81,-1.73842942933217,-78.6937247611586
1505,Z03,COORDINACION ZONAL 3,CHIMBORAZO,RIOBAMBA,000388,GULALAG,PUESTO DE SALUD,1,MEDICINA,81,-1.76487244115593,-78.70211013011
1506,Z03,COORDINACION ZONAL 3,CHIMBORAZO,RIOBAMBA,000389,SANTA ANA DE GUAGNAG,PUESTO DE SALUD,2,MEDICINA,81,-1.77450875895337,-78.6167550834052
1507,Z03,COORDINACION ZONAL 3,CHIMBORAZO,RIOBAMBA,000390,LICTO,CENTRO DE SALUD A,2,MEDICINA,81,-1.80409574373626,-78.6039515764891
1508,Z03,COORDINACION ZONAL 3,CHIMBORAZO,RIOBAMBA,000391,PUNGALA,CENTRO DE SALUD A,2,MEDICINA,81,-1.81740698046153,-78.5944926256107
1509,Z03,COORDINACION ZONAL 3,CHIMBORAZO,RIOBAMBA,000393,CENTRO DE SALUD TIPO A FLORES,CENTRO DE SALUD A,1,MEDICINA,81,-1.81654506079328,-78.6466426748141
1510,Z03,COORDINACION ZONAL 3,CHIMBORAZO,RIOBAMBA,000394,GUANTUL CENTRAL GRANDE,PUESTO DE SALUD,1,MEDICINA,81,-1.83963052203628,-78.6591180066332
1511,Z03,COORDINACION ZONAL 3,CHIMBORAZO,CHAMBO,000397,CHAMBO,CENTRO DE SALUD B,1,MEDICINA,81,-1.72569054816147,-78.5980244763685
1512,Z03,COORDINACION ZONAL 3,CHIMBORAZO,RIOBAMBA,000400,QUIMIAG,CENTRO DE SALUD A,1,MEDICINA,81,-1.65913263110282,-78.5670451044185
1513,Z03,COORDINACION ZONAL 3,CHIMBORAZO,RIOBAMBA,000401,CUBIJIES,CENTRO DE SALUD A,1,MEDICINA,81,-1.64521916738652,-78.5872813144346
1514,Z03,COORDINACION ZONAL 3,CHIMBORAZO,RIOBAMBA,000403,SAN JUAN,CENTRO DE SALUD A,1,MEDICINA,81,-1.62718189739612,-78.7873808792174
1515,Z03,COORDINACION ZONAL 3,CHIMBORAZO,RIOBAMBA,000404,CALPI,CENTRO DE SALUD B,1,MEDICINA,81,-1.648135,-78.741031
1516,Z03,06D04,CHIMBORAZO,COLTA,000408,SANTIAGO DE QUITO,CENTRO DE SALUD A,2,MEDICINA,81,-1.74555638792234,-78.7485079570958
1517,Z03,06D04,CHIMBORAZO,COLTA,000409,COLUMBE,CENTRO DE SALUD A,3,MEDICINA,81,-1.88841411357297,-78.7242793250142
1518,Z03,06D04,CHIMBORAZO,COLTA,000411,GATAZO ZAMBRANO,PUESTO DE SALUD,1,MEDICINA,81,-1.66726703469793,-78.7554175746768
1519,Z03,06D04,CHIMBORAZO,COLTA,000412,SICALPA VIEJO,PUESTO DE SALUD,2,MEDICINA,81,-1.69683305894986,-78.7825508260802
1520,Z03,06D04,CHIMBORAZO,COLTA,000413,CEBOLLAR ALTO,PUESTO DE SALUD,2,MEDICINA,81,-1.77512796668858,-78.7716155831951
1521,Z03,06D04,CHIMBORAZO,COLTA,000416,SAN GUISEL,CENTRO DE SALUD A,1,MEDICINA,81,-1.85017238536925,-78.7648572463988
1522,Z03,06D04,CHIMBORAZO,COLTA,000419,RUMICORRAL,PUESTO DE SALUD,1,MEDICINA,81,-1.83457400359966,-78.8052983078651
1523,Z03,06D04,CHIMBORAZO,COLTA,000420,CASTUG TUNGURAHUILLA,PUESTO DE SALUD,2,MEDICINA,82,-1.78781479558335,-78.7157462409385
1524,Z03,06D02,CHIMBORAZO,CUMANDA,000422,CUMANDA,CENTRO DE SALUD B,3,MEDICINA,82,-2.20546427227492,-79.1437537804812
1525,Z03,06D02,CHIMBORAZO,CUMANDA,000423,SAN VICENTE,PUESTO DE SALUD,1,MEDICINA,82,-2.22355230845984,-79.1108417836547
1526,Z03,06D02,CHIMBORAZO,ALAUSI,000424,MULTITUD,CENTRO DE SALUD A,1,MEDICINA,82,-2.10673528155408,-78.9955770575334
1527,Z03,06D02,CHIMBORAZO,PALLATANGA,000425,PALLATANGA,CENTRO DE SALUD B,1,MEDICINA,82,-2.0002819044222,-78.9686690971706
1528,Z03,06D04,CHIMBORAZO,COLTA,000426,JUAN DE VELASCO,CENTRO DE SALUD A,2,MEDICINA,82,-1.82770533523136,-78.8818938984138
1529,Z03,06D04,CHIMBORAZO,GUAMOTE,000428,PALMIRA,CENTRO DE SALUD A,3,MEDICINA,82,-2.08126476762226,-78.7301795639172
1530,Z03,06D04,CHIMBORAZO,GUAMOTE,000429,JATUMPAMBA,CENTRO DE SALUD A,1,MEDICINA,82,-1.98849019752402,-78.6747199738852
1531,Z03,06D04,CHIMBORAZO,GUAMOTE,000432,SANACAHUAN ALTO,PUESTO DE SALUD,2,MEDICINA,82,-1.85640645970264,-78.6783306829575
1532,Z03,06D02,CHIMBORAZO,ALAUSI,000435,ACHUPALLAS,CENTRO DE SALUD B,1,MEDICINA,82,-2.28500798191245,-78.7693351754131
1533,Z03,06D02,CHIMBORAZO,ALAUSI,000436,GUASUNTOS,CENTRO DE SALUD A,1,MEDICINA,82,-2.23379897829,-78.813257199
1534,Z03,06D02,CHIMBORAZO,ALAUSI,000437,NIZAG,CENTRO DE SALUD A,1,MEDICINA,82,-2.23452772631523,-78.8420085963668
1535,Z03,06D02,CHIMBORAZO,ALAUSI,000438,HUIGRA,CENTRO DE SALUD A,1,MEDICINA,82,-2.29278649701625,-78.9840032809965
1536,Z03,06D02,CHIMBORAZO,ALAUSI,000439,SEVILLA,CENTRO DE SALUD A,1,MEDICINA,82,-2.27206772035446,-78.8259289123684
1537,Z03,06D02,CHIMBORAZO,ALAUSI,000440,SIBAMBE,CENTRO DE SALUD A,1,MEDICINA,82,-2.22635324036,-78.8905425785262
1538,Z03,06D02,CHIMBORAZO,ALAUSI,000441,TIXAN,CENTRO DE SALUD A,1,MEDICINA,82,-2.15353820374286,-78.8024851226725
1539,Z03,06D02,CHIMBORAZO,CHUNCHI,000442,GONZOL,CENTRO DE SALUD A,1,MEDICINA,82,-2.26151949735772,-78.845473988285
1540,Z03,06D04,CHIMBORAZO,PENIPE,000449,CANDELARIA,PUESTO DE SALUD,1,MEDICINA,82,-1.62494744010592,-78.5084969062879
1541,Z03,06D04,CHIMBORAZO,PENIPE,000451,BAYUSHIG,PUESTO DE SALUD,1,MEDICINA,82,-1.54596186798509,-78.5188482582003
1542,Z03,06D04,CHIMBORAZO,PENIPE,000452,PENIPE,CENTRO DE SALUD B,1,MEDICINA,83,-1.56314909979335,-78.5303606042569
1543,Z03,06D04,CHIMBORAZO,GUANO,000453,ILAPO,CENTRO DE SALUD A,1,MEDICINA,83,-1.54335785377897,-78.5883520593169
1544,Z03,06D04,CHIMBORAZO,GUANO,000455,SAN ANDRES,CENTRO DE SALUD A,2,MEDICINA,83,-1.59142685,-78.7002476
1545,Z03,06D04,CHIMBORAZO,GUANO,000459,TATACTO,PUESTO DE SALUD,1,MEDICINA,83,-1.54880345351513,-78.7217980235012
1546,Z03,06D04,CHIMBORAZO,GUANO,000462,GUANO,CENTRO DE SALUD B,4,MEDICINA,83,-1.6088845312369,-78.6357307560644
1547,Z03,06D04,CHIMBORAZO,GUANO,000463,SAN GERARDO,CENTRO DE SALUD A,1,MEDICINA,83,-1.63609722305085,-78.6161529359244
1548,Z03,06D04,CHIMBORAZO,GUANO,000464,CHAZO,PUESTO DE SALUD,2,MEDICINA,83,-1.53078011454506,-78.5529508949331
1549,Z03,06D02,CHIMBORAZO,CUMANDA,000724,LA ISLA,CENTRO DE SALUD A,1,MEDICINA,83,-2.200115,-79.287944
1550,Z03,16D01,PASTAZA,PASTAZA,001554,CHUWITAYU,CENTRO DE SALUD A,2,MEDICINA,83,-1.90770215917332,-77.8124300174015
1551,Z03,16D01,PASTAZA,PASTAZA,001559,10 DE AGOSTO,CENTRO DE SALUD A,1,MEDICINA,83,-1.45671299997018,-77.9061789999616
1552,Z03,16D01,PASTAZA,PASTAZA,001560,EL TRIUNFO,CENTRO DE SALUD A,1,MEDICINA,83,-1.43318467914876,-77.7937883774474
1553,Z03,16D01,PASTAZA,PASTAZA,001561,FATIMA,CENTRO DE SALUD A,2,MEDICINA,83,-1.42811642259694,-77.9993148689304
1554,Z03,16D01,PASTAZA,PASTAZA,001562,TENIENTE HUGO ORTIZ,CENTRO DE SALUD A,1,MEDICINA,83,-1.37608641906713,-77.9550811487929
1555,Z03,16D01,PASTAZA,PASTAZA,001563,VERACRUZ,CENTRO DE SALUD A,1,MEDICINA,83,-1.50971660301284,-77.941724082405
1556,Z03,16D01,PASTAZA,PASTAZA,001564,CABECERAS DEL BOBONAZA,CENTRO DE SALUD A,1,MEDICINA,83,-1.49759503684338,-77.8780887149832
1557,Z03,16D01,PASTAZA,SANTA CLARA,001565,SANTA CLARA,CENTRO DE SALUD A,1,MEDICINA,83,-1.2631132874386,-77.8889655624902
1558,Z03,16D01,PASTAZA,SANTA CLARA,001566,SAN JORGE,CENTRO DE SALUD A,1,MEDICINA,83,-1.2211833930332,-77.8845121326553
1559,Z03,16D02,PASTAZA,ARAJUNO,001567,ARAJUNO,CENTRO DE SALUD A,2,MEDICINA,83,-1.23271291444464,-77.68734693586
1560,Z03,16D01,PASTAZA,PASTAZA,001571,MUSULLACTA (SIMON BOLIVAR),CENTRO DE SALUD A,1,MEDICINA,83,-1.7198974284243,-77.8452841179398
1561,Z03,16D01,PASTAZA,PASTAZA,001572,PITIRISHCA,CENTRO DE SALUD A,1,MEDICINA,84,-1.80858270768362,-77.8301348174813
1562,Z03,16D01,PASTAZA,PASTAZA,001573,TARQUI,CENTRO DE SALUD A,1,MEDICINA,84,-1.52402423335709,-78.0031689666921
1563,Z03,16D01,PASTAZA,MERA,001574,MERA,CENTRO DE SALUD A,2,MEDICINA,84,-1.46260283762781,-78.1105541083857
1564,Z03,16D01,PASTAZA,MERA,001576,MADRE TIERRA,CENTRO DE SALUD A,1,MEDICINA,84,-1.54214687055363,-78.0343504043805
1565,Z03,16D01,PASTAZA,PASTAZA,001577,CHAPINTZA,PUESTO DE SALUD,1,MEDICINA,84,-1.98965102060162,-77.7165974625899
1566,Z03,16D01,PASTAZA,PASTAZA,001578,KUMAY,CENTRO DE SALUD A,2,MEDICINA,84,-2.001536,-77.702679
1567,Z03,16D01,PASTAZA,MERA,001579,AMBULANCIA AEREA,CENTRO DE SALUD A,1,MEDICINA,84,,
1568,Z03,16D01,PASTAZA,PASTAZA,001580,LOS ANGELES,CENTRO DE SALUD A,1,MEDICINA,84,-1.50998645040845,-77.9789044643412
1569,Z03,16D01,PASTAZA,PASTAZA,001582,POMONA,PUESTO DE SALUD,1,MEDICINA,84,-1.67558870217853,-77.9029182862242
1570,Z03,16D01,PASTAZA,MERA,001583,AMAZONAS,PUESTO DE SALUD,1,MEDICINA,84,-1.62401197508909,-78.0149758337957
1571,Z03,16D01,PASTAZA,PASTAZA,001584,VILLAFLORA,PUESTO DE SALUD,1,MEDICINA,84,-1.73551400127266,-77.7465802861747
1572,Z03,16D01,PASTAZA,PASTAZA,001585,CHICOCOPATAZA,PUESTO DE SALUD,1,MEDICINA,84,-1.73103020555111,-77.7845604897795
1573,Z03,16D01,PASTAZA,SANTA CLARA,001586,SAN FRANCISCO DEL PUNI,PUESTO DE SALUD,1,MEDICINA,84,-1.29174422841357,-77.8520723976184
1574,Z03,16D02,PASTAZA,ARAJUNO,001587,CURARAY,CENTRO DE SALUD A,1,MEDICINA,84,-1.36948699997444,-76.9434200000902
1575,Z03,16D02,PASTAZA,ARAJUNO,001588,SHIGUACOCHA,PUESTO DE SALUD,1,MEDICINA,84,-1.135923000038,-77.6540379999813
1576,Z03,16D02,PASTAZA,ARAJUNO,001589,VILLANO (PANDANUQUE),CENTRO DE SALUD A,1,MEDICINA,84,-1.49518600004456,-77.4823490000485
1577,Z03,16D01,PASTAZA,PASTAZA,001594,PACAYACU,CENTRO DE SALUD A,2,MEDICINA,84,-1.65149300002566,-77.5910609999828
1578,Z03,16D01,PASTAZA,PASTAZA,001595,AMUNTAY (CAPAWI),PUESTO DE SALUD,2,MEDICINA,84,-2.54125951370759,-76.8411360653399
1579,Z03,16D01,PASTAZA,PASTAZA,001596,KURINTZA,PUESTO DE SALUD,2,MEDICINA,84,-2.06480499996527,-76.7994850000953
1580,Z03,16D01,PASTAZA,PASTAZA,001597,MACUZAR,PUESTO DE SALUD,1,MEDICINA,85,-2.24776,-76.629605
1581,Z03,16D01,PASTAZA,PASTAZA,001599,CHARAPACOCHA,PUESTO DE SALUD,1,MEDICINA,85,-2.32594691516515,-77.0887888066259
1582,Z03,16D01,PASTAZA,PASTAZA,001600,NUMBAIMI,PUESTO DE SALUD,1,MEDICINA,85,-2.24319640137424,-77.2218534172849
1583,Z03,18D04,TUNGURAHUA,BAÑOS DE AGUA SANTA,001810,RIO BLANCO,PUESTO DE SALUD,2,MEDICINA,85,-1.39629354358274,-78.3497254057094
1584,Z03,18D04,TUNGURAHUA,SANTIAGO DE PILLARO,001812,SAN JOSE DE POALO,CENTRO DE SALUD A,2,MEDICINA,85,-1.10153893396198,-78.4791865252955
1585,Z03,18D02,TUNGURAHUA,AMBATO,001865,AMBATILLO,CENTRO DE SALUD A,1,MEDICINA,85,-1.23314915589585,-78.6572187830455
1586,Z03,18D04,TUNGURAHUA,SANTIAGO DE PILLARO,001815,PRESIDENTE URBINA,CENTRO DE SALUD A,1,MEDICINA,85,-1.1467885090001,-78.5550380689854
1587,Z03,18D04,TUNGURAHUA,SANTIAGO DE PILLARO,001816,SAN MIGUELITO,CENTRO DE SALUD A,2,MEDICINA,85,-1.20436975607993,-78.5382663872745
1588,Z03,18D02,TUNGURAHUA,AMBATO,001871,ATAHUALPA,CENTRO DE SALUD A,2,MEDICINA,85,-1.2180209738342,-78.6108627359874
1589,Z03,18D04,TUNGURAHUA,SAN PEDRO DE PELILEO,001819,SALASACA,CENTRO DE SALUD B,4,MEDICINA,85,-1.32068471980044,-78.5776010653864
1590,Z03,18D02,TUNGURAHUA,AMBATO,001866,AUGUSTO N. MARTINEZ,CENTRO DE SALUD A,1,MEDICINA,85,-1.21856334776596,-78.6210197023485
1591,Z03,18D04,TUNGURAHUA,TISALEO,001829,TISALEO,CENTRO DE SALUD A,2,MEDICINA,85,-1.35076698550939,-78.6694338906456
1592,Z03,18D04,TUNGURAHUA,TISALEO,001831,EL CALVARIO,PUESTO DE SALUD,1,MEDICINA,85,-1.35127072,-78.6783838
1593,Z03,18D02,TUNGURAHUA,AMBATO,001881,CENTRO DE SALUD DE SANTA ROSA,CENTRO DE SALUD B,2,MEDICINA,85,-1.27972811485646,-78.6644163079522
1594,Z03,18D04,TUNGURAHUA,CEVALLOS,001834,CEVALLOS,CENTRO DE SALUD B,3,MEDICINA,85,-1.36124602905,-78.617260243
1595,Z03,18D04,TUNGURAHUA,TISALEO,001838,QUINCHICOTO,CENTRO DE SALUD A,1,MEDICINA,85,-1.386523494,-78.6570103225
1596,Z03,18D04,TUNGURAHUA,MOCHA,001839,PINGUILI STO.DOMINGO,CENTRO DE SALUD A,1,MEDICINA,85,-1.385607,-78.621587
1597,Z03,18D04,TUNGURAHUA,QUERO,001840,CENTRO DE SALUD QUERO,CENTRO DE SALUD C,3,MEDICINA,85,-1.37815902578476,-78.6076855912816
1598,Z03,18D04,TUNGURAHUA,MOCHA,001842,EL ROSAL,PUESTO DE SALUD,1,MEDICINA,85,-1.3737690853265,-78.6198329220153
1599,Z03,18D04,TUNGURAHUA,MOCHA,001843,YANAHURCO,CENTRO DE SALUD A,1,MEDICINA,86,-1.36938738663,-78.637479478
1600,Z03,18D04,TUNGURAHUA,SAN PEDRO DE PELILEO,001847,HUAMBALO,CENTRO DE SALUD B,2,MEDICINA,86,-1.38757161415987,-78.5315961260059
1601,Z03,18D04,TUNGURAHUA,SANTIAGO DE PILLARO,001849,EMILIO MARIA TERAN,PUESTO DE SALUD,1,MEDICINA,86,-1.22379936456234,-78.5145226925838
1602,Z03,18D04,TUNGURAHUA,SANTIAGO DE PILLARO,001850,SANTA RITA,CENTRO DE SALUD A,2,MEDICINA,86,-1.12597268111116,-78.5137291596424
1603,Z03,18D04,TUNGURAHUA,SANTIAGO DE PILLARO,001851,SAN ANDRES,CENTRO DE SALUD A,2,MEDICINA,86,-1.13581004034067,-78.5384608889416
1604,Z03,18D04,TUNGURAHUA,SANTIAGO DE PILLARO,001852,ANDAHUALO,PUESTO DE SALUD,1,MEDICINA,86,-1.10213218032994,-78.5072926323294
1605,Z03,18D04,TUNGURAHUA,SANTIAGO DE PILLARO,001853,CHAUPILOMA,PUESTO DE SALUD,1,MEDICINA,86,-1.08956669925065,-78.5269869077577
1606,Z03,18D04,TUNGURAHUA,SANTIAGO DE PILLARO,001854,HUAPANTE,CENTRO DE SALUD A,1,MEDICINA,86,-1.08892271106874,-78.5462405609937
1607,Z03,18D02,TUNGURAHUA,AMBATO,001860,CENTRO DE SALUD DE TOTORAS,CENTRO DE SALUD B,1,MEDICINA,86,-1.31734959371175,-78.5964645851669
1608,Z03,18D04,TUNGURAHUA,SAN PEDRO DE PELILEO,001857,TELIGOTE,PUESTO DE SALUD,1,MEDICINA,86,-1.35207532568402,-78.5663349147006
1609,Z03,18D04,TUNGURAHUA,SAN PEDRO DE PELILEO,001858,ARTEZON,PUESTO DE SALUD,1,MEDICINA,86,-1.34883631543398,-78.5101178386547
1610,Z03,18D02,TUNGURAHUA,AMBATO,001833,CENTRO DE SALUD HUACHI GRANDE,CENTRO DE SALUD A,1,MEDICINA,86,-1.30737407342222,-78.6383088055577
1611,Z03,18D02,TUNGURAHUA,AMBATO,001827,CENTRO DE SALUD JUAN BENIGNO VELA,CENTRO DE SALUD A,1,MEDICINA,86,-1.29870054254828,-78.6916582213238
1612,Z03,18D02,TUNGURAHUA,AMBATO,001856,CENTRO DE SALUD PICAIHUA,CENTRO DE SALUD A,3,MEDICINA,86,-1.2758,-78.5857
1613,Z03,18D02,TUNGURAHUA,AMBATO,001813,CUNCHIBAMBA,CENTRO DE SALUD A,2,MEDICINA,86,-1.13614849074329,-78.5857330003369
1614,Z03,18D02,TUNGURAHUA,AMBATO,001879,IZAMBA,CENTRO DE SALUD A,3,MEDICINA,86,-1.23050061911008,-78.5868188795921
1615,Z03,18D02,TUNGURAHUA,AMBATO,001822,PASA,CENTRO DE SALUD B,1,MEDICINA,86,-1.26701496002565,-78.7314307443564
1616,Z03,18D02,TUNGURAHUA,AMBATO,001817,QUISAPINCHA,CENTRO DE SALUD A,1,MEDICINA,86,-1.23515035677077,-78.6815834159802
1617,Z03,18D04,TUNGURAHUA,BAÑOS DE AGUA SANTA,001882,RIO NEGRO,CENTRO DE SALUD A,1,MEDICINA,86,-1.41412711038125,-78.2139203938418
1618,Z03,18D04,TUNGURAHUA,PATATE,001883,EL TRIUNFO,CENTRO DE SALUD A,1,MEDICINA,87,-1.30517181259726,-78.4048870692035
1619,Z03,18D04,TUNGURAHUA,PATATE,001884,PATATE,CENTRO DE SALUD B,1,MEDICINA,87,-1.31061236351519,-78.5107219371878
1620,Z03,18D04,TUNGURAHUA,PATATE,001885,SUCRE,CENTRO DE SALUD A,2,MEDICINA,87,-1.26271795024745,-78.4936518881401
1621,Z03,16D01,PASTAZA,PASTAZA,002749,SARAYACU,CENTRO DE SALUD A,2,MEDICINA,87,-1.73396643815756,-77.4918763299923
1622,Z03,16D01,PASTAZA,PASTAZA,002752,LOROCACHI,PUESTO DE SALUD,1,MEDICINA,87,-1.61056677844634,-75.9917461758597
1623,Z03,16D02,PASTAZA,ARAJUNO,002753,TOÑAMPARE,CENTRO DE SALUD A,1,MEDICINA,87,-1.21731952722376,-77.3821514617431
1624,Z03,16D02,PASTAZA,ARAJUNO,002809,PITACOCHA,PUESTO DE SALUD,2,MEDICINA,87,-1.32413303520793,-77.5899855982712
1625,Z03,06D02,CHIMBORAZO,CHUNCHI,002862,CENTRO DE SALUD DE CHUNCHI,CENTRO DE SALUD A,2,MEDICINA,87,-2.28615771874339,-78.9200712555996
1626,Z03,06D04,CHIMBORAZO,GUAMOTE,002863,CENTRO DE SALUD DE GUAMOTE,CENTRO DE SALUD A,2,MEDICINA,87,-1.935340,-78.71164
1627,Z03,06D04,CHIMBORAZO,COLTA,002864,CENTRO DE SALUD DE COLTA,CENTRO DE SALUD A,1,MEDICINA,87,-1.6993,-78.7704
1628,Z03,06D02,CHIMBORAZO,ALAUSI,002865,CENTRO DE SALUD DE ALAUSI,CENTRO DE SALUD A,2,MEDICINA,87,-2.20080903729038,-78.8442502843994
1629,Z03,16D01,PASTAZA,PASTAZA,002995,GUARANI,PUESTO DE SALUD,1,MEDICINA,87,-2.23643487688781,-77.2393162693257
1630,Z03,05D01,COTOPAXI,LATACUNGA,003986,LOMA GRANDE,CENTRO DE SALUD A,2,MEDICINA,87,-0.938233,-78.629257
1631,Z03,05D04,COTOPAXI,PUJILI,004872,PUJILI,CENTRO DE SALUD A,2,MEDICINA,87,-0.95388,-78.69427
1632,Z03,05D04,COTOPAXI,PUJILI,004960,ZUMBAHUA,CENTRO DE SALUD B,5,MEDICINA,87,-0.96104,-78.89352
1633,Z03,18D04,TUNGURAHUA,SAN PEDRO DE PELILEO,019313,CENTRO DE SALUD DE PELILEO,CENTRO DE SALUD A,4,MEDICINA,87,-1.333,-78.541
1634,Z03,18D04,TUNGURAHUA,SANTIAGO DE PILLARO,019491,CENTRO DE SALUD DE PILLARO,CENTRO DE SALUD A,2,MEDICINA,87,-1.1761262867558,-78.5518786865658
1635,Z03,18D02,TUNGURAHUA,AMBATO,001869,SAN JOSE DE ANGAHUANA,CENTRO DE SALUD A,1,MEDICINA,87,-1.1770511,-78.6365312
1636,Z03,05D03,COTOPAXI,PANGUA,021034,EL CORAZON,CENTRO DE SALUD A,3,MEDICINA,87,-1.136230,-79.082750
1637,Z03,16D01,PASTAZA,PASTAZA,021215,MORETE PUYO,CENTRO DE SALUD A,3,MEDICINA,88,-1.48582,-78.00732
1638,Z03,18D04,TUNGURAHUA,SAN PEDRO DE PELILEO,039125,CENTRO DE SALUD TIPO A GARCIA MORENO - CHUMAQUI,CENTRO DE SALUD A,1,MEDICINA,88,-1.2960,-78.532
1639,Z04,13D02,MANABI,MANTA,001299,SAN JUAN,CENTRO DE SALUD A,1,MEDICINA,88,-0.996895700227779,-80.7615284532493
1640,Z04,13D02,MANABI,MANTA,001300,SANTA MARIANITA,CENTRO DE SALUD A,2,MEDICINA,88,-0.994322415153535,-80.8484789242459
1641,Z04,13D02,MANABI,MANTA,001301,SAN LORENZO,CENTRO DE SALUD A,2,MEDICINA,88,-1.06438660434006,-80.9047421671241
1642,Z04,13D02,MANABI,MONTECRISTI,001315,BAJO DE LA PALMA,CENTRO DE SALUD A,1,MEDICINA,88,-1.07885775948766,-80.6986047082303
1643,Z04,13D02,MANABI,MONTECRISTI,001316,CARCEL,CENTRO DE SALUD A,2,MEDICINA,88,-1.07879802829204,-80.6481720200189
1644,Z04,13D02,MANABI,MONTECRISTI,001317,LA SEQUITA,CENTRO DE SALUD A,1,MEDICINA,88,-1.02356673655587,-80.5840670204171
1645,Z04,13D02,MANABI,MONTECRISTI,001319,MANANTIALES,CENTRO DE SALUD A,1,MEDICINA,88,-1.26004945393316,-80.7393585671262
1646,Z04,13D02,MANABI,MONTECRISTI,001320,PILE,CENTRO DE SALUD A,1,MEDICINA,88,-1.168481460893,-80.8394277862277
1647,Z04,13D02,MANABI,MANTA,001321,EL AROMO,CENTRO DE SALUD A,1,MEDICINA,88,-1.04989897338895,-80.8344367327861
1648,Z04,13D02,MANABI,MONTECRISTI,001323,EL ARROYO,CENTRO DE SALUD A,1,MEDICINA,88,-1.00721964260234,-80.6706498865398
1649,Z04,13D02,MANABI,MONTECRISTI,001324,ESTANCIA LAS PALMAS,CENTRO DE SALUD A,1,MEDICINA,88,-1.06322140522575,-80.5950991412235
1650,Z04,13D03,MANABI,JIPIJAPA,001254,JIPIJAPA,CENTRO DE SALUD B,7,MEDICINA,88,-1.34538626935025,-80.5748952363242
1651,Z04,13D03,MANABI,PUERTO LOPEZ,001255,PUERTO LOPEZ,CENTRO DE SALUD C,5,MEDICINA,88,-1.55389966117599,-80.8074428809927
1652,Z04,13D03,MANABI,JIPIJAPA,001326,AMERICA,CENTRO DE SALUD A,2,MEDICINA,88,-1.43303372731828,-80.5290612935711
1653,Z04,13D03,MANABI,JIPIJAPA,001327,EL ANEGADO,CENTRO DE SALUD A,3,MEDICINA,88,-1.47192777974753,-80.5348513996876
1654,Z04,13D03,MANABI,JIPIJAPA,001329,LA UNION,CENTRO DE SALUD A,1,MEDICINA,88,-1.45911324714518,-80.4384350362136
1655,Z04,13D03,MANABI,JIPIJAPA,001330,LAS DELICIAS,CENTRO DE SALUD A,1,MEDICINA,88,-1.74080770163857,-80.5545788631805
1656,Z04,13D03,MANABI,JIPIJAPA,001331,MEMBRILLAL,CENTRO DE SALUD A,2,MEDICINA,89,-1.23364188016881,-80.6686740599601
1657,Z04,13D03,MANABI,JIPIJAPA,001332,PEDRO PABLO GOMEZ,CENTRO DE SALUD A,1,MEDICINA,89,-1.63049906425351,-80.5588652346942
1658,Z04,13D03,MANABI,PUERTO LOPEZ,001333,SALANGO,CENTRO DE SALUD A,2,MEDICINA,89,-1.58981037505802,-80.8350033634775
1659,Z04,13D03,MANABI,PUERTO LOPEZ,001334,MACHALILLA,CENTRO DE SALUD A,2,MEDICINA,89,-1.48006156555185,-80.7669689509101
1660,Z04,13D03,MANABI,JIPIJAPA,001335,PUERTO CAYO,CENTRO DE SALUD A,2,MEDICINA,89,-1.34719144554337,-80.735906773023
1661,Z04,13D03,MANABI,JIPIJAPA,001336,VARGAS TORRES,PUESTO DE SALUD,2,MEDICINA,89,-1.45750765976431,-80.4576813480487
1662,Z04,13D03,MANABI,JIPIJAPA,001337,SAN PABLO,PUESTO DE SALUD,1,MEDICINA,89,-1.5685792102128,-80.5915655359105
1663,Z04,13D03,MANABI,PUERTO LOPEZ,002761,AYAMPE,PUESTO DE SALUD,2,MEDICINA,89,-1.67800949147006,-80.8123220392322
1664,Z04,13D04,MANABI,SANTA ANA,001262,SANTA ANA-24H,CENTRO DE SALUD C,7,MEDICINA,89,-1.20841960535236,-80.3700104292527
1665,Z04,13D04,MANABI,OLMEDO,001263,OLMEDO-24H,CENTRO DE SALUD B,6,MEDICINA,89,-1.39578091595932,-80.2045180035336
1666,Z04,13D04,MANABI,24 DE MAYO,001264,24 DE MAYO,CENTRO DE SALUD B,6,MEDICINA,89,-1.28529143680166,-80.4155368135523
1667,Z04,13D04,MANABI,SANTA ANA,001387,AYACUCHO,CENTRO DE SALUD A,2,MEDICINA,89,-1.15725904387384,-80.2883934204864
1668,Z04,13D04,MANABI,SANTA ANA,001388,CHICOMPE,CENTRO DE SALUD A,1,MEDICINA,89,-1.27862599503826,-80.1096605052911
1669,Z04,13D04,MANABI,SANTA ANA,001389,HONORATO VASQUEZ,CENTRO DE SALUD A,1,MEDICINA,89,-1.11054398287257,-80.2227679400484
1670,Z04,13D04,MANABI,SANTA ANA,001390,LA UNION,CENTRO DE SALUD A,1,MEDICINA,89,-1.20815196173957,-80.1523486927367
1671,Z04,13D04,MANABI,SANTA ANA,001391,LODANA,CENTRO DE SALUD A,1,MEDICINA,89,-1.17569249722106,-80.3876075706195
1672,Z04,13D04,MANABI,SANTA ANA,001392,PUEBLO NUEVO,CENTRO DE SALUD A,1,MEDICINA,89,-1.20557231256224,-80.0655200006979
1673,Z04,13D04,MANABI,24 DE MAYO,001395,NOBOA,CENTRO DE SALUD A,1,MEDICINA,89,-1.4142835721756,-80.3921616381239
1674,Z04,13D04,MANABI,24 DE MAYO,001398,TRES RIOS,CENTRO DE SALUD A,2,MEDICINA,89,-1.43870956,-80.33546438
1675,Z04,13D05,MANABI,EL CARMEN,001400,EL MAICITO (WILFRIDO LOOR MOREIRA),CENTRO DE SALUD A,5,MEDICINA,90,-0.276336213321535,-79.5727041215741
1676,Z04,13D05,MANABI,EL CARMEN,001401,LA BRAMADORA,CENTRO DE SALUD A,6,MEDICINA,90,-0.473358067820275,-79.5574170217575
1677,Z04,13D05,MANABI,EL CARMEN,001402,SAN PEDRO DE SUMA,CENTRO DE SALUD A,5,MEDICINA,90,-0.219651411751316,-79.5417694876821
1678,Z04,13D05,MANABI,EL CARMEN,002118,LA CAOBA,CENTRO DE SALUD A,4,MEDICINA,90,-0.57107932315922,-79.578723625884
1679,Z04,13D05,MANABI,EL CARMEN,002119,SANTA MARIA,CENTRO DE SALUD A,2,MEDICINA,90,-0.673209819496993,-79.6098370604811
1680,Z04,13D05,MANABI,EL CARMEN,002120,SANTA TERESA,CENTRO DE SALUD A,4,MEDICINA,90,-0.809658058901539,-79.6396158201461
1681,Z04,13D05,MANABI,EL CARMEN,002767,EL PARAISO LA CATORCE,CENTRO DE SALUD A,1,MEDICINA,90,-0.589440724947167,-79.5139331967169
1682,Z04,13D06,MANABI,JUNIN,001245,MATERNO INFANTIL CARLOS MORALES LOCKE,CENTRO DE SALUD C,5,MEDICINA,90,-0.932288986520389,-80.205852146584
1683,Z04,13D06,MANABI,PICHINCHA,001265,PICHINCHA,CENTRO DE SALUD B,4,MEDICINA,90,-1.04558291868506,-79.8231189508726
1684,Z04,13D06,MANABI,JUNIN,001266,MONTAÑITA,CENTRO DE SALUD A,1,MEDICINA,90,-0.868640025392922,-80.2580262398468
1685,Z04,13D06,MANABI,BOLIVAR,001271,SAN BARTOLO,CENTRO DE SALUD A,2,MEDICINA,90,-0.847495642044646,-80.1573235803581
1686,Z04,13D06,MANABI,BOLIVAR,001272,INES MORENO,CENTRO DE SALUD A,1,MEDICINA,90,-0.845526081577722,-80.169006786964
1687,Z04,13D06,MANABI,BOLIVAR,001273,MATA PALO,CENTRO DE SALUD A,1,MEDICINA,90,-0.897181491510562,-80.1338389106027
1688,Z04,13D06,MANABI,BOLIVAR,001274,CAÑA TIGRE,CENTRO DE SALUD A,2,MEDICINA,90,-0.96032511244952,-80.004728063066
1689,Z04,13D06,MANABI,BOLIVAR,001275,QUIROGA,CENTRO DE SALUD A,3,MEDICINA,90,-0.883739178435771,-80.0978232243162
1690,Z04,13D06,MANABI,PICHINCHA,001405,SAN SEBASTIAN,CENTRO DE SALUD A,1,MEDICINA,90,-1.05254213646446,-80.0140914203474
1691,Z04,13D07,MANABI,CHONE,001243,CANUTO,CENTRO DE SALUD A,3,MEDICINA,90,-0.801399144089345,-80.1309485799629
1692,Z04,13D07,MANABI,FLAVIO ALFARO,001247,FLAVIO ALFARO,CENTRO DE SALUD B,8,MEDICINA,90,-0.405199917063457,-79.905543835352
1693,Z04,13D07,MANABI,CHONE,001278,SAN ANTONIO,CENTRO DE SALUD A,3,MEDICINA,90,-0.70377892302331,-80.1686389949267
1694,Z04,13D07,MANABI,CHONE,001279,SANTA RITA,CENTRO DE SALUD A,2,MEDICINA,91,-0.700541803093368,-80.0802677237761
1695,Z04,13D07,MANABI,CHONE,001280,CHIBUNGA,CENTRO DE SALUD A,1,MEDICINA,91,-0.099652896591935,-79.8178580563451
1696,Z04,13D07,MANABI,CHONE,001281,RICAURTE,CENTRO DE SALUD A,1,MEDICINA,91,-0.583758690201031,-80.0408310928833
1697,Z04,13D07,MANABI,CHONE,001285,CONVENTO,CENTRO DE SALUD A,2,MEDICINA,91,-0.277730716600166,-80.0322611745079
1698,Z04,13D07,MANABI,CHONE,001286,CUCUY,CENTRO DE SALUD A,3,MEDICINA,91,-0.457344673434741,-80.1453921248405
1699,Z04,13D07,MANABI,CHONE,001288,ELOY ALFARO,CENTRO DE SALUD A,2,MEDICINA,91,-0.399893530948559,-80.0795589565686
1700,Z04,13D07,MANABI,CHONE,001289,NAUSE,CENTRO DE SALUD A,1,MEDICINA,91,-0.636783497313886,-79.8505032347417
1701,Z04,13D07,MANABI,CHONE,002979,SAN PEDRO DE ATASCOSO,CENTRO DE SALUD A,2,MEDICINA,91,-0.60994,-79.67557
1702,Z04,13D09,MANABI,PAJAN,001244,PECHICHAL,PUESTO DE SALUD,1,MEDICINA,91,-1.59537293876234,-80.4594088070274
1703,Z04,13D09,MANABI,PAJAN,001345,CASCOL,CENTRO DE SALUD A,4,MEDICINA,91,-1.66228348782742,-80.4599663410139
1704,Z04,13D09,MANABI,PAJAN,001346,CAMPOZANO,CENTRO DE SALUD A,2,MEDICINA,91,-1.59188219585812,-80.3992323620098
1705,Z04,13D09,MANABI,PAJAN,001347,ESTERO CIEGO,CENTRO DE SALUD A,1,MEDICINA,91,-1.6207533709243,-80.3232245155474
1706,Z04,13D09,MANABI,PAJAN,001348,GUALE,CENTRO DE SALUD A,1,MEDICINA,91,-1.62892879929822,-80.2400226274355
1707,Z04,13D09,MANABI,PAJAN,001349,LA BALSA,CENTRO DE SALUD A,1,MEDICINA,91,-1.5527703594825,-80.3896697031231
1708,Z04,13D09,MANABI,PAJAN,001351,PROCEL,CENTRO DE SALUD A,1,MEDICINA,91,-1.66380832368467,-80.3847012054006
1709,Z04,13D09,MANABI,PAJAN,002978,CENTRO DE SALUD DE PAJAN,CENTRO DE SALUD A,1,MEDICINA,91,-1.55660905329648,-80.4320993474453
1710,Z04,13D11,MANABI,JAMA,001250,JAMA,CENTRO DE SALUD C,4,MEDICINA,91,-0.195577805676601,-80.2681889978146
1711,Z04,13D11,MANABI,PEDERNALES,001256,PEDERNALES-24H,CENTRO DE SALUD B,4,MEDICINA,91,0.0683159446334354,-80.0543760973536
1712,Z04,13D11,MANABI,SUCRE,001287,SAN ISIDRO,CENTRO DE SALUD B,6,MEDICINA,91,-0.380826075934791,-80.1866460945051
1713,Z04,13D11,MANABI,SAN VICENTE,001290,COMUNA SALINAS,CENTRO DE SALUD A,1,MEDICINA,92,-0.645096651321652,-80.296742527862
1714,Z04,13D11,MANABI,SAN VICENTE,001291,SAN VICENTE,CENTRO DE SALUD B,4,MEDICINA,92,-0.588025187077942,-80.405173778853
1715,Z04,13D11,MANABI,JAMA,001293,LA MOCORA,CENTRO DE SALUD A,2,MEDICINA,92,-0.270946775634765,-80.1602902595992
1716,Z04,13D11,MANABI,SAN VICENTE,001294,CHITA,CENTRO DE SALUD A,2,MEDICINA,92,-0.479366026905204,-80.3307849089463
1717,Z04,13D11,MANABI,SUCRE,001295,SAN AGUSTIN KM 20,CENTRO DE SALUD A,1,MEDICINA,92,-0.693608572984482,-80.3238036970519
1718,Z04,13D11,MANABI,SUCRE,001296,CHARAPOTO,CENTRO DE SALUD A,2,MEDICINA,92,-0.837520584416356,-80.4863238446547
1719,Z04,13D11,MANABI,SUCRE,001297,LAS CAÑITAS,CENTRO DE SALUD A,1,MEDICINA,92,-0.853042424921446,-80.4666934121701
1720,Z04,13D11,MANABI,SUCRE,001341,SAN JACINTO,CENTRO DE SALUD A,1,MEDICINA,92,-0.781595836530176,-80.5144788997831
1721,Z04,13D11,MANABI,PEDERNALES,001353,ATAHUALPA,CENTRO DE SALUD A,2,MEDICINA,92,-0.0291547501127044,-79.9701564562127
1722,Z04,13D11,MANABI,PEDERNALES,001354,CHEVE ARRIBA,CENTRO DE SALUD A,4,MEDICINA,92,0.0935044256399991,-79.890402751619
1723,Z04,13D11,MANABI,PEDERNALES,001355,COJIMIES,CENTRO DE SALUD B,5,MEDICINA,92,0.365369056437615,-80.0376083668458
1724,Z04,13D11,MANABI,PEDERNALES,001356,10 DE AGOSTO,CENTRO DE SALUD A,5,MEDICINA,92,-0.143733767316212,-80.0716350811647
1725,Z04,13D11,MANABI,SUCRE,002780,FANCA,PUESTO DE SALUD,2,MEDICINA,92,-0.645456090202901,-80.4201215029588
1726,Z04,13D11,MANABI,SUCRE,002782,LOS CARAS,PUESTO DE SALUD,2,MEDICINA,92,-0.678433902213725,-80.3651270468915
1727,Z04,13D12,MANABI,TOSAGUA,001246,CENTRO DE SALUD TIPO C DR. ARNALDO CALDERON COELLO,CENTRO DE SALUD C,11,MEDICINA,92,-0.78354384988244,-80.2331935265531
1728,Z04,13D12,MANABI,TOSAGUA,001270,LA ESTANCILLA,CENTRO DE SALUD A,4,MEDICINA,92,-0.805179250283876,-80.2134725035587
1729,Z04,13D12,MANABI,TOSAGUA,001277,EL RECREO - SAN MIGUEL,CENTRO DE SALUD A,2,MEDICINA,92,-0.784726689272697,-80.221097129687
1730,Z04,13D12,MANABI,ROCAFUERTE,001338,RESBALON,CENTRO DE SALUD A,1,MEDICINA,92,-0.964468248610844,-80.437080908456
1731,Z04,13D12,MANABI,ROCAFUERTE,001339,FRUTILLO,CENTRO DE SALUD A,2,MEDICINA,92,-0.88068434891559,-80.492663215321
1732,Z04,13D12,MANABI,ROCAFUERTE,001343,SAN ELOY,CENTRO DE SALUD A,2,MEDICINA,93,-0.881068033972166,-80.455140678032
1733,Z04,13D12,MANABI,ROCAFUERTE,001344,PUEBLITO,CENTRO DE SALUD A,2,MEDICINA,93,-0.911922657200727,-80.4873562799077
1734,Z04,13D12,MANABI,TOSAGUA,001407,CERRO VERDE,CENTRO DE SALUD A,2,MEDICINA,93,-0.766663946286871,-80.3465477087378
1735,Z04,13D12,MANABI,TOSAGUA,001408,BACHILLERO,CENTRO DE SALUD A,2,MEDICINA,93,-0.773433079033445,-80.2016699492722
1736,Z04,13D12,MANABI,ROCAFUERTE,004443,CENTRO DE SALUD DE ROCAFUERTE,CENTRO DE SALUD B,4,MEDICINA,93,-0.93128,-80.448521
1737,Z04,23D01 SANTO DOMINGO,DOMINGO DE LOS TSACHILAS,SANTO DOMINGO,002049,SAN GABRIEL DEL BABA,CENTRO DE SALUD A,1,MEDICINA,93,-0.304156358363787,-79.1536451266437
1738,Z04,23D01 SANTO DOMINGO,DOMINGO DE LOS TSACHILAS,SANTO DOMINGO,002050,NUEVA AURORA,CENTRO DE SALUD A,2,MEDICINA,93,-0.291452883519363,-79.2177361453263
1739,Z04,23D01 SANTO DOMINGO,DOMINGO DE LOS TSACHILAS,SANTO DOMINGO,002056,LAS DELICIAS,CENTRO DE SALUD A,3,MEDICINA,93,-0.262486956110333,-79.4063007637623
1740,Z04,23D01 SANTO DOMINGO,DOMINGO DE LOS TSACHILAS,SANTO DOMINGO,002062,NUEVO ISRAEL,CENTRO DE SALUD A,3,MEDICINA,93,-0.237600355060597,-79.3459906235703
1741,Z04,23D01 SANTO DOMINGO,DOMINGO DE LOS TSACHILAS,SANTO DOMINGO,002063,JUAN EULOGIO PAZ Y MIÑO,CENTRO DE SALUD A,3,MEDICINA,93,-0.223402195353209,-79.1947776444426
1742,Z04,23D01 SANTO DOMINGO,DOMINGO DE LOS TSACHILAS,SANTO DOMINGO,002064,LIBERTAD DEL TOACHI,CENTRO DE SALUD A,2,MEDICINA,93,-0.210660141056988,-79.1126197927217
1743,Z04,23D01 SANTO DOMINGO,DOMINGO DE LOS TSACHILAS,SANTO DOMINGO,002066,VALLE HERMOSO,CENTRO DE SALUD A,2,MEDICINA,93,-0.0880989378966629,-79.2797364335102
1744,Z04,23D01 SANTO DOMINGO,DOMINGO DE LOS TSACHILAS,SANTO DOMINGO,002067,SAN JACINTO DEL BUA,CENTRO DE SALUD A,4,MEDICINA,93,-0.14674344494335,-79.3911035555066
1745,Z04,23D01 SANTO DOMINGO,DOMINGO DE LOS TSACHILAS,SANTO DOMINGO,002068,ALLURIQUIN,CENTRO DE SALUD B,1,MEDICINA,93,-0.323993222479417,-78.998400432612
1746,Z04,23D01 SANTO DOMINGO,DOMINGO DE LOS TSACHILAS,SANTO DOMINGO,002070,SAN VICENTE DEL NILA,CENTRO DE SALUD A,1,MEDICINA,93,-0.496663982257105,-79.4322924774018
1747,Z04,23D01 SANTO DOMINGO,DOMINGO DE LOS TSACHILAS,SANTO DOMINGO,002071,LUZ DE AMERICA,CENTRO DE SALUD B,2,MEDICINA,93,-0.405058758999882,-79.3007427741444
1748,Z04,23D01 SANTO DOMINGO,DOMINGO DE LOS TSACHILAS,SANTO DOMINGO,002074,PUERTO LIMON,CENTRO DE SALUD A,2,MEDICINA,93,-0.384661775776842,-79.3707883975315
1749,Z04,23D01 SANTO DOMINGO,DOMINGO DE LOS TSACHILAS,LA CONCORDIA,002077,MONTERREY,CENTRO DE SALUD A,1,MEDICINA,93,-0.0293663981060252,-79.4929893625453
1750,Z04,23D01 SANTO DOMINGO,DOMINGO DE LOS TSACHILAS,LA CONCORDIA,002078,PLAN PILOTO,CENTRO DE SALUD A,2,MEDICINA,93,-0.07257591890094,-79.3923022802963
1751,Z04,23D01 SANTO DOMINGO,DOMINGO DE LOS TSACHILAS,LA CONCORDIA,002079,LA VILLEGAS,CENTRO DE SALUD A,2,MEDICINA,94,-0.059548,-79.443984
1752,Z04,23D01 SANTO DOMINGO,DOMINGO DE LOS TSACHILAS,LA CONCORDIA,002740,ALIANZA,CENTRO DE SALUD A,2,MEDICINA,94,0.00433196318100794,-79.4004423401591
1753,Z04,23D01 SANTO DOMINGO,DOMINGO DE LOS TSACHILAS,SANTO DOMINGO,002795,15 DE SEPTIEMBRE,CENTRO DE SALUD A,3,MEDICINA,94,-0.273880618125523,-79.2050915468183
1754,Z04,23D01 SANTO DOMINGO,DOMINGO DE LOS TSACHILAS,SANTO DOMINGO,002796,PLAN DE VIVIENDA,CENTRO DE SALUD A,1,MEDICINA,94,-0.2602174587096,-79.2091176490711
1755,Z04,23D01 SANTO DOMINGO,DOMINGO DE LOS TSACHILAS,SANTO DOMINGO,020911,CONGOMA,PUESTO DE SALUD,1,MEDICINA,94,-0.3512610,-79.2909500
1756,Z04,COORDINACION ZONAL 4,MANABI,PORTOVIEJO,001260,ABDON CALDERON,CENTRO DE SALUD B,2,MEDICINA,94,-1.03077245522746,-80.3425642011766
1757,Z04,COORDINACION ZONAL 4,MANABI,PORTOVIEJO,001261,RIOCHICO,CENTRO DE SALUD A,2,MEDICINA,94,-0.99426516107886,-80.4175817460969
1758,Z04,COORDINACION ZONAL 4,MANABI,PORTOVIEJO,001357,LOS ANGELES DE COLON,CENTRO DE SALUD A,1,MEDICINA,94,-1.09695433357681,-80.4114690168472
1759,Z04,COORDINACION ZONAL 4,MANABI,PORTOVIEJO,001358,EL RODEO,CENTRO DE SALUD A,1,MEDICINA,94,-1.02093849246024,-80.386973983675
1760,Z04,COORDINACION ZONAL 4,MANABI,PORTOVIEJO,001361,COLON,CENTRO DE SALUD A,1,MEDICINA,94,-1.11009980221715,-80.4138122876403
1761,Z04,COORDINACION ZONAL 4,MANABI,PORTOVIEJO,001369,MEJIA,CENTRO DE SALUD A,1,MEDICINA,94,-0.988791506791672,-80.4692347271682
1762,Z04,COORDINACION ZONAL 4,MANABI,PORTOVIEJO,001372,LOS ARENALES,CENTRO DE SALUD A,2,MEDICINA,94,-0.85615434980541,-80.5340805070612
1763,Z04,COORDINACION ZONAL 4,MANABI,PORTOVIEJO,001373,ALHAJUELA,CENTRO DE SALUD A,3,MEDICINA,94,-1.05346584161991,-80.2805450324591
1764,Z04,COORDINACION ZONAL 4,MANABI,PORTOVIEJO,001374,CAÑALES,PUESTO DE SALUD,1,MEDICINA,94,-1.02122565837336,-80.211448333282
1765,Z04,COORDINACION ZONAL 4,MANABI,PORTOVIEJO,001375,CHIRIJO,CENTRO DE SALUD A,1,MEDICINA,94,-1.03163612751654,-80.2403761251338
1766,Z04,COORDINACION ZONAL 4,MANABI,PORTOVIEJO,001376,PUEBLO NUEVO,CENTRO DE SALUD A,1,MEDICINA,94,-0.98421117461819,-80.3080258241296
1767,Z04,COORDINACION ZONAL 4,MANABI,PORTOVIEJO,001377,SAN PLACIDO,CENTRO DE SALUD A,2,MEDICINA,94,-1.06054069204102,-80.244638230296
1768,Z04,COORDINACION ZONAL 4,MANABI,PORTOVIEJO,001378,LA BALSITA,CENTRO DE SALUD A,1,MEDICINA,94,-1.00062091488605,-80.3947610533328
1769,Z04,COORDINACION ZONAL 4,MANABI,PORTOVIEJO,001379,LA ENCANTADA,CENTRO DE SALUD A,1,MEDICINA,94,-0.995860517062598,-80.3387066157442
1770,Z04,COORDINACION ZONAL 4,MANABI,PORTOVIEJO,001383,PIMPIGUASI,CENTRO DE SALUD A,1,MEDICINA,95,-1.01427642774742,-80.3681372050211
1771,Z04,COORDINACION ZONAL 4,MANABI,PORTOVIEJO,001384,ESTANCIA VIEJA,CENTRO DE SALUD A,1,MEDICINA,95,-1.13617063876434,-80.4038663413293
1772,Z04,COORDINACION ZONAL 4,MANABI,PORTOVIEJO,001386,KM 90,PUESTO DE SALUD,1,MEDICINA,95,-1.02564781816718,-80.07170588987
1773,Z04,COORDINACION ZONAL 4,MANABI,PORTOVIEJO,002730,SAN PEDRO,CENTRO DE SALUD A,2,MEDICINA,95,-1.08125246400318,-80.5343373790388
1774,Z05,02D01,BOLIVAR,GUARANDA,000110,CHAZO JUAN,CENTRO DE SALUD A,2,MEDICINA,95,-1.39585247424134,-79.1490293837234
1775,Z05,02D01,BOLIVAR,GUARANDA,000111,LA PALMA,CENTRO DE SALUD A,1,MEDICINA,95,-1.35051883933563,-79.1562608755993
1776,Z05,02D03,BOLIVAR,SAN MIGUEL,000112,LAS GUARDIAS,CENTRO DE SALUD A,2,MEDICINA,95,-1.82687880363014,-79.1467619186431
1777,Z05,02D04,BOLIVAR,CALUMA,000113,CHARQUIYACU,CENTRO DE SALUD A,2,MEDICINA,95,-1.58035395933977,-79.2189003320978
1778,Z05,02D01,BOLIVAR,GUARANDA,000114,SAN LUIS DE PAMBIL,CENTRO DE SALUD A,1,MEDICINA,95,-1.23600659645475,-79.2396374727101
1779,Z05,02D04,BOLIVAR,LAS NAVES,000115,LAS MERCEDES,PUESTO DE SALUD,1,MEDICINA,95,-1.27256945414609,-79.323693572914
1780,Z05,02D04,BOLIVAR,ECHEANDIA,000117,CENTRO DE SALUD ECHEANDIA,CENTRO DE SALUD C,2,MEDICINA,95,-1.4346734713553,-79.2774772561222
1781,Z05,02D04,BOLIVAR,ECHEANDIA,000118,CAMARON,CENTRO DE SALUD A,1,MEDICINA,95,-1.40431210178994,-79.2129770801281
1782,Z05,02D01,BOLIVAR,GUARANDA,000120,FACUNDO VELA,CENTRO DE SALUD A,2,MEDICINA,95,-1.20535784174017,-79.064478049806
1783,Z05,02D01,BOLIVAR,GUARANDA,000121,TALAHUA,CENTRO DE SALUD A,1,MEDICINA,95,-1.29889846577343,-79.0185293522567
1784,Z05,02D01,BOLIVAR,GUARANDA,000122,SIMIATUG,CENTRO DE SALUD B,2,MEDICINA,95,-1.28973784640481,-78.9601171346544
1785,Z05,02D01,BOLIVAR,GUARANDA,000123,SALINAS,CENTRO DE SALUD A,1,MEDICINA,95,-1.40513917538934,-79.0176975058986
1786,Z05,02D01,BOLIVAR,GUARANDA,000124,QUINUACORRAL,PUESTO DE SALUD,1,MEDICINA,95,-1.50610171343738,-78.9707022992546
1787,Z05,02D01,BOLIVAR,GUARANDA,000125,CUATRO ESQUINAS,CENTRO DE SALUD A,1,MEDICINA,95,-1.5282031338283,-78.9939331175335
1788,Z05,02D01,BOLIVAR,GUARANDA,000127,SAN JUAN DE LLULLUNDONGO,CENTRO DE SALUD A,1,MEDICINA,95,-1.54409188438311,-79.0350945498267
1789,Z05,02D01,BOLIVAR,GUARANDA,000128,GUANUJO,CENTRO DE SALUD A,1,MEDICINA,96,-1.559421,-79.011043
1790,Z05,02D01,BOLIVAR,GUARANDA,000129,LOS TRIGALES,CENTRO DE SALUD B,2,MEDICINA,96,-1.58202005640852,-79.0041607122242
1791,Z05,02D03,BOLIVAR,SAN MIGUEL,000131,BALSAPAMBA,CENTRO DE SALUD A,1,MEDICINA,96,-1.76642751887706,-79.1807463426179
1792,Z05,02D03,BOLIVAR,SAN MIGUEL,000132,SAN PABLO,CENTRO DE SALUD A,1,MEDICINA,96,-1.81513959662664,-79.0675237439117
1793,Z05,02D03,BOLIVAR,SAN MIGUEL,000133,BILOVAN,CENTRO DE SALUD A,1,MEDICINA,96,-1.80578099118157,-79.1015551650961
1794,Z05,02D03,BOLIVAR,CHIMBO,000134,ASUNCION,CENTRO DE SALUD A,2,MEDICINA,96,-1.66474088536071,-79.0380792822915
1795,Z05,02D03,BOLIVAR,CHIMBO,000135,MAGDALENA (CHAPOCOTO),CENTRO DE SALUD A,1,MEDICINA,96,-1.66364774913954,-79.0663211323306
1796,Z05,02D04,BOLIVAR,CALUMA,000137,YATUVI,CENTRO DE SALUD A,2,MEDICINA,96,-1.60657394682103,-79.2982518784409
1797,Z05,02D04,BOLIVAR,CALUMA,000138,PITA,PUESTO DE SALUD,1,MEDICINA,96,-1.62964692784674,-79.3026090124218
1798,Z05,02D04,BOLIVAR,CALUMA,000139,CENTRO DE SALUD CALUMA,CENTRO DE SALUD C,2,MEDICINA,96,-1.62698289992462,-79.2543010608507
1799,Z05,02D01,BOLIVAR,GUARANDA,000141,SANTA FE,CENTRO DE SALUD A,1,MEDICINA,96,-1.61418821536019,-79.0109940543476
1800,Z05,02D03,BOLIVAR,SAN MIGUEL,000142,QUISACOTO,CENTRO DE SALUD A,1,MEDICINA,96,-1.80172702948385,-79.0144313708417
1801,Z05,02D03,BOLIVAR,SAN MIGUEL,000143,SAN VICENTE,CENTRO DE SALUD A,2,MEDICINA,96,-1.7149416681468,-79.0207499555466
1802,Z05,02D03,BOLIVAR,SAN MIGUEL,000144,SANTIAGO,CENTRO DE SALUD A,2,MEDICINA,96,-1.70044208862314,-78.9979692724025
1803,Z05,02D01,BOLIVAR,GUARANDA,000145,SAN LORENZO,CENTRO DE SALUD A,1,MEDICINA,96,-1.67630829438101,-78.996475499655
1804,Z05,02D01,BOLIVAR,GUARANDA,000146,SAN SIMON,CENTRO DE SALUD A,1,MEDICINA,96,-1.64095763937021,-78.989808358212
1805,Z05,02D03,BOLIVAR,CHILLANES,000147,CAPILLA DE PACAY,CENTRO DE SALUD A,2,MEDICINA,96,-1.98357643303436,-79.0766200835629
1806,Z05,02D03,BOLIVAR,CHILLANES,000148,UNDUSHI,PUESTO DE SALUD,1,MEDICINA,96,-1.98752913790158,-79.1325696923765
1807,Z05,02D03,BOLIVAR,CHILLANES,000149,BOLA DE ORO,PUESTO DE SALUD,1,MEDICINA,96,-1.92829610173723,-79.0165719810539
1808,Z05,02D03,BOLIVAR,CHILLANES,000150,SAN JOSE DEL TAMBO,CENTRO DE SALUD A,1,MEDICINA,97,-1.95537842105,-79.2397107008
1809,Z05,02D03,BOLIVAR,CHILLANES,000151,COLOMBIA ALTA,CENTRO DE SALUD A,1,MEDICINA,97,-2.0135222385589,-79.2258056691616
1810,Z05,02D03,BOLIVAR,CHILLANES,000152,SANTA ROSA DE AGUA CLARA,CENTRO DE SALUD A,1,MEDICINA,97,-2.19943187533799,-79.1141980209011
1811,Z05,02D03,BOLIVAR,SAN MIGUEL,000153,REGULO DE MORA,CENTRO DE SALUD A,2,MEDICINA,97,-1.87643810565057,-79.1873222907435
1812,Z05,02D01,BOLIVAR,GUARANDA,000154,CACHISAGUA,CENTRO DE SALUD A,1,MEDICINA,97,-1.61033504335854,-78.9373058954671
1813,Z05,02D03,BOLIVAR,CHIMBO,000156,CENTRO DE SALUD CHIMBO,CENTRO DE SALUD A,1,MEDICINA,97,-1.681572192208,-79.0264673583
1814,Z05,02D03,BOLIVAR,CHILLANES,000157,MATAPALO CERRITOS,PUESTO DE SALUD,1,MEDICINA,97,-1.89660244274,-79.1016968285
1815,Z05,09D21,GUAYAS,SIMON BOLIVAR,000725,MATA DE PLATANO,CENTRO DE SALUD A,2,MEDICINA,97,-2.0382401809696,-79.5040333710392
1816,Z05,09D21,GUAYAS,NARANJITO,000728,PRIMAVERA,CENTRO DE SALUD A,1,MEDICINA,97,-2.16728257387096,-79.3577011717531
1817,Z05,09D19,GUAYAS,SANTA LUCIA,000730,PORVENIR,CENTRO DE SALUD A,1,MEDICINA,97,-1.70505309014553,-80.018155789169
1818,Z05,09D19,GUAYAS,SANTA LUCIA,000731,PINAL DE ARRIBA,CENTRO DE SALUD A,1,MEDICINA,97,-1.78919733221309,-80.01691645556
1819,Z05,09D21,GUAYAS,ALFREDO BAQUERIZO MORENO,000817,ALFREDO BAQUERIZO MORENO,CENTRO DE SALUD B,4,MEDICINA,97,-1.89204048283815,-79.5551111199024
1820,Z05,09D21,GUAYAS,SIMON BOLIVAR,000818,SIMON BOLIVAR,CENTRO DE SALUD B,1,MEDICINA,97,-2.00030897074959,-79.4841842371134
1821,Z05,09D21,GUAYAS,SAN JACINTO DE YAGUACHI,000819,TRES POSTES,CENTRO DE SALUD A,2,MEDICINA,97,-1.98725785914381,-79.6059999268475
1822,Z05,09D21,GUAYAS,ALFREDO BAQUERIZO MORENO,000820,LIBERTAD DE ÑAUZA,CENTRO DE SALUD A,2,MEDICINA,97,-1.945178721808,-79.601144713902
1823,Z05,09D21,GUAYAS,SIMON BOLIVAR,000821,SANTO DOMINGO,CENTRO DE SALUD A,2,MEDICINA,97,-2.0237284749646,-79.4603324840465
1824,Z05,09D21,GUAYAS,SIMON BOLIVAR,000822,LORENZO DE GARAICOA,CENTRO DE SALUD A,2,MEDICINA,97,-2.06359177255059,-79.4304053599324
1825,Z05,09D21,GUAYAS,SIMON BOLIVAR,000823,RIO CHICO,CENTRO DE SALUD A,1,MEDICINA,97,-2.05905930905045,-79.3662643916966
1826,Z05,09D21,GUAYAS,SIMON BOLIVAR,000824,SOLEDAD,CENTRO DE SALUD A,1,MEDICINA,97,-2.06266628210926,-79.347519019804
1827,Z05,09D21,GUAYAS,SIMON BOLIVAR,000825,INES MARIA,CENTRO DE SALUD A,1,MEDICINA,98,-2.09837443430152,-79.3015666625192
1828,Z05,09D12,GUAYAS,BALAO,000827,CIEN FAMILIAS,CENTRO DE SALUD A,1,MEDICINA,98,-2.82610358886511,-79.705928925677
1829,Z05,09D13,GUAYAS,COLIMES,000829,COLIMES,CENTRO DE SALUD B,4,MEDICINA,98,-1.54363453089544,-80.0108180731481
1830,Z05,09D13,GUAYAS,BALZAR,000830,CERRITOS,CENTRO DE SALUD A,1,MEDICINA,98,-1.47080134671081,-79.9230899637972
1831,Z05,09D13,GUAYAS,BALZAR,000831,LA GUAYAQUIL,CENTRO DE SALUD A,2,MEDICINA,98,-1.18626272157826,-79.7554385502654
1832,Z05,09D19,GUAYAS,DAULE,000834,LIMONAL,CENTRO DE SALUD A,3,MEDICINA,98,-1.79435760524254,-80.0078430111915
1833,Z05,09D19,GUAYAS,DAULE,000835,GUARUMAL,CENTRO DE SALUD A,1,MEDICINA,98,-1.8297846533891,-79.9354195112697
1834,Z05,09D19,GUAYAS,DAULE,000836,LAUREL,CENTRO DE SALUD A,1,MEDICINA,98,-1.78889886118017,-79.9058049790759
1835,Z05,09D19,GUAYAS,DAULE,000837,YURIMA,CENTRO DE SALUD A,1,MEDICINA,98,-1.80695462243768,-79.9221911943368
1836,Z05,09D19,GUAYAS,DAULE,000838,JUAN BAUTISTA AGUIRRE,CENTRO DE SALUD A,3,MEDICINA,98,-1.87684784349548,-79.861935176427
1837,Z05,09D19,GUAYAS,DAULE,000839,LAS LOJAS,CENTRO DE SALUD A,8,MEDICINA,98,-2.01359602232084,-79.9413833884275
1838,Z05,09D19,GUAYAS,NOBOL,000840,NOBOL,CENTRO DE SALUD B,8,MEDICINA,98,-1.908853,-80.017035
1839,Z05,09D15,GUAYAS,EL EMPALME,000851,LA GUAYAS,CENTRO DE SALUD A,1,MEDICINA,98,-0.980954912797235,-79.5720545118475
1840,Z05,09D13,GUAYAS,BALZAR,000852,LOS CHONEROS,CENTRO DE SALUD A,2,MEDICINA,98,-1.13346576169913,-79.8407615174949
1841,Z05,09D15,GUAYAS,EL EMPALME,000853,EL LIMON,CENTRO DE SALUD A,4,MEDICINA,98,-1.03498923733628,-79.6606466283986
1842,Z05,COORDINACION ZONAL 5,GUAYAS,MILAGRO,000858,LOS MONOS,CENTRO DE SALUD A,4,MEDICINA,98,-2.19380313768598,-79.5920800385241
1843,Z05,COORDINACION ZONAL 5,GUAYAS,MILAGRO,000860,CARRIZAL,CENTRO DE SALUD A,4,MEDICINA,98,-2.05335537707919,-79.5358510790369
1844,Z05,COORDINACION ZONAL 5,GUAYAS,MILAGRO,000861,MARISCAL SUCRE,CENTRO DE SALUD A,3,MEDICINA,98,-2.11115278274257,-79.5030838567895
1845,Z05,COORDINACION ZONAL 5,GUAYAS,MILAGRO,000862,ROBERTO ASTUDILLO,CENTRO DE SALUD A,3,MEDICINA,98,-2.18413534211759,-79.5179994532509
1846,Z05,09D12,GUAYAS,NARANJAL,000863,SAN CARLOS,CENTRO DE SALUD A,1,MEDICINA,99,-2.52179346272668,-79.4754060445546
1847,Z05,09D12,GUAYAS,NARANJAL,000864,VILLA NUEVA,CENTRO DE SALUD A,1,MEDICINA,99,-2.5978014344692,-79.6023242888976
1848,Z05,09D21,GUAYAS,CORONEL MARCELINO MARIDUEÑA,000868,MARCELINO MARIDUEÑA,CENTRO DE SALUD A,1,MEDICINA,99,-2.21083340876352,-79.4388053076661
1849,Z05,09D21,GUAYAS,NARANJITO,000869,BARRAGANETAL,CENTRO DE SALUD A,2,MEDICINA,99,-2.17508109116602,-79.2955854476791
1850,Z05,09D21,GUAYAS,GENERAL ANTONIO ELIZALDE,000870,MATILDE ESTHER,CENTRO DE SALUD A,2,MEDICINA,99,-2.10544205982884,-79.2410922508196
1851,Z05,09D14,GUAYAS,PEDRO CARBO,000871,MATERNO INFANTIL PEDRO CARBO,CENTRO DE SALUD C,7,MEDICINA,99,-1.82221689439638,-80.2236911612722
1852,Z05,09D14,GUAYAS,PEDRO CARBO,000873,SABANILLA,CENTRO DE SALUD A,1,MEDICINA,99,-1.84526455490162,-80.217945262833
1853,Z05,09D14,GUAYAS,PEDRO CARBO,000877,VALLE DE LA VIRGEN,CENTRO DE SALUD A,1,MEDICINA,99,-1.74460472339952,-80.1947757998971
1854,Z05,09D14,GUAYAS,PEDRO CARBO,000878,VILLAO,CENTRO DE SALUD A,1,MEDICINA,99,-1.83784420546069,-80.3464515868388
1855,Z05,09D14,GUAYAS,ISIDRO AYORA,000880,LAS MERCEDES,CENTRO DE SALUD A,2,MEDICINA,99,-1.94175742070542,-80.1522050468855
1856,Z05,09D19,GUAYAS,SANTA LUCIA,000890,EL MATE,CENTRO DE SALUD A,3,MEDICINA,99,-1.77162718605563,-80.0112532771618
1857,Z05,09D19,GUAYAS,SANTA LUCIA,000892,TAMARINDO,CENTRO DE SALUD A,2,MEDICINA,99,-1.67303234800514,-80.0216237283162
1858,Z05,09D13,GUAYAS,PALESTINA,000893,PALESTINA,CENTRO DE SALUD B,2,MEDICINA,99,-1.63130217524495,-79.9826049354084
1859,Z05,09D20,GUAYAS,SALITRE,000894,GENERAL VERNAZA,CENTRO DE SALUD A,5,MEDICINA,99,-1.763130,-79.790988
1860,Z05,09D20,GUAYAS,SALITRE,000897,JUNQUILLAL,CENTRO DE SALUD A,6,MEDICINA,99,-1.71854601354026,-79.8657097101409
1861,Z05,09D20,GUAYAS,SALITRE,000898,LA VIJA,CENTRO DE SALUD A,2,MEDICINA,99,-1.7708367165831,-79.77918522635
1862,Z05,09D21,GUAYAS,SAN JACINTO DE YAGUACHI,000900,VUELTA LARGA,CENTRO DE SALUD A,2,MEDICINA,99,-2.144306766324,-79.6874696091889
1863,Z05,09D21,GUAYAS,SAN JACINTO DE YAGUACHI,000901,CONE,CENTRO DE SALUD A,2,MEDICINA,99,-2.16784232907669,-79.6477105504864
1864,Z05,09D21,GUAYAS,SAN JACINTO DE YAGUACHI,000902,VIRGEN DE FATIMA (KM. 26),CENTRO DE SALUD A,4,MEDICINA,99,-2.24817686454393,-79.6476648924952
1865,Z05,09D21,GUAYAS,SAN JACINTO DE YAGUACHI,000903,PEDRO J. MONTERO,CENTRO DE SALUD A,4,MEDICINA,100,-2.25487709051458,-79.6264846483641
1866,Z05,12D01,LOS RIOS,BABAHOYO,001154,JUNTA NUEVA,CENTRO DE SALUD A,2,MEDICINA,100,-2.0048049410316,-79.2677799910585
1867,Z05,12D01,LOS RIOS,BABAHOYO,001155,ESTERO DE LA PLATA,CENTRO DE SALUD A,2,MEDICINA,100,-2.06835807,-79.25549509
1868,Z05,12D01,LOS RIOS,BABAHOYO,001156,FORTUNA BAJA,CENTRO DE SALUD A,2,MEDICINA,100,-2.11253355387725,-79.2190354676961
1869,Z05,12D01,LOS RIOS,BABA,001158,CAMPO ALEGRE,PUESTO DE SALUD,2,MEDICINA,100,-1.49294634933111,-79.6197177523817
1870,Z05,12D01,LOS RIOS,BABAHOYO,001160,SAN AGUSTIN,CENTRO DE SALUD A,2,MEDICINA,100,-1.88996465290284,-79.5603352976701
1871,Z05,12D01,LOS RIOS,BABAHOYO,001168,PUEBLO NUEVO,CENTRO DE SALUD A,1,MEDICINA,100,-1.95892417784979,-79.3979400365536
1872,Z05,12D01,LOS RIOS,BABAHOYO,001169,MATA DE CACAO,CENTRO DE SALUD A,1,MEDICINA,100,-1.99392417037963,-79.3534492287376
1873,Z05,12D01,LOS RIOS,BABAHOYO,001170,LA UNION,CENTRO DE SALUD A,2,MEDICINA,100,-1.71004939784403,-79.395447342381
1874,Z05,12D01,LOS RIOS,BABAHOYO,001171,CARACOL,CENTRO DE SALUD A,1,MEDICINA,100,-1.67117040992659,-79.4625503660121
1875,Z05,12D01,LOS RIOS,BABAHOYO,001172,LA CAROLINA,CENTRO DE SALUD A,2,MEDICINA,100,-1.78663111131133,-79.628451065565
1876,Z05,12D01,LOS RIOS,BABAHOYO,001173,PIMOCHA,CENTRO DE SALUD A,2,MEDICINA,100,-1.83712086251651,-79.608655889871
1877,Z05,12D01,LOS RIOS,MONTALVO,001175,GUALBERTO ANDRIUOLI,CENTRO DE SALUD A,2,MEDICINA,100,-1.77684746229463,-79.2774063819549
1878,Z05,12D01,LOS RIOS,MONTALVO,001176,24 DE MAYO,CENTRO DE SALUD A,2,MEDICINA,100,-1.84849998600102,-79.4067242963012
1879,Z05,12D01,LOS RIOS,MONTALVO,001177,LA ESMERALDA,CENTRO DE SALUD A,2,MEDICINA,100,-1.70205921195659,-79.2755870424253
1880,Z05,12D01,LOS RIOS,MONTALVO,001178,LA VITALIA,PUESTO DE SALUD,1,MEDICINA,100,-1.8472794593801,-79.2632477716192
1881,Z05,12D01,LOS RIOS,MONTALVO,001180,LA CONSTANCIA,PUESTO DE SALUD,1,MEDICINA,100,-1.91048836788762,-79.2613338811682
1882,Z05,12D03,LOS RIOS,QUEVEDO,001190,SAN CARLOS,CENTRO DE SALUD A,2,MEDICINA,100,-1.11983545699238,-79.4368514893596
1883,Z05,12D03,LOS RIOS,QUEVEDO,001191,LA ESPERANZA,CENTRO DE SALUD A,1,MEDICINA,100,-0.964236101255118,-79.4192914170014
1884,Z05,12D03,LOS RIOS,BUENA FE,001192,BUENA FE,CENTRO DE SALUD C,9,MEDICINA,101,-0.906146,-79.495599
1885,Z05,12D03,LOS RIOS,BUENA FE,001193,PATRICIA PILAR,CENTRO DE SALUD A,1,MEDICINA,101,-0.570480899059014,-79.3698912018362
1886,Z05,12D03,LOS RIOS,BUENA FE,001194,FUMISA,CENTRO DE SALUD A,1,MEDICINA,101,-0.730064264768763,-79.4713416241788
1887,Z05,12D03,LOS RIOS,MOCACHE,001195,MOCACHE,CENTRO DE SALUD B,8,MEDICINA,101,-1.18600504843647,-79.5101007289918
1888,Z05,12D03,LOS RIOS,VALENCIA,001196,VALENCIA,CENTRO DE SALUD B,6,MEDICINA,101,-0.952825055576744,-79.347502454149
1889,Z05,12D03,LOS RIOS,VALENCIA,001197,EL VERGEL,CENTRO DE SALUD A,4,MEDICINA,101,-0.797016648777915,-79.3528621335582
1890,Z05,12D03,LOS RIOS,VALENCIA,001198,NUEVA UNION,CENTRO DE SALUD A,2,MEDICINA,101,-0.944106441332756,-79.3273102161374
1891,Z05,12D03,LOS RIOS,VALENCIA,001199,FEDERICO INTRIAGO,CENTRO DE SALUD A,2,MEDICINA,101,-0.801264491438724,-79.4379575808776
1892,Z05,12D03,LOS RIOS,VALENCIA,001200,NI UN PASO ATRAS,CENTRO DE SALUD A,2,MEDICINA,101,-0.817262184922217,-79.2815858621504
1893,Z05,12D05,LOS RIOS,VINCES,001203,ANTONIO SOTOMAYOR,CENTRO DE SALUD A,1,MEDICINA,101,-1.64555719440164,-79.8024004989886
1894,Z05,12D05,LOS RIOS,VINCES,001204,BAGATELA,CENTRO DE SALUD A,1,MEDICINA,101,-1.67981746873968,-79.8269008898249
1895,Z05,12D05,LOS RIOS,VINCES,001205,CLARISA,CENTRO DE SALUD A,1,MEDICINA,101,-1.72017054169594,-79.7587776357808
1896,Z05,12D05,LOS RIOS,VINCES,001206,MATECITO,CENTRO DE SALUD A,2,MEDICINA,101,-1.69706534651268,-79.7525813921618
1897,Z05,12D05,LOS RIOS,PALENQUE,001207,PALENQUE,CENTRO DE SALUD B,4,MEDICINA,101,-1.43839348590028,-79.7519076671804
1898,Z05,12D05,LOS RIOS,PALENQUE,001208,JAUNECHE,CENTRO DE SALUD A,3,MEDICINA,101,-1.23927124090605,-79.6712821991829
1899,Z05,12D02,LOS RIOS,URDANETA,001209,SALAMPE,CENTRO DE SALUD A,1,MEDICINA,101,-1.54262255427952,-79.3701121939645
1900,Z05,12D02,LOS RIOS,URDANETA,001210,PIJULLO,CENTRO DE SALUD A,2,MEDICINA,101,-1.59087561,-79.39374174
1901,Z05,12D02,LOS RIOS,URDANETA,001211,SANTO DOMINGO,PUESTO DE SALUD,2,MEDICINA,101,-1.5229522781,-79.34447798884
1902,Z05,12D02,LOS RIOS,URDANETA,001212,LA INDUSTRIA,CENTRO DE SALUD A,1,MEDICINA,101,-1.55228194125356,-79.3138958832071
1903,Z05,12D02,LOS RIOS,URDANETA,001214,LOS SAUCES,CENTRO DE SALUD A,1,MEDICINA,102,-1.56406139652252,-79.473082705512
1904,Z05,12D02,LOS RIOS,PUEBLOVIEJO,001217,PUERTO PECHICHE,CENTRO DE SALUD A,3,MEDICINA,102,-1.42584474435403,-79.5616411756931
1905,Z05,12D02,LOS RIOS,PUEBLOVIEJO,001218,SAN JUAN,CENTRO DE SALUD A,1,MEDICINA,102,-1.62647728621566,-79.5630177466623
1906,Z05,12D04,LOS RIOS,VENTANAS,001220,10 DE NOVIEMBRE,CENTRO DE SALUD A,2,MEDICINA,102,-1.43353756372096,-79.4589118657257
1907,Z05,12D04,LOS RIOS,VENTANAS,001222,ZAPOTAL VIEJO (C. JUMENEZ B),CENTRO DE SALUD B,2,MEDICINA,102,-1.35471733162329,-79.4003304699186
1908,Z05,12D04,LOS RIOS,VENTANAS,001223,ZAPOTAL NUEVO,CENTRO DE SALUD A,3,MEDICINA,102,-1.35891563546473,-79.417014290958
1909,Z05,12D04,LOS RIOS,VENTANAS,001225,LOS ANGELES,CENTRO DE SALUD A,1,MEDICINA,102,-1.42815377753236,-79.3768007092443
1910,Z05,12D04,LOS RIOS,VENTANAS,001226,PASAJE (E. ORTEGA),CENTRO DE SALUD A,1,MEDICINA,102,-1.35282303552377,-79.3145918687052
1911,Z05,12D04,LOS RIOS,QUINSALOMA,001227,QUINSALOMA,CENTRO DE SALUD B,3,MEDICINA,102,-1.20833806799504,-79.3151444925019
1912,Z05,12D04,LOS RIOS,QUINSALOMA,001228,ORO VERDE,CENTRO DE SALUD A,1,MEDICINA,102,-1.09147010671884,-79.3297409549098
1913,Z05,12D01,LOS RIOS,BABA,001229,GUARE,CENTRO DE SALUD A,4,MEDICINA,102,-1.67387865525934,-79.7046254130857
1914,Z05,12D01,LOS RIOS,BABA,001230,LA CARMELA,CENTRO DE SALUD A,3,MEDICINA,102,-1.64419931879323,-79.713956425607
1915,Z05,12D01,LOS RIOS,BABA,001231,ISLA DE BEJUCAL,CENTRO DE SALUD A,4,MEDICINA,102,-1.677596,-79.64510345
1916,Z05,24D02,SANTA ELENA,SALINAS,002086,ANCONCITO,CENTRO DE SALUD A,5,MEDICINA,102,-2.31963247812515,-80.8861441666584
1917,Z05,24D01,SANTA ELENA,SANTA ELENA,002097,JUAN MONTALVO,CENTRO DE SALUD A,2,MEDICINA,102,-2.27593387315818,-80.6945182205357
1918,Z05,24D01,SANTA ELENA,SANTA ELENA,002098,SAN PABLO,CENTRO DE SALUD A,1,MEDICINA,102,-2.14095698876783,-80.7759583836547
1919,Z05,24D01,SANTA ELENA,SANTA ELENA,002099,ATAHUALPA,CENTRO DE SALUD A,1,MEDICINA,102,-2.31620812151855,-80.773620440051
1920,Z05,24D01,SANTA ELENA,SANTA ELENA,002100,CHANDUY,CENTRO DE SALUD A,1,MEDICINA,102,-2.40485036174353,-80.6783542158211
1921,Z05,24D01,SANTA ELENA,SANTA ELENA,002104,MONTEVERDE,CENTRO DE SALUD A,1,MEDICINA,102,-2.06025039833415,-80.7353690175942
1922,Z05,24D01,SANTA ELENA,SANTA ELENA,002741,SINCHAL,CENTRO DE SALUD A,1,MEDICINA,103,-1.941085,-80.700455
1923,Z05,24D01,SANTA ELENA,SANTA ELENA,002917,SAN MARCOS,CENTRO DE SALUD A,2,MEDICINA,103,-2.01760433345093,-80.6504540765047
1924,Z05,24D01,SANTA ELENA,SANTA ELENA,002918,SAN ANTONIO,CENTRO DE SALUD A,4,MEDICINA,103,-1.86957322762743,-80.7335108330413
1925,Z05,09D21,GUAYAS,EL TRIUNFO,002115,EL PIEDRERO,CENTRO DE SALUD A,3,MEDICINA,103,-2.34338756007171,-79.3065280960295
1926,Z05,09D14,GUAYAS,ISIDRO AYORA,002726,PUEBLO NUEVO,CENTRO DE SALUD A,1,MEDICINA,103,-1.82518302962006,-80.1235105548649
1927,Z05,09D19,GUAYAS,DAULE,002728,LOS NARANJOS,PUESTO DE SALUD,1,MEDICINA,103,-1.91761593160574,-79.8898854426852
1928,Z05,09D21,GUAYAS,NARANJITO,002773,SAN ANTONIO,CENTRO DE SALUD A,1,MEDICINA,103,-2.16517321383067,-79.3807074938007
1929,Z05,12D01,LOS RIOS,MONTALVO,002797,SAN JOAQUIN,CENTRO DE SALUD A,2,MEDICINA,103,-1.81847965989009,-79.3519532580056
1930,Z05,09D19,GUAYAS,SANTA LUCIA,002800,CENTRO DE SALUD MATERNO INFANTIL SANTA LUCIA,CENTRO DE SALUD C,8,MEDICINA,103,-1.71655284838773,-79.9882782063173
1931,Z05,02D01,BOLIVAR,GUARANDA,002871,TABLAS CHICO,PUESTO DE SALUD,1,MEDICINA,103,-1.5548600935,-79.14846346
1932,Z05,12D01,LOS RIOS,BABA,002872,CENTRO DE SALUD BABA,CENTRO DE SALUD A,4,MEDICINA,103,-1.78500330040797,-79.6778445477278
1933,Z05,20D01,GALAPAGOS,SAN CRISTOBAL,002875,VELASCO IBARRA,PUESTO DE SALUD,1,MEDICINA,103,-1.275221,-90.484
1934,Z05,20D01,GALAPAGOS,ISABELA,002885,PUERTO VILLAMIL,CENTRO DE SALUD A,3,MEDICINA,103,-0.957381,-90.967022
1935,Z05,20D01,GALAPAGOS,SANTA CRUZ,002886,BELLAVISTA,CENTRO DE SALUD A,1,MEDICINA,103,-0.695817,-90.325738
1936,Z05,20D01,GALAPAGOS,SAN CRISTOBAL,002888,PROGRESO,CENTRO DE SALUD A,1,MEDICINA,103,-0.906027594681347,-89.5562432875272
1937,Z05,20D01,GALAPAGOS,SANTA CRUZ,002889,SANTA ROSA,PUESTO DE SALUD,1,MEDICINA,103,-0.651676,-90.407613
1938,Z05,20D01,GALAPAGOS,ISABELA,002890,SANTO TOMAS,PUESTO DE SALUD,1,MEDICINA,103,-0.854158,-91.026499
1939,Z05,12D03,LOS RIOS,MOCACHE,002908,AGUAS FRIAS,PUESTO DE SALUD,3,MEDICINA,103,-1.29794146435446,-79.4739955560884
1940,Z05,20D01,GALAPAGOS,SAN CRISTOBAL,003095,CENTRO DE SALUD SAN CRISTOBAL,CENTRO DE SALUD A,1,MEDICINA,103,-0.905152,-89.6153364
1941,Z05,20D01,GALAPAGOS,SANTA CRUZ,003096,CENTRO DE SALUD SANTA CRUZ,CENTRO DE SALUD A,2,MEDICINA,104,-0.736144,-90.3162723854433
1942,Z05,09D15,GUAYAS,EL EMPALME,004445,CENTRO DE SALUD URBANO EL EMPALME,CENTRO DE SALUD B,4,MEDICINA,104,-1.050085,-79.644457
1943,Z05,02D03,BOLIVAR,SAN MIGUEL,019345,CENTRO DE SALUD SAN MIGUEL,CENTRO DE SALUD A,1,MEDICINA,104,-1.7092252568,-79.0444093867
1944,Z05,09D19,GUAYAS,DAULE,019537,CENTRO DE SALUD URBANO DAULE,CENTRO DE SALUD A,6,MEDICINA,104,-1.870401,-79.980561
1945,Z05,09D20,GUAYAS,SALITRE,019539,CENTRO DE SALUD SALITRE,CENTRO DE SALUD A,4,MEDICINA,104,-1.830128,-79.8135
1946,Z05,09D21,GUAYAS,EL TRIUNFO,019543,CENTRO DE SALUD EL TRIUNFO,CENTRO DE SALUD A,5,MEDICINA,104,-2.3327,-79.4049
1947,Z05,02D03,BOLIVAR,CHILLANES,020870,CENTRO DE SALUD CHILLANES,CENTRO DE SALUD A,1,MEDICINA,104,-1.9460656562,-79.06331549627
1948,Z05,09D13,GUAYAS,BALZAR,020938,CENTRO DE SALUD URBANO BALZAR,CENTRO DE SALUD B,2,MEDICINA,104,-1.36569,-79.90075
1949,Z05,12D04,LOS RIOS,QUINSALOMA,020939,ESTERO DE DAMAS,CENTRO DE SALUD A,1,MEDICINA,104,-1.28200,-79.36604
1950,Z05,20D01,GALAPAGOS,SANTA CRUZ,020959,CASCAJO,PUESTO DE SALUD,2,MEDICINA,104,-0.667792,-90.271242
1951,Z06,COORDINACION ZONAL 6,AZUAY,CUENCA,000002,ZHUCAY,PUESTO DE SALUD,2,MEDICINA,104,-2.96195290863218,-79.0518269243631
1952,Z06,COORDINACION ZONAL 6,AZUAY,CUENCA,000003,GULLANZHAPA,PUESTO DE SALUD,1,MEDICINA,104,-2.97972053225032,-78.9968905959759
1953,Z06,01D04,AZUAY,GUALACEO,000004,REMIGIO CRESPO,CENTRO DE SALUD A,2,MEDICINA,104,-2.914328,-78.7571
1954,Z06,01D04,AZUAY,CUENCA,000011,SIDCAY,CENTRO DE SALUD A,2,MEDICINA,104,-2.81729553364087,-78.9642117923807
1955,Z06,01D04,AZUAY,CUENCA,000012,LLACAO,CENTRO DE SALUD A,1,MEDICINA,104,-2.84033924054404,-78.9423570519474
1956,Z06,01D04,AZUAY,CUENCA,000013,NULTI,CENTRO DE SALUD A,2,MEDICINA,104,-2.86788056431583,-78.9283343405643
1957,Z06,01D04,AZUAY,CUENCA,000021,CHIQUINTAD,CENTRO DE SALUD A,1,MEDICINA,104,-2.8145541358684,-78.9995188990066
1958,Z06,01D04,AZUAY,CUENCA,000022,CHECA,CENTRO DE SALUD A,1,MEDICINA,104,-2.80786101378669,-78.9929032238815
1959,Z06,01D04,AZUAY,CUENCA,000023,SININCAY,CENTRO DE SALUD B,4,MEDICINA,104,-2.8515320702022,-79.0139061298601
1960,Z06,01D04,AZUAY,CUENCA,000025,TIXAN,PUESTO DE SALUD,1,MEDICINA,105,-2.83331639098562,-78.9948917908522
1961,Z06,COORDINACION ZONAL 6,AZUAY,CUENCA,000029,EL VALLE,CENTRO DE SALUD B,10,MEDICINA,105,-2.93873804346665,-78.963609517334
1962,Z06,COORDINACION ZONAL 6,AZUAY,CUENCA,000030,QUINGEO,CENTRO DE SALUD A,4,MEDICINA,105,-3.03544403407096,-78.9350207493505
1963,Z06,COORDINACION ZONAL 6,AZUAY,CUENCA,000031,SANTA ANA,CENTRO DE SALUD A,3,MEDICINA,105,-2.94015074691767,-78.9209096050644
1964,Z06,01D04,AZUAY,GUALACEO,000032,ZHIDMAD,CENTRO DE SALUD A,2,MEDICINA,105,-2.92961066788452,-78.8978005595264
1965,Z06,01D04,AZUAY,CUENCA,000034,SAN JOAQUIN,CENTRO DE SALUD A,2,MEDICINA,105,-2.89673957932064,-79.0497543866759
1966,Z06,01D04,AZUAY,CUENCA,000036,SAYAUSI,CENTRO DE SALUD A,2,MEDICINA,105,-2.874020,-79.074429
1967,Z06,COORDINACION ZONAL 6,AZUAY,CUENCA,000037,TARQUI,CENTRO DE SALUD B,2,MEDICINA,105,-3.01457093666556,-79.0338093476906
1968,Z06,COORDINACION ZONAL 6,AZUAY,CUENCA,000038,VICTORIA DEL PORTETE,CENTRO DE SALUD A,1,MEDICINA,105,-3.05987012953132,-79.06356137039
1969,Z06,COORDINACION ZONAL 6,AZUAY,CUENCA,000039,CUMBE,CENTRO DE SALUD A,2,MEDICINA,105,-3.0856776912934,-79.0110233866679
1970,Z06,COORDINACION ZONAL 6,AZUAY,CUENCA,000040,MOLLETURO,CENTRO DE SALUD B,2,MEDICINA,105,-2.7628641693,-79.39264296447
1971,Z06,COORDINACION ZONAL 6,AZUAY,CUENCA,000042,SAN GABRIEL CHAUCHA,CENTRO DE SALUD A,2,MEDICINA,105,-2.91417722361626,-79.4332395296859
1972,Z06,COORDINACION ZONAL 6,AZUAY,CUENCA,000043,SAN ANTONIO CHAUCHA,PUESTO DE SALUD,1,MEDICINA,105,-2.91056884609434,-79.4139685176469
1973,Z06,01D08,AZUAY,SIGSIG,000044,JIMA,CENTRO DE SALUD A,3,MEDICINA,105,-3.19159413094929,-78.9576083571633
1974,Z06,01D08,AZUAY,SIGSIG,000045,SAN JOSE DE RARANGA,CENTRO DE SALUD A,2,MEDICINA,105,-3.13388188692212,-78.9659781964474
1975,Z06,01D04,AZUAY,CHORDELEG,000046,CHORDELEG,CENTRO DE SALUD B,5,MEDICINA,105,-2.92051173875516,-78.7744482490582
1976,Z06,01D04,AZUAY,CHORDELEG,000047,PRINCIPAL,CENTRO DE SALUD A,1,MEDICINA,105,-3.02668556305437,-78.7508462306672
1977,Z06,01D04,AZUAY,GUALACEO,000048,DANIEL CORDOVA,CENTRO DE SALUD A,2,MEDICINA,105,-2.87577166987898,-78.7424554144837
1978,Z06,01D04,AZUAY,GUALACEO,000049,JADAN,CENTRO DE SALUD A,2,MEDICINA,105,-2.88942131235484,-78.8772833880988
1979,Z06,01D04,AZUAY,GUALACEO,000050,MARIANO MORENO,CENTRO DE SALUD A,2,MEDICINA,106,-2.856190,-78.731021
1980,Z06,01D04,AZUAY,GUALACEO,000051,SAN JUAN,CENTRO DE SALUD A,2,MEDICINA,106,-2.9653122994105,-78.8136275664218
1981,Z06,01D04,AZUAY,GUALACEO,000052,LUIS CORDERO,CENTRO DE SALUD A,3,MEDICINA,106,-2.89679411617655,-78.753670901819
1982,Z06,01D06,AZUAY,SEVILLA DE ORO,000053,SEVILLA DE ORO,CENTRO DE SALUD A,3,MEDICINA,106,-2.80261022916204,-78.6553838757578
1983,Z06,01D06,AZUAY,GUACHAPALA,000054,GUACHAPALA,CENTRO DE SALUD A,2,MEDICINA,106,-2.77286157882958,-78.7153421975868
1984,Z06,01D06,AZUAY,EL PAN,000055,EL PAN,CENTRO DE SALUD A,2,MEDICINA,106,-2.78871368739019,-78.6675477369016
1985,Z06,01D06,AZUAY,SEVILLA DE ORO,000056,AMALUZA,CENTRO DE SALUD A,2,MEDICINA,106,-2.61398353605837,-78.5615145613208
1986,Z06,01D06,AZUAY,PAUTE,000057,GUARAINAG,CENTRO DE SALUD A,2,MEDICINA,106,-2.6608544476225,-78.6328544609866
1987,Z06,01D06,AZUAY,PAUTE,000058,DUGDUG,PUESTO DE SALUD,1,MEDICINA,106,-2.74010723471773,-78.7233247285459
1988,Z06,01D06,AZUAY,SEVILLA DE ORO,000059,PALMAS,CENTRO DE SALUD A,2,MEDICINA,106,-2.71950110859943,-78.6324446647699
1989,Z06,01D06,AZUAY,PAUTE,000060,SAN CRISTOBAL,CENTRO DE SALUD A,2,MEDICINA,106,-2.82714228015919,-78.8401737574802
1990,Z06,01D06,AZUAY,EL PAN,000061,SAN VICENTE,CENTRO DE SALUD A,2,MEDICINA,106,-2.81142031815463,-78.671647215747
1991,Z06,01D06,AZUAY,PAUTE,000062,BULAN,CENTRO DE SALUD A,1,MEDICINA,106,-2.73303705243611,-78.7755966991538
1992,Z06,01D06,AZUAY,PAUTE,000063,CHICAN,CENTRO DE SALUD A,2,MEDICINA,106,-2.82032807836892,-78.7605896419991
1993,Z06,01D06,AZUAY,PAUTE,000064,EL CABO,CENTRO DE SALUD A,2,MEDICINA,106,-2.85403879790252,-78.7791001646538
1994,Z06,01D06,AZUAY,PAUTE,000065,TOMEBAMBA,PUESTO DE SALUD,1,MEDICINA,106,-2.7412396380633,-78.6824013446928
1995,Z06,01D06,AZUAY,EL PAN,000066,LA MERCED,CENTRO DE SALUD A,1,MEDICINA,106,-2.84206628858288,-78.6680259458943
1996,Z06,01D06,AZUAY,PAUTE,000067,LAZUL,CENTRO DE SALUD A,1,MEDICINA,106,-2.73148541974489,-78.7292832582279
1997,Z06,01D03,AZUAY,PUCARA,000068,PUCARA,CENTRO DE SALUD A,4,MEDICINA,106,-3.21625155906477,-79.4733249349754
1998,Z06,01D03,AZUAY,PUCARA,000069,SAN RAFAEL DE ZHARUG,CENTRO DE SALUD A,3,MEDICINA,107,-3.2774981494186,-79.5472262046292
1999,Z06,01D03,AZUAY,PUCARA,000070,CHILCAPLAYA,CENTRO DE SALUD A,2,MEDICINA,107,-3.31747836536047,-79.5756046802065
2000,Z06,01D03,AZUAY,SAN FERNANDO,000071,SAN FERNANDO,CENTRO DE SALUD A,1,MEDICINA,107,-3.148160,-79.252056
2001,Z06,01D03,AZUAY,SAN FERNANDO,000072,CHUMBLIN,PUESTO DE SALUD,1,MEDICINA,107,-3.13337243830672,-79.2426887509576
2002,Z06,01D03,AZUAY,GIRON,000073,ASUNCION,CENTRO DE SALUD A,2,MEDICINA,107,-3.21038239399611,-79.2594362777511
2003,Z06,01D03,AZUAY,GIRON,000074,SAN GERARDO,CENTRO DE SALUD A,1,MEDICINA,107,-3.13835228087972,-79.2040073822489
2004,Z06,01D03,AZUAY,SANTA ISABEL,000075,ZHAGLLY,CENTRO DE SALUD A,2,MEDICINA,107,-3.17090836247457,-79.3859765514266
2005,Z06,01D03,AZUAY,SANTA ISABEL,000076,ABDON CALDERON (LA UNION),CENTRO DE SALUD A,3,MEDICINA,107,-3.25934245294952,-79.2816025980884
2006,Z06,01D08,AZUAY,SIGSIG,000077,ZHIMBRUG,CENTRO DE SALUD A,2,MEDICINA,107,-3.021026,-78.799068
2007,Z06,01D08,AZUAY,SIGSIG,000078,CUTCHIL,CENTRO DE SALUD A,2,MEDICINA,107,-3.082423,-78.793259
2008,Z06,01D08,AZUAY,SIGSIG,000079,GUEL,CENTRO DE SALUD A,1,MEDICINA,107,-3.01481863279322,-78.769637459379
2009,Z06,01D08,AZUAY,SIGSIG,000080,LUDO,CENTRO DE SALUD A,1,MEDICINA,107,-3.08327847773486,-78.8924878294964
2010,Z06,01D08,AZUAY,SIGSIG,000081,SARAR,CENTRO DE SALUD A,1,MEDICINA,107,-3.07638688877406,-78.8417966533792
2011,Z06,01D08,AZUAY,SIGSIG,002912,CENTRO DE SALUD SIGSIG (SAN BARTOLOME),CENTRO DE SALUD A,2,MEDICINA,107,-3.047910,-78.794072
2012,Z06,01D03,AZUAY,NABON,000083,NABON,CENTRO DE SALUD C,5,MEDICINA,107,-3.338672,-79.059130
2013,Z06,01D03,AZUAY,NABON,000084,ZHIÑA,PUESTO DE SALUD,1,MEDICINA,107,-3.28356383808042,-79.0257119022287
2014,Z06,01D03,AZUAY,NABON,000085,RAÑAS,PUESTO DE SALUD,1,MEDICINA,107,-3.27183781280948,-79.0492145636864
2015,Z06,01D03,AZUAY,NABON,000086,COCHAPATA,PUESTO DE SALUD,1,MEDICINA,107,-3.39010587495685,-79.0861854002857
2016,Z06,01D03,AZUAY,NABON,000087,EL PROGRESO,PUESTO DE SALUD,2,MEDICINA,107,-3.34164908583211,-79.2048635569883
2017,Z06,01D03,AZUAY,NABON,000088,LAS NIEVES,PUESTO DE SALUD,1,MEDICINA,108,-3.34235567332873,-79.114286316459
2018,Z06,01D03,AZUAY,OÑA,000089,OÑA,CENTRO DE SALUD A,1,MEDICINA,108,-3.470283,-79.155335
2019,Z06,01D03,AZUAY,OÑA,000090,SUSUDEL,PUESTO DE SALUD,1,MEDICINA,108,-3.40546982493889,-79.1847617123928
2020,Z06,01D03,AZUAY,CAMILO PONCE ENRIQUEZ,000091,PONCE ENRIQUEZ,CENTRO DE SALUD C,8,MEDICINA,108,-3.06132331863751,-79.7451465255075
2021,Z06,01D03,AZUAY,CAMILO PONCE ENRIQUEZ,000092,ZHUMIRAL,CENTRO DE SALUD A,2,MEDICINA,108,-2.97905855112032,-79.6897411241685
2022,Z06,01D03,AZUAY,SANTA ISABEL,000093,CARMEN DE PIJILI,CENTRO DE SALUD A,2,MEDICINA,108,-2.96513466293735,-79.5221432509171
2023,Z06,01D03,AZUAY,CAMILO PONCE ENRIQUEZ,000094,SAN GERARDO,CENTRO DE SALUD A,2,MEDICINA,108,-3.04854518426183,-79.636000226153
2024,Z06,01D03,AZUAY,CAMILO PONCE ENRIQUEZ,000096,BELLA RICA,CENTRO DE SALUD A,1,MEDICINA,108,-3.07766816890634,-79.708076093504
2025,Z06,03D01,CAÑAR,AZOGUES,000166,BAYAS,CENTRO DE SALUD A,1,MEDICINA,108,-2.72907673903585,-78.8293567049318
2026,Z06,03D01,CAÑAR,AZOGUES,000167,UCHUPUCUN,PUESTO DE SALUD,1,MEDICINA,108,-2.7267475845859,-78.8411922909682
2027,Z06,03D01,CAÑAR,AZOGUES,000168,ZHAPACAL,PUESTO DE SALUD,1,MEDICINA,108,-2.7573697450456,-78.8370106489734
2028,Z06,03D01,CAÑAR,AZOGUES,000170,BORRERO,CENTRO DE SALUD A,3,MEDICINA,108,-2.76999226027607,-78.8478576638069
2029,Z06,03D01,CAÑAR,AZOGUES,000171,ZUMBAGUAICO,CENTRO DE SALUD A,1,MEDICINA,108,-2.82695903722335,-78.8976470560619
2030,Z06,03D01,CAÑAR,AZOGUES,000172,JAVIER LOYOLA,CENTRO DE SALUD A,1,MEDICINA,108,-2.79561982783298,-78.8709722188427
2031,Z06,03D01,CAÑAR,AZOGUES,000173,GUAPAN,CENTRO DE SALUD A,1,MEDICINA,108,-2.71376789060603,-78.8477513964893
2032,Z06,03D01,CAÑAR,AZOGUES,000174,AGUILAN,CENTRO DE SALUD A,1,MEDICINA,108,-2.70787634212585,-78.8697973547248
2033,Z06,03D01,CAÑAR,AZOGUES,000175,ZHINDILIG,CENTRO DE SALUD A,2,MEDICINA,108,-2.7051157885345,-78.8629334691336
2034,Z06,03D01,CAÑAR,AZOGUES,000176,BUILL CHACAPAMBA,PUESTO DE SALUD,2,MEDICINA,108,-2.71682741706432,-78.8599820062243
2035,Z06,03D01,CAÑAR,AZOGUES,000177,COJITAMBO,CENTRO DE SALUD A,1,MEDICINA,108,-2.7584961942176,-78.8850195970727
2036,Z06,03D01,CAÑAR,DELEG,000179,SOLANO,CENTRO DE SALUD A,1,MEDICINA,109,-2.810922762751,-78.9342804014474
2037,Z06,COORDINACION ZONAL 6,AZUAY,CUENCA,000163,MANTA REAL,PUESTO DE SALUD,2,MEDICINA,109,-2.55374502125713,-79.3651333244587
2038,Z06,03D01,CAÑAR,AZOGUES,000183,RIVERA,CENTRO DE SALUD A,1,MEDICINA,109,-2.57881117378481,-78.6512815348711
2039,Z06,03D01,CAÑAR,AZOGUES,000184,SAN MIGUEL,CENTRO DE SALUD A,1,MEDICINA,109,-2.79652428681124,-78.8465327880198
2040,Z06,03D01,CAÑAR,BIBLIAN,000186,CENTRO DE SALUD DE BIBLIAN,CENTRO DE SALUD B,3,MEDICINA,109,-2.70906941109223,-78.8953375020227
2041,Z06,03D01,CAÑAR,BIBLIAN,000188,SAN CAMILO,PUESTO DE SALUD,1,MEDICINA,109,-2.69834540097115,-78.8893502975569
2042,Z06,03D02,CAÑAR,CAÑAR,000192,CUCHUCUN,PUESTO DE SALUD,2,MEDICINA,109,-2.53232411308276,-78.9497588510672
2043,Z06,03D02,CAÑAR,CAÑAR,000193,QUILLOAC,CENTRO DE SALUD A,2,MEDICINA,109,-2.55821317800623,-78.9520912567142
2044,Z06,03D02,CAÑAR,CAÑAR,000194,CHOROCOPTE,CENTRO DE SALUD A,1,MEDICINA,109,-2.58237242729729,-78.9470093189642
2045,Z06,03D02,CAÑAR,CAÑAR,000195,CAPILLA,PUESTO DE SALUD,1,MEDICINA,109,-2.57200739057314,-78.9447245032332
2046,Z06,03D02,CAÑAR,CAÑAR,000196,HONORATO VAZQUEZ,CENTRO DE SALUD A,1,MEDICINA,109,-2.557211,-78.921278
2047,Z06,03D02,CAÑAR,EL TAMBO,000198,EL TAMBO,CENTRO DE SALUD B,4,MEDICINA,109,-2.50857332475647,-78.9274302207754
2048,Z06,03D02,CAÑAR,EL TAMBO,000199,CAGUANAPAMBA,PUESTO DE SALUD,1,MEDICINA,109,-2.52747491416734,-78.9028231341822
2049,Z06,03D02,CAÑAR,CAÑAR,000201,SIDSID,PUESTO DE SALUD,2,MEDICINA,109,-2.53650530068395,-78.8907627788961
2050,Z06,03D02,CAÑAR,CAÑAR,000202,INGAPIRCA,CENTRO DE SALUD A,1,MEDICINA,109,-2.54586585216185,-78.8762296784886
2051,Z06,03D02,CAÑAR,CAÑAR,000204,JUNCAL,PUESTO DE SALUD,2,MEDICINA,109,-2.48699849164143,-78.9721143429652
2052,Z06,03D02,CAÑAR,CAÑAR,000206,CHONTAMARCA,CENTRO DE SALUD A,1,MEDICINA,109,-2.44180679135579,-79.0932898414585
2053,Z06,03D02,CAÑAR,CAÑAR,000211,ZHUD,CENTRO DE SALUD A,1,MEDICINA,109,-2.45957928030303,-79.0042661975971
2054,Z06,03D02,CAÑAR,SUSCAL,000212,SUSCAL,CENTRO DE SALUD A,4,MEDICINA,109,-2.4376127921858,-79.0504147692278
2055,Z06,03D02,CAÑAR,CAÑAR,000213,DUCUR,CENTRO DE SALUD A,2,MEDICINA,110,-2.45921753639822,-79.1155425185246
2056,Z06,03D02,CAÑAR,CAÑAR,000215,GUALLETURO,CENTRO DE SALUD A,3,MEDICINA,110,-2.52471175821889,-79.1288992630774
2057,Z06,03D03,CAÑAR,LA TRONCAL,000218,CENTRO DE SALUD COCHANCAY,CENTRO DE SALUD A,2,MEDICINA,110,-2.46689155792127,-79.3003786993385
2058,Z06,03D02,CAÑAR,CAÑAR,000220,ZHUCAY,PUESTO DE SALUD,1,MEDICINA,110,-2.51638909704541,-79.3316145113343
2059,Z06,03D03,CAÑAR,LA TRONCAL,000222,CENTRO DE SALUD MANUEL DE J CALLE,CENTRO DE SALUD A,1,MEDICINA,110,-2.3570329927782,-79.3970646868664
2060,Z06,03D03,CAÑAR,LA TRONCAL,000223,PUESTO DE SALUD PANCHO NEGRO,CENTRO DE SALUD A,3,MEDICINA,110,-2.5067607264,-79.494372975
2061,Z06,03D03,CAÑAR,LA TRONCAL,000224,CENTRO DE SALUD LA PUNTILLA,CENTRO DE SALUD A,3,MEDICINA,110,-2.45348037447013,-79.3799583836591
2062,Z06,03D02,CAÑAR,CAÑAR,000225,VENTURA,CENTRO DE SALUD A,1,MEDICINA,110,-2.24740748570291,-79.1261460850305
2063,Z06,03D02,CAÑAR,CAÑAR,000226,CUTUGUAY,PUESTO DE SALUD,1,MEDICINA,110,-2.29115236443752,-79.1454612861522
2064,Z06,03D01,CAÑAR,BIBLIAN,000228,SAGEO,CENTRO DE SALUD A,1,MEDICINA,110,-2.72205757596313,-78.8727214272409
2065,Z06,03D03,CAÑAR,LA TRONCAL,000229,CENTRO DE SALUD EL PIEDRERO,CENTRO DE SALUD A,5,MEDICINA,110,-2.34379005,-79.30158374
2066,Z06,COORDINACION ZONAL 6,AZUAY,CUENCA,000719,JESUS DEL GRAN PODER,PUESTO DE SALUD,2,MEDICINA,110,-2.5301248278204,-79.409564981637
2067,Z06,COORDINACION ZONAL 6,AZUAY,CUENCA,000720,TAMARINDO,CENTRO DE SALUD A,1,MEDICINA,110,-2.61799774518042,-79.4640148398609
2068,Z06,COORDINACION ZONAL 6,AZUAY,CUENCA,000721,ABDON CALDERON,CENTRO DE SALUD A,1,MEDICINA,110,-2.8995,-79.616225
2069,Z06,01D03,AZUAY,SANTA ISABEL,000722,RIO BALAO,CENTRO DE SALUD A,2,MEDICINA,110,-2.95342154577132,-79.6411919569771
2070,Z06,COORDINACION ZONAL 6,AZUAY,CUENCA,000723,LUZ Y GUIA,PUESTO DE SALUD,2,MEDICINA,110,-2.84937807948848,-79.6225161700592
2071,Z06,14D04 MORONA,MORONA SANTIAGO,GUALAQUIZA,001434,CHIGUINDA,CENTRO DE SALUD A,1,MEDICINA,110,-3.230863,-78.717718
2072,Z06,14D04 MORONA,MORONA SANTIAGO,SAN JUAN BOSCO,001435,NUMPATKAIME,PUESTO DE SALUD,1,MEDICINA,110,-3.282093,-78.241198
2073,Z06,14D01 MORONA,MORONA SANTIAGO,MORONA,001436,KASHPAIM,CENTRO DE SALUD A,1,MEDICINA,110,-2.82523714702754,-77.7109530628645
2074,Z06,14D06 MORONA,MORONA SANTIAGO,TIWINTZA,001437,KAANCHICO,PUESTO DE SALUD,1,MEDICINA,111,-2.87209167783225,-77.8758354925827
2075,Z06,14D05 MORONA,MORONA SANTIAGO,TAISHA,001438,WASAKENTSA,CENTRO DE SALUD A,2,MEDICINA,111,-2.54343653399333,-77.196373615377
2076,Z06,14D01 MORONA,MORONA SANTIAGO,MORONA,001439,27 DE FEBRERO,CENTRO DE SALUD A,2,MEDICINA,111,-2.305364,-78.125027
2077,Z06,14D01 MORONA,MORONA SANTIAGO,MORONA,001441,CENTRO DE SALUD INNFA 24HD,CENTRO DE SALUD B,1,MEDICINA,111,-2.30829871771519,-78.1166044897958
2078,Z06,14D01 MORONA,MORONA SANTIAGO,HUAMBOYA,001442,24 DE MAYO ( HUAMBOYA ),CENTRO DE SALUD A,1,MEDICINA,111,-1.94539210134856,-77.9897274494699
2079,Z06,14D01 MORONA,MORONA SANTIAGO,MORONA,001444,SEVILLA DON BOSCO,CENTRO DE SALUD A,1,MEDICINA,111,-2.3162037697593,-78.098443772404
2080,Z06,14D01 MORONA,MORONA SANTIAGO,MORONA,001445,SANTA ROSA,CENTRO DE SALUD A,1,MEDICINA,111,-2.19748936479232,-78.0725966258482
2081,Z06,14D01 MORONA,MORONA SANTIAGO,MORONA,001446,SINAI,CENTRO DE SALUD A,1,MEDICINA,111,-2.09278259889918,-78.0506131811567
2082,Z06,14D01 MORONA,MORONA SANTIAGO,MORONA,001447,EBENEZER,CENTRO DE SALUD A,1,MEDICINA,111,-2.11548798973054,-77.9167456878086
2083,Z06,14D01 MORONA,MORONA SANTIAGO,HUAMBOYA,001448,CHIGUAZA,CENTRO DE SALUD A,2,MEDICINA,111,-2.0428473179494,-77.9840275309987
2084,Z06,14D05 MORONA,MORONA SANTIAGO,TAISHA,001449,MACUMA,CENTRO DE SALUD A,4,MEDICINA,111,-2.14461339135192,-77.6682607961206
2085,Z06,14D01 MORONA,MORONA SANTIAGO,MORONA,001450,RIO BLANCO,CENTRO DE SALUD A,1,MEDICINA,111,-2.34653548944449,-78.1550097580004
2086,Z06,14D01 MORONA,MORONA SANTIAGO,MORONA,001451,NUEVE DE OCTUBRE,CENTRO DE SALUD A,1,MEDICINA,111,-2.22214524112482,-78.2493125951283
2087,Z06,14D01 MORONA,MORONA SANTIAGO,MORONA,001452,SAN LUIS DE IÑINKIS,PUESTO DE SALUD,2,MEDICINA,111,-2.39189694751018,-78.120987277115
2088,Z06,14D01 MORONA,MORONA SANTIAGO,MORONA,001453,KUSUIMI,PUESTO DE SALUD,2,MEDICINA,111,-2.25751775717506,-78.0316111185792
2089,Z06,14D01 MORONA,MORONA SANTIAGO,MORONA,001454,CUCHAENTSA,PUESTO DE SALUD,1,MEDICINA,111,-2.12403099148764,-77.8660928076238
2090,Z06,14D01 MORONA,MORONA SANTIAGO,HUAMBOYA,001456,NAMAKIM,PUESTO DE SALUD,1,MEDICINA,111,-1.88003622768991,-77.9182625163395
2091,Z06,14D01 MORONA,MORONA SANTIAGO,HUAMBOYA,001457,UUNT-CHIWIAS,PUESTO DE SALUD,1,MEDICINA,111,-2.00551589325993,-77.9355084629464
2092,Z06,14D05 MORONA,MORONA SANTIAGO,TAISHA,001459,MAMAYAK,PUESTO DE SALUD,4,MEDICINA,111,-2.03857720767873,-77.7019610557
2093,Z06,14D05 MORONA,MORONA SANTIAGO,TAISHA,001460,CUMBANTSA,PUESTO DE SALUD,2,MEDICINA,112,-2.2440311049487,-77.6701593919889
2094,Z06,14D04 MORONA,MORONA SANTIAGO,GUALAQUIZA,001462,BOMBOIZA,CENTRO DE SALUD A,1,MEDICINA,112,-3.45143426064116,-78.5512628144907
2095,Z06,14D04 MORONA,MORONA SANTIAGO,GUALAQUIZA,001463,NUEVA TARQUI,CENTRO DE SALUD A,1,MEDICINA,112,-3.45754411843075,-78.6617528657151
2096,Z06,14D04 MORONA,MORONA SANTIAGO,GUALAQUIZA,001465,EL AGUACATE,PUESTO DE SALUD,1,MEDICINA,112,-3.28392492094619,-78.643397379605
2097,Z06,14D04 MORONA,MORONA SANTIAGO,GUALAQUIZA,001467,LA PRADERA,PUESTO DE SALUD,1,MEDICINA,112,-3.31465977899871,-78.6438286181927
2098,Z06,14D04 MORONA,MORONA SANTIAGO,SAN JUAN BOSCO,001468,SAN JUAN BOSCO,CENTRO DE SALUD A,2,MEDICINA,112,-3.11684988056243,-78.5295001536563
2099,Z06,14D06 MORONA,MORONA SANTIAGO,LIMON INDANZA,001469,INDANZA,CENTRO DE SALUD A,1,MEDICINA,112,-3.05674741449899,-78.4772669746618
2100,Z06,14D06 MORONA,MORONA SANTIAGO,LIMON INDANZA,001470,CHIVIAZA,CENTRO DE SALUD A,1,MEDICINA,112,-2.91622622478889,-78.3661307215631
2101,Z06,14D06 MORONA,MORONA SANTIAGO,LIMON INDANZA,001471,YUNGANZA,CENTRO DE SALUD A,1,MEDICINA,112,-2.86438095570014,-78.3713108059941
2102,Z06,14D06 MORONA,MORONA SANTIAGO,LIMON INDANZA,001472,SAN MIGUEL DE CONCHAY,CENTRO DE SALUD A,1,MEDICINA,112,-3.12596093163293,-78.4468569312321
2103,Z06,14D06 MORONA,MORONA SANTIAGO,LIMON INDANZA,001474,WARINTZA,PUESTO DE SALUD,1,MEDICINA,112,-3.17513702102256,-78.2743362508938
2104,Z06,14D04 MORONA,MORONA SANTIAGO,SAN JUAN BOSCO,001475,SANTIAGO DE PANANZA,PUESTO DE SALUD,1,MEDICINA,112,-3.15628101402905,-78.4863998090298
2105,Z06,14D06 MORONA,MORONA SANTIAGO,LIMON INDANZA,001476,SAN ANTONIO,PUESTO DE SALUD,1,MEDICINA,112,-3.04036118361982,-78.3792214807003
2106,Z06,14D01 MORONA,MORONA SANTIAGO,PALORA,001477,CENTRO DE SALUD HOSPITAL PALORA,CENTRO DE SALUD B,4,MEDICINA,112,-1.71045855298402,-77.963920828033
2107,Z06,14D01 MORONA,MORONA SANTIAGO,PALORA,001478,SANGAY,CENTRO DE SALUD A,1,MEDICINA,112,-1.78545762876616,-77.9826550507206
2108,Z06,14D01 MORONA,MORONA SANTIAGO,PALORA,001479,ARAPICOS,PUESTO DE SALUD,1,MEDICINA,112,-1.85977038879938,-77.9478641472504
2109,Z06,14D01 MORONA,MORONA SANTIAGO,PALORA,001480,CUMANDA,PUESTO DE SALUD,1,MEDICINA,112,-1.45990771148683,-78.136675309588
2110,Z06,14D01 MORONA,MORONA SANTIAGO,PALORA,001481,CHUP,PUESTO DE SALUD,1,MEDICINA,112,-1.75780485820876,-77.9453771664937
2111,Z06,14D06 MORONA,MORONA SANTIAGO,SANTIAGO,001482,COPAL,PUESTO DE SALUD,2,MEDICINA,112,-2.73380564864138,-78.4082082911286
2112,Z06,14D06 MORONA,MORONA SANTIAGO,SANTIAGO,001483,PATUCA,CENTRO DE SALUD A,1,MEDICINA,113,-2.75692077494938,-78.2620692592167
2113,Z06,14D06 MORONA,MORONA SANTIAGO,SANTIAGO,001484,SAN LUIS DEL ACHO,CENTRO DE SALUD A,2,MEDICINA,113,-2.77044634148962,-78.2805154549459
2114,Z06,14D06 MORONA,MORONA SANTIAGO,SANTIAGO,001485,TAYUZA,CENTRO DE SALUD A,2,MEDICINA,113,-2.69804513895437,-78.2377149110428
2115,Z06,14D06 MORONA,MORONA SANTIAGO,SANTIAGO,001486,CHINIMBIMI,CENTRO DE SALUD A,2,MEDICINA,113,-2.67766548927243,-78.21295060417
2116,Z06,14D06 MORONA,MORONA SANTIAGO,TIWINTZA,001487,SANTIAGO,CENTRO DE SALUD A,6,MEDICINA,113,-3.04816468234564,-78.0051075964994
2117,Z06,14D06 MORONA,MORONA SANTIAGO,TIWINTZA,001488,SAN JOSE DE MORONA,CENTRO DE SALUD A,3,MEDICINA,113,-2.88229721134909,-77.6690466023639
2118,Z06,14D03 MORONA,MORONA SANTIAGO,SUCUA,001490,CENTRO DE SALUD FEDERACION SHUAR,CENTRO DE SALUD A,2,MEDICINA,113,-2.45920350283317,-78.1712259177101
2119,Z06,14D03 MORONA,MORONA SANTIAGO,SUCUA,001491,INNFA SUCUA,CENTRO DE SALUD A,2,MEDICINA,113,-2.4535,-78.1677
2120,Z06,14D03 MORONA,MORONA SANTIAGO,LOGROÑO,001492,LOGROÑO,CENTRO DE SALUD A,2,MEDICINA,113,-2.62601600286879,-78.2020142133674
2121,Z06,14D03 MORONA,MORONA SANTIAGO,SUCUA,001493,HUAMBI,CENTRO DE SALUD A,2,MEDICINA,113,-2.53423411845843,-78.1648301140547
2122,Z06,14D03 MORONA,MORONA SANTIAGO,LOGROÑO,001494,YAUPI,CENTRO DE SALUD A,3,MEDICINA,113,-2.86987076981094,-77.9327422950151
2123,Z06,14D03 MORONA,MORONA SANTIAGO,SUCUA,001495,KUMPAS,PUESTO DE SALUD,1,MEDICINA,113,-2.5684731589876,-78.1453393244843
2124,Z06,14D03 MORONA,MORONA SANTIAGO,SUCUA,001496,YUKUTEIS,PUESTO DE SALUD,2,MEDICINA,113,-2.50973311624427,-78.1381193532372
2125,Z06,14D03 MORONA,MORONA SANTIAGO,LOGROÑO,001497,YAAPI,PUESTO DE SALUD,3,MEDICINA,113,-2.82525756679623,-77.9316923998542
2126,Z06,14D03 MORONA,MORONA SANTIAGO,LOGROÑO,001498,SHIMPIS,PUESTO DE SALUD,2,MEDICINA,113,-2.63685455086978,-78.1838665029147
2127,Z06,14D05 MORONA,MORONA SANTIAGO,TAISHA,001499,TUUTINENTZA,CENTRO DE SALUD A,2,MEDICINA,113,-2.54793043350735,-77.4699377229667
2128,Z06,14D01 MORONA,MORONA SANTIAGO,MORONA,001500,MIAZAL ( MANKUSAS ),CENTRO DE SALUD A,1,MEDICINA,113,-2.62644720368255,-77.8040407190516
2129,Z06,14D05 MORONA,MORONA SANTIAGO,TAISHA,001501,SHINKIATAN,PUESTO DE SALUD,4,MEDICINA,113,-2.45839309106857,-77.4576625293879
2130,Z06,14D05 MORONA,MORONA SANTIAGO,TAISHA,001502,PINPINTS,PUESTO DE SALUD,3,MEDICINA,113,-2.27305044612754,-77.4663469170189
2131,Z06,14D05 MORONA,MORONA SANTIAGO,TAISHA,001503,IPIAK,PUESTO DE SALUD,2,MEDICINA,114,-2.46795181792503,-77.1435681344989
2132,Z06,14D05 MORONA,MORONA SANTIAGO,TAISHA,001504,WAMPUIK,CENTRO DE SALUD A,3,MEDICINA,114,-2.61822528986372,-77.0226586693204
2133,Z06,14D05 MORONA,MORONA SANTIAGO,TAISHA,001505,WICHIMI,PUESTO DE SALUD,3,MEDICINA,114,-2.73989221142537,-77.3691668536996
2134,Z06,14D05 MORONA,MORONA SANTIAGO,TAISHA,001506,PUMPUENTSA,PUESTO DE SALUD,2,MEDICINA,114,-2.47640204513562,-77.3303715820047
2135,Z06,14D05 MORONA,MORONA SANTIAGO,TAISHA,001507,TUKUPI,PUESTO DE SALUD,2,MEDICINA,114,-2.78332795047594,-77.4808775145206
2136,Z06,14D05 MORONA,MORONA SANTIAGO,TAISHA,001508,KAPATINETZA,PUESTO DE SALUD,2,MEDICINA,114,-2.67596319110897,-77.4753445739897
2137,Z06,14D05 MORONA,MORONA SANTIAGO,TAISHA,001509,NUNKI NUNKA,PUESTO DE SALUD,3,MEDICINA,114,-2.63503567563764,-77.4268130259776
2138,Z06,03D03,CAÑAR,LA TRONCAL,002114,PUESTO DE SALUD PLAYA SECA,PUESTO DE SALUD,2,MEDICINA,114,-2.399,-79.295
2139,Z06,01D06,AZUAY,PAUTE,002735,LA DOLOROSA,PUESTO DE SALUD,2,MEDICINA,114,-2.82971808594731,-78.8738235787698
2140,Z06,14D01 MORONA,MORONA SANTIAGO,MORONA,002779,MUTINZA,PUESTO DE SALUD,2,MEDICINA,114,-2.17752112386882,-77.963615331418
2141,Z06,14D04 MORONA,MORONA SANTIAGO,GUALAQUIZA,002815,MONTERREY,CENTRO DE SALUD A,1,MEDICINA,114,-3.5541778,-78.670594
2142,Z06,14D04 MORONA,MORONA SANTIAGO,GUALAQUIZA,002816,PROVEDURIA,CENTRO DE SALUD A,1,MEDICINA,114,-3.407441667,-78.4855083
2143,Z06,14D01 MORONA,MORONA SANTIAGO,PALORA,002819,16 DE AGOSTO,PUESTO DE SALUD,2,MEDICINA,114,-1.74388716935543,-77.9094522229416
2144,Z06,14D05 MORONA,MORONA SANTIAGO,TAISHA,002820,TSUNKINTZA,PUESTO DE SALUD,2,MEDICINA,114,-2.65882949170401,-77.1125590048612
2145,Z06,14D04 MORONA,MORONA SANTIAGO,GUALAQUIZA,002847,CENTRO DE SALUD DE GUALAQUIZA,CENTRO DE SALUD A,3,MEDICINA,114,-3.4024066294808,-78.5755823936517
2146,Z06,14D06 MORONA,MORONA SANTIAGO,LIMON INDANZA,002848,CENTRO DE SALUD DE LIMON INDANZA,CENTRO DE SALUD A,1,MEDICINA,114,-2.96527959418879,-78.4302090588757
2147,Z06,14D06 MORONA,MORONA SANTIAGO,SANTIAGO,002849,CENTRO DE SALUD DE MENDEZ,CENTRO DE SALUD A,3,MEDICINA,114,-2.715990,-78.320557
2148,Z06,01D06,AZUAY,PAUTE,002858,CENTRO DE SALUD DE PAUTE,CENTRO DE SALUD A,8,MEDICINA,114,-2.78005600,-78.7572780
2149,Z06,01D03,AZUAY,SANTA ISABEL,002859,CENTRO DE SALUD DE SANTA ISABEL,CENTRO DE SALUD A,4,MEDICINA,114,-3.276043,-79.314163
2150,Z06,01D08,AZUAY,SIGSIG,002912,CENTRO DE SALUD SIGSIG,CENTRO DE SALUD A,1,MEDICINA,115,-3.047910,-78.794072
2151,Z06,01D03,AZUAY,GIRON,002928,CENTRO DE SALUD DE GIRON,CENTRO DE SALUD A,4,MEDICINA,115,-3.163586,-79.147750
2152,Z06,14D05 MORONA,MORONA SANTIAGO,TAISHA,002972,CENTRO DE SALUD DE TAISHA,CENTRO DE SALUD A,4,MEDICINA,115,-2.39551821412295,-77.5064577945036
2153,Z06,14D05 MORONA,MORONA SANTIAGO,TAISHA,002991,JUYUKAMENTSA,PUESTO DE SALUD,3,MEDICINA,115,-2.72288128321275,-77.2460202627226
2154,Z06,14D05 MORONA,MORONA SANTIAGO,TAISHA,061055,PUESTO DE SALUD ITINERANTE YUWINTS,PUESTO DE SALUD,2,MEDICINA,115,-2.162746,-77.580453
2155,Z06,14D05 MORONA,MORONA SANTIAGO,TAISHA,061056,PUESTO DE SALUD ITINERANTE KUSUTKA,PUESTO DE SALUD,3,MEDICINA,115,-2.09658779,-77.64032462
2156,Z06,14D05 MORONA,MORONA SANTIAGO,TAISHA,061057,PUESTO DE SALUD ITINERANTE WACHIRPAS,PUESTO DE SALUD,3,MEDICINA,115,-2.57243,-76.80817
2157,Z06,14D05 MORONA,MORONA SANTIAGO,TAISHA,061058,PUESTO DE SALUD ITINERANTE SAAPAPENTSA,PUESTO DE SALUD,2,MEDICINA,115,-2.82861,-77.37517
2158,Z07,07D01,EL ORO,EL GUABO,000505,BARBONES,CENTRO DE SALUD A,1,MEDICINA,115,-3.18814202778624,-79.8537080398523
2159,Z07,07D01,EL ORO,EL GUABO,000506,RIO JUBONES,CENTRO DE SALUD A,1,MEDICINA,115,-3.25563692147018,-79.8692104823798
2160,Z07,07D01,EL ORO,EL GUABO,000507,SAN MIGUEL DE BRASIL,CENTRO DE SALUD A,1,MEDICINA,115,-3.10618438713677,-79.7288081128669
2161,Z07,07D01,EL ORO,EL GUABO,000508,RIO BONITO,CENTRO DE SALUD A,2,MEDICINA,115,-3.11248442969214,-79.7708472455066
2162,Z07,07D01,EL ORO,EL GUABO,000509,TENDALES,CENTRO DE SALUD A,2,MEDICINA,115,-3.11982555285228,-79.8474031454408
2163,Z07,07D01,EL ORO,EL GUABO,000510,BAJO ALTO,CENTRO DE SALUD A,2,MEDICINA,115,-3.11331466636278,-79.8909164670443
2164,Z07,07D01,EL ORO,PASAJE,000511,BUENAVISTA,CENTRO DE SALUD A,1,MEDICINA,115,-3.36148180185765,-79.8439075530231
2165,Z07,07D01,EL ORO,PASAJE,000513,CAÑA QUEMADA,CENTRO DE SALUD A,1,MEDICINA,115,-3.29481684764734,-79.8191102147436
2166,Z07,07D01,EL ORO,PASAJE,000519,EL PROGRESO,CENTRO DE SALUD A,1,MEDICINA,115,-3.29059121521566,-79.7584947103258
2167,Z07,07D01,EL ORO,PASAJE,000521,ROSA DE ORO,PUESTO DE SALUD,1,MEDICINA,115,-3.28094100329614,-79.7884294433541
2168,Z07,07D01,EL ORO,EL GUABO,002866,CENTRO DE SALUD DE EL GUABO,CENTRO DE SALUD A,3,MEDICINA,115,-3.24261343466948,-79.8388794688893
2169,Z07,07D02,EL ORO,MACHALA,000489,EL CAMBIO,CENTRO DE SALUD B,4,MEDICINA,116,-3.28885897445401,-79.9004024372102
2170,Z07,07D02,EL ORO,MACHALA,000491,EL RETIRO,CENTRO DE SALUD A,2,MEDICINA,116,-3.3865219744165,-79.9087815155304
2171,Z07,07D03,EL ORO,ZARUMA,000567,ABANIN,CENTRO DE SALUD A,1,MEDICINA,116,-3.334126660915,-79.5014204043999
2172,Z07,07D03,EL ORO,ZARUMA,000568,LA UNION DE TAMACADO,PUESTO DE SALUD,1,MEDICINA,116,-3.3342350094117,-79.5311704908244
2173,Z07,07D03,EL ORO,ZARUMA,000569,ARCAPAMBA,PUESTO DE SALUD,1,MEDICINA,116,-3.64789622043512,-79.6144653748427
2174,Z07,07D03,EL ORO,ZARUMA,000571,GUIZHAGUINA,CENTRO DE SALUD A,1,MEDICINA,116,-3.69283406981162,-79.5502888267852
2175,Z07,07D03,EL ORO,ZARUMA,000573,MALVAS,CENTRO DE SALUD A,1,MEDICINA,116,-3.65816502762676,-79.6284753166618
2176,Z07,07D03,EL ORO,ZARUMA,000574,SALVIAS,CENTRO DE SALUD A,1,MEDICINA,116,-3.63892787258808,-79.548026151802
2177,Z07,07D03,EL ORO,ZARUMA,000575,SINSAO,CENTRO DE SALUD A,1,MEDICINA,116,-3.66371480141266,-79.5800071664108
2178,Z07,07D03,EL ORO,ATAHUALPA,000576,AYAPAMBA,CENTRO DE SALUD A,2,MEDICINA,116,-3.61077295571122,-79.6773558455882
2179,Z07,07D03,EL ORO,ATAHUALPA,000577,PACCHA,CENTRO DE SALUD B,1,MEDICINA,116,-3.59702773773126,-79.6605330686167
2180,Z07,07D03,EL ORO,ATAHUALPA,000578,SAN JOSE,PUESTO DE SALUD,1,MEDICINA,116,-3.62727562875645,-79.6565637575888
2181,Z07,07D03,EL ORO,PORTOVELO,000580,CURTINCAPAC,CENTRO DE SALUD A,1,MEDICINA,116,-3.73142265749071,-79.5488754622948
2182,Z07,07D03,EL ORO,PORTOVELO,000582,PORTOVELO,CENTRO DE SALUD B,7,MEDICINA,116,-3.7161311673,-79.619836453
2183,Z07,07D03,EL ORO,PORTOVELO,000583,SALATI,CENTRO DE SALUD A,1,MEDICINA,116,-3.75416122265307,-79.5337939666891
2184,Z07,07D04,EL ORO,PIÑAS,000557,CAPIRO,CENTRO DE SALUD A,1,MEDICINA,116,-3.74812637356184,-79.7157785057627
2185,Z07,07D04,EL ORO,PIÑAS,000558,EL CARMEN,CENTRO DE SALUD A,1,MEDICINA,116,-3.66104405102959,-79.9281160370843
2186,Z07,07D04,EL ORO,PIÑAS,000559,LA BOCANA,CENTRO DE SALUD A,1,MEDICINA,116,-3.68767073044469,-79.9035853011196
2187,Z07,07D04,EL ORO,PIÑAS,000560,PALOSOLO,PUESTO DE SALUD,1,MEDICINA,116,-3.69660155341076,-79.7555751353091
2188,Z07,07D04,EL ORO,PIÑAS,000561,MOROMORO,CENTRO DE SALUD A,2,MEDICINA,117,-3.68185980023377,-79.7436395695142
2189,Z07,07D04,EL ORO,PIÑAS,000562,PIEDRAS,PUESTO DE SALUD,1,MEDICINA,117,-3.63695626103043,-79.9130642834525
2190,Z07,07D04,EL ORO,PIÑAS,000563,ZARACAY,CENTRO DE SALUD A,2,MEDICINA,117,-3.64419462353894,-79.8636643716904
2191,Z07,07D04,EL ORO,PIÑAS,000564,PIÑAS GRANDE,PUESTO DE SALUD,1,MEDICINA,117,-3.66700349781324,-79.6962065043992
2192,Z07,07D04,EL ORO,BALSAS,000565,BALSAS,CENTRO DE SALUD A,2,MEDICINA,117,-3.76046992105004,-79.8294082570201
2193,Z07,07D04,EL ORO,MARCABELI,000566,MARCABELI,CENTRO DE SALUD A,1,MEDICINA,117,-3.78655424381183,-79.9111884898103
2194,Z07,07D04,EL ORO,PIÑAS,000584,SAN ROQUE,CENTRO DE SALUD A,1,MEDICINA,117,-3.72370129032203,-79.6702213398002
2195,Z07,07D05,EL ORO,ARENILLAS,000543,CAÑAS,PUESTO DE SALUD,2,MEDICINA,117,-3.66603633873779,-79.9580107917814
2196,Z07,07D05,EL ORO,ARENILLAS,000544,LA CUCA,CENTRO DE SALUD A,2,MEDICINA,117,-3.49647921964985,-80.0695940047872
2197,Z07,07D05,EL ORO,ARENILLAS,000545,CARCABON,CENTRO DE SALUD A,2,MEDICINA,117,-3.62587652375772,-80.1888159642099
2198,Z07,07D05,EL ORO,ARENILLAS,000546,CHACRAS,CENTRO DE SALUD A,2,MEDICINA,117,-3.54995525443875,-80.2017392299568
2199,Z07,07D05,EL ORO,ARENILLAS,000547,PALMALES,CENTRO DE SALUD A,3,MEDICINA,117,-3.66620960634998,-80.1005761370518
2200,Z07,07D05,EL ORO,ARENILLAS,000548,MANABI DE EL ORO,PUESTO DE SALUD,1,MEDICINA,117,-3.72955632630127,-80.1262474821475
2201,Z07,07D05,EL ORO,LAS LAJAS,000549,EL PARAISO,PUESTO DE SALUD,1,MEDICINA,117,-3.77648180408153,-80.0286135896101
2202,Z07,07D05,EL ORO,LAS LAJAS,000550,LA LIBERTAD,PUESTO DE SALUD,1,MEDICINA,117,-3.85168105486152,-80.1054924083323
2203,Z07,07D05,EL ORO,LAS LAJAS,000551,LAS LAJAS,CENTRO DE SALUD A,1,MEDICINA,117,-3.78852365762732,-80.0632786333966
2204,Z07,07D05,EL ORO,LAS LAJAS,000552,VALLE HERMOSO,PUESTO DE SALUD,2,MEDICINA,117,-3.80054488744541,-80.0711452611561
2205,Z07,07D05,EL ORO,ARENILLAS,002763,EL JOBO SAN VICENTE,PUESTO DE SALUD,1,MEDICINA,117,-3.538202821452,-80.0299593
2206,Z07,07D05,EL ORO,ARENILLAS,002900,CENTRO DE SALUD DE ARENILLAS,CENTRO DE SALUD A,2,MEDICINA,117,-3.55566749,-80.07147613
2207,Z07,07D06,EL ORO,SANTA ROSA,000525,VALLE HERMOSO,PUESTO DE SALUD,1,MEDICINA,118,-3.51283084091407,-79.8411778309308
2208,Z07,07D06,EL ORO,SANTA ROSA,000526,BELLAMARIA,CENTRO DE SALUD A,1,MEDICINA,118,-3.50205624739127,-79.8917895859365
2209,Z07,07D06,EL ORO,SANTA ROSA,000527,SAN JOSE,PUESTO DE SALUD,1,MEDICINA,118,-3.49000233416353,-80.0078011954135
2210,Z07,07D06,EL ORO,SANTA ROSA,000532,JUMON,CENTRO DE SALUD A,1,MEDICINA,118,-3.45600583065124,-80.0049021488551
2211,Z07,07D06,EL ORO,SANTA ROSA,000533,LA AVANZADA,CENTRO DE SALUD A,2,MEDICINA,118,-3.53835910210671,-79.9575168339467
2212,Z07,07D06,EL ORO,SANTA ROSA,000534,LA VICTORIA,CENTRO DE SALUD A,1,MEDICINA,118,-3.37027261432831,-79.8582618333827
2213,Z07,07D06,EL ORO,SANTA ROSA,000537,MARTHA BUCARAN,CENTRO DE SALUD A,1,MEDICINA,118,-3.41470228619269,-79.9950705523513
2214,Z07,11D03,LOJA,CATAMAYO,001021,CATAMAYO - 24 HD,CENTRO DE SALUD C,3,MEDICINA,118,-3.97242199715847,-79.3673137315724
2215,Z07,11D03,LOJA,CATAMAYO,001022,EL TAMBO,CENTRO DE SALUD A,1,MEDICINA,118,-4.07350171661182,-79.3079998379238
2216,Z07,11D03,LOJA,CATAMAYO,001023,GUAIQUICHUMA,PUESTO DE SALUD,2,MEDICINA,118,-3.82174368035196,-79.5748004655604
2217,Z07,11D03,LOJA,CATAMAYO,001026,ZAMBI,PUESTO DE SALUD,2,MEDICINA,118,-3.9142347200689,-79.5364116812527
2218,Z07,11D03,LOJA,CHAGUARPAMBA,001032,SANTA RUFINA,PUESTO DE SALUD,1,MEDICINA,118,-3.85129654123175,-79.7630900915883
2219,Z07,11D03,LOJA,CHAGUARPAMBA,001034,CHAGUARPAMBA,CENTRO DE SALUD A,2,MEDICINA,118,-3.8766322337937,-79.6460794640523
2220,Z07,11D03,LOJA,CHAGUARPAMBA,001035,EL ROSARIO,PUESTO DE SALUD,1,MEDICINA,118,-3.78490388554551,-79.6061662997577
2221,Z07,11D03,LOJA,OLMEDO,001052,LA TINGUE,PUESTO DE SALUD,1,MEDICINA,118,-3.91077016930742,-79.5779295160527
2222,Z07,11D03,LOJA,OLMEDO,001053,OLMEDO,CENTRO DE SALUD A,2,MEDICINA,118,-3.93604249401132,-79.6447144647859
2223,Z07,11D03,LOJA,PALTAS,001054,CANGONAMA,PUESTO DE SALUD,1,MEDICINA,118,-3.96545801097472,-79.7029970518769
2224,Z07,11D03,LOJA,PALTAS,001056,LAURO GUERRERO,CENTRO DE SALUD A,1,MEDICINA,118,-3.96740363200205,-79.7625146303559
2225,Z07,11D03,LOJA,PALTAS,001058,GUACHANAMA,PUESTO DE SALUD,1,MEDICINA,118,-4.0488946478103,-79.878647755347
2226,Z07,11D03,LOJA,PALTAS,001060,EL HUATO,PUESTO DE SALUD,1,MEDICINA,119,-4.13561244900158,-79.6645334612803
2227,Z07,11D03,LOJA,PALTAS,001061,ORIANGA,PUESTO DE SALUD,2,MEDICINA,119,-3.89670094498373,-79.8718918428679
2228,Z07,11D03,LOJA,PALTAS,002853,CENTRO DE SALUD DE CATACOCHA,CENTRO DE SALUD B,2,MEDICINA,119,-4.05113010660289,-79.6490739606158
2229,Z07,11D04,LOJA,CELICA,001027,SAN JUAN DE POZUL,CENTRO DE SALUD A,1,MEDICINA,119,-4.12228084223025,-80.0547148458346
2230,Z07,11D04,LOJA,CELICA,001028,CELICA,CENTRO DE SALUD A,1,MEDICINA,119,-4.09870761680246,-79.9598853334483
2231,Z07,11D04,LOJA,CELICA,001029,ALGARROBILLO,PUESTO DE SALUD,1,MEDICINA,119,-4.17242245685193,-80.0637455953878
2232,Z07,11D04,LOJA,CELICA,001030,SABANILLA,CENTRO DE SALUD A,1,MEDICINA,119,-4.19952133855783,-80.1244294782014
2233,Z07,11D04,LOJA,CELICA,001031,CRUZPAMBA,PUESTO DE SALUD,1,MEDICINA,119,-4.15638508612058,-80.0051789437418
2234,Z07,11D04,LOJA,PINDAL,001063,DOCE DE DICIEMBRE,CENTRO DE SALUD A,1,MEDICINA,119,-4.07146500570742,-80.088167725716
2235,Z07,11D04,LOJA,PINDAL,001065,PINDAL,CENTRO DE SALUD A,1,MEDICINA,119,-4.11391970735835,-80.106920842316
2236,Z07,11D04,LOJA,PUYANGO,001066,EL LIMO (MARIANA JESUS),CENTRO DE SALUD A,1,MEDICINA,119,-3.98638014881961,-80.1290835963996
2237,Z07,11D04,LOJA,PUYANGO,001068,CIANO,PUESTO DE SALUD,3,MEDICINA,119,-3.93082824978903,-79.9695094234175
2238,Z07,11D04,LOJA,PUYANGO,001069,EL ARENAL,PUESTO DE SALUD,1,MEDICINA,119,-3.96029831542539,-79.984172009731
2239,Z07,11D04,LOJA,PUYANGO,001070,VICENTINO,CENTRO DE SALUD A,1,MEDICINA,119,-3.96023769088008,-79.9430657610664
2240,Z07,11D04,LOJA,PUYANGO,002854,CENTRO DE SALUD DE ALAMOR,CENTRO DE SALUD A,4,MEDICINA,119,-4.0200842339094,-80.0172998277967
2241,Z07,11D05,LOJA,ESPINDOLA,001036,27 DE ABRIL (LA NARANJA),CENTRO DE SALUD A,1,MEDICINA,119,-4.44262680113651,-79.4579497797401
2242,Z07,11D05,LOJA,ESPINDOLA,001037,JIMBURA,CENTRO DE SALUD A,2,MEDICINA,119,-4.62726217590597,-79.463722807592
2243,Z07,11D05,LOJA,ESPINDOLA,001038,BELLAVISTA,CENTRO DE SALUD A,2,MEDICINA,119,-4.5666583425646,-79.4579497973109
2244,Z07,11D05,LOJA,ESPINDOLA,001039,TUNDURAMA,PUESTO DE SALUD,1,MEDICINA,119,-4.50203631036227,-79.4047235969168
2245,Z07,11D05,LOJA,ESPINDOLA,001040,SANTA TERESITA,CENTRO DE SALUD A,1,MEDICINA,120,-4.57083727051214,-79.4087179847289
2246,Z07,11D05,LOJA,ESPINDOLA,001041,EL INGENIO,CENTRO DE SALUD A,2,MEDICINA,120,-4.41746655492916,-79.4315304016003
2247,Z07,11D05,LOJA,ESPINDOLA,002784,EL AIRO,CENTRO DE SALUD A,3,MEDICINA,120,-4.4767468227736,-79.3902895480183
2248,Z07,11D05,LOJA,ESPINDOLA,002851,CENTRO DE SALUD DE AMALUZA,CENTRO DE SALUD A,1,MEDICINA,120,-4.5895206513414,-79.4291160136818
2249,Z07,11D06,LOJA,CALVAS,001016,COLAISACA,CENTRO DE SALUD A,2,MEDICINA,120,-4.31626746652483,-79.6920283929454
2250,Z07,11D06,LOJA,CALVAS,001017,EL BATAN,PUESTO DE SALUD,2,MEDICINA,120,-4.25951088074379,-79.7173055631864
2251,Z07,11D06,LOJA,CALVAS,001019,USAIME,PUESTO DE SALUD,1,MEDICINA,120,-4.46172116661237,-79.5437650426682
2252,Z07,11D06,LOJA,CALVAS,001020,LUCERO,CENTRO DE SALUD A,2,MEDICINA,120,-4.40182886093213,-79.4698011242726
2253,Z07,11D06,LOJA,GONZANAMA,001042,PURUNUMA (EGUIGUREN),CENTRO DE SALUD A,1,MEDICINA,120,-4.21275254454969,-79.3753206672761
2254,Z07,11D06,LOJA,GONZANAMA,001043,SACAPALCA,CENTRO DE SALUD A,2,MEDICINA,120,-4.15454126227943,-79.5173363498133
2255,Z07,11D06,LOJA,GONZANAMA,001044,POTRERILLOS,PUESTO DE SALUD,1,MEDICINA,120,-4.16227709045576,-79.4718712754463
2256,Z07,11D06,LOJA,GONZANAMA,001046,GONZANAMA,CENTRO DE SALUD A,1,MEDICINA,120,-4.22857590327106,-79.4401518430138
2257,Z07,11D06,LOJA,GONZANAMA,001047,NAMBACOLA,CENTRO DE SALUD A,2,MEDICINA,120,-4.14037984099469,-79.4335893178337
2258,Z07,11D06,LOJA,QUILANGA,001071,SAN ANTONIO DE LAS ARADAS,CENTRO DE SALUD A,1,MEDICINA,120,-4.36600319959075,-79.3985827946264
2259,Z07,11D06,LOJA,QUILANGA,001072,QUILANGA,CENTRO DE SALUD A,1,MEDICINA,120,-4.29934044199087,-79.4006238318188
2260,Z07,11D06,LOJA,CALVAS,002850,CENTRO DE SALUD DE CARIAMANGA,CENTRO DE SALUD A,5,MEDICINA,120,-4.32621186336847,-79.5553347345156
2261,Z07,11D07,LOJA,MACARA,001048,LARAMA,CENTRO DE SALUD A,1,MEDICINA,120,-4.26866173697762,-79.9023033345746
2262,Z07,11D07,LOJA,MACARA,001050,SABIANGO (LA CAPILLA),CENTRO DE SALUD A,1,MEDICINA,120,-4.36659253000953,-79.8126297977309
2263,Z07,11D07,LOJA,MACARA,001051,FRONTERAS SALUDABLES,CENTRO DE SALUD A,1,MEDICINA,120,-4.38586730674373,-79.9452359606709
2264,Z07,11D07,LOJA,SOZORANGA,001075,PERPETUO SOCORRO,PUESTO DE SALUD,1,MEDICINA,121,-4.39348391433509,-79.7523846898575
2265,Z07,11D07,LOJA,SOZORANGA,001078,CURICHANGA,PUESTO DE SALUD,1,MEDICINA,121,-4.34700453,-79.85798831
2266,Z07,11D08,LOJA,SARAGURO,001116,MANU,CENTRO DE SALUD A,1,MEDICINA,121,-3.48536166021866,-79.4098450249455
2267,Z07,11D08,LOJA,SARAGURO,001117,TUNCARTA,PUESTO DE SALUD,1,MEDICINA,121,-3.61989659428931,-79.2182869004854
2268,Z07,11D08,LOJA,SARAGURO,001121,NAMARIN,CENTRO DE SALUD A,1,MEDICINA,121,-3.62445531208964,-79.2235071594779
2269,Z07,11D08,LOJA,SARAGURO,001126,TENTA,PUESTO DE SALUD,1,MEDICINA,121,-3.59576860491095,-79.2876262513308
2270,Z07,11D08,LOJA,SARAGURO,001131,URDANETA (PAQUISHAPA),CENTRO DE SALUD A,2,MEDICINA,121,-3.6062258336841,-79.2099344897064
2271,Z07,11D08,LOJA,SARAGURO,002750,BABER,PUESTO DE SALUD,1,MEDICINA,121,-3.60928072430241,-79.190983398827
2272,Z07,11D08,LOJA,SARAGURO,002855,CENTRO DE SALUD DE SARAGURO,CENTRO DE SALUD A,1,MEDICINA,121,-3.62127855314485,-79.2405419724476
2273,Z07,11D09,LOJA,ZAPOTILLO,001080,CAZADEROS,CENTRO DE SALUD A,2,MEDICINA,121,-4.08776392915203,-80.4813473205105
2274,Z07,11D09,LOJA,ZAPOTILLO,001081,PALETILLAS,CENTRO DE SALUD A,2,MEDICINA,121,-4.16405966478979,-80.2730714367073
2275,Z07,11D09,LOJA,ZAPOTILLO,001083,MIRAFLORES,PUESTO DE SALUD,1,MEDICINA,121,-4.47191997798717,-80.3973976845911
2276,Z07,11D09,LOJA,ZAPOTILLO,001137,ZAPOTILLO - 24 HD,CENTRO DE SALUD B,9,MEDICINA,121,-4.38231035586649,-80.2415666126198
2277,Z07,COORDINACION ZONAL 7,LOJA,LOJA,001084,OBRAPIA,CENTRO DE SALUD A,1,MEDICINA,121,-3.99925315960797,-79.2240972652078
2278,Z07,COORDINACION ZONAL 7,LOJA,LOJA,001090,MOTUPE,CENTRO DE SALUD A,2,MEDICINA,121,-3.94541160394393,-79.2230509446182
2279,Z07,COORDINACION ZONAL 7,LOJA,LOJA,001093,JIMBILLA,CENTRO DE SALUD A,1,MEDICINA,121,-3.8598107045819,-79.1701606203131
2280,Z07,COORDINACION ZONAL 7,LOJA,LOJA,001101,CHUQUIRIBAMBA,CENTRO DE SALUD A,2,MEDICINA,121,-3.84437901832254,-79.3439730699718
2281,Z07,COORDINACION ZONAL 7,LOJA,LOJA,001102,EL CISNE,CENTRO DE SALUD A,1,MEDICINA,121,-3.85234895009061,-79.4263207161953
2282,Z07,COORDINACION ZONAL 7,LOJA,LOJA,001103,GUALEL,PUESTO DE SALUD,1,MEDICINA,121,-3.77095748387816,-79.3773143878916
2283,Z07,COORDINACION ZONAL 7,LOJA,LOJA,001105,COMUNIDADES,PUESTO DE SALUD,1,MEDICINA,122,-4.33693,-79.2238189
2284,Z07,COORDINACION ZONAL 7,LOJA,LOJA,001106,PICHIC,PUESTO DE SALUD,1,MEDICINA,122,-3.7081218550394,-79.2666020271213
2285,Z07,COORDINACION ZONAL 7,LOJA,LOJA,001107,SAN LUCAS,CENTRO DE SALUD A,1,MEDICINA,122,-3.73145728962871,-79.2645670677269
2286,Z07,COORDINACION ZONAL 7,LOJA,LOJA,001109,TAQUIL,CENTRO DE SALUD A,2,MEDICINA,122,-3.88970328749802,-79.2898191793505
2287,Z07,COORDINACION ZONAL 7,LOJA,LOJA,001110,AGUANGORA,CENTRO DE SALUD A,2,MEDICINA,122,-3.93066820541532,-79.2770138155502
2288,Z07,COORDINACION ZONAL 7,LOJA,LOJA,001111,YANGANA,CENTRO DE SALUD A,2,MEDICINA,122,-4.36575020469118,-79.1769779657157
2289,Z07,19D01 ZAMORA,ZAMORA CHINCHIPE,ZAMORA,001911,SAN CARLOS DE LAS MINAS,CENTRO DE SALUD A,2,MEDICINA,122,-4.019764,-78.825247
2290,Z07,19D01 ZAMORA,ZAMORA CHINCHIPE,ZAMORA,001915,CUMBARATZA,CENTRO DE SALUD A,3,MEDICINA,122,-3.992353,-78.866782
2291,Z07,19D01 ZAMORA,ZAMORA CHINCHIPE,YACUAMBI,001916,JEMBUENTZA,PUESTO DE SALUD,1,MEDICINA,122,-3.73139,-78.877807
2292,Z07,19D01 ZAMORA,ZAMORA CHINCHIPE,ZAMORA,001917,GUAGUAYME ALTO,PUESTO DE SALUD,1,MEDICINA,122,-3.904994,-78.882542
2293,Z07,19D01 ZAMORA,ZAMORA CHINCHIPE,ZAMORA,001918,GUADALUPE,CENTRO DE SALUD A,2,MEDICINA,122,-3.848566,-78.888756
2294,Z07,19D01 ZAMORA,ZAMORA CHINCHIPE,ZAMORA,001919,SAN ANTONIO,PUESTO DE SALUD,1,MEDICINA,122,-3.80412,-78.897616
2295,Z07,19D01 ZAMORA,ZAMORA CHINCHIPE,ZAMORA,001920,TIMBARA,PUESTO DE SALUD,2,MEDICINA,122,-4.031176,-78.898307
2296,Z07,19D01 ZAMORA,ZAMORA CHINCHIPE,YACUAMBI,001927,28 DE MAYO (YACUAMBI),CENTRO DE SALUD A,1,MEDICINA,122,-3.636771,-78.926497
2297,Z07,19D01 ZAMORA,ZAMORA CHINCHIPE,YACUAMBI,001928,LA ESPERANZA,PUESTO DE SALUD,2,MEDICINA,122,-3.57661735154371,-78.9381660014317
2298,Z07,19D01 ZAMORA,ZAMORA CHINCHIPE,YACUAMBI,001930,LA PAZ,PUESTO DE SALUD,1,MEDICINA,122,-3.701944,-78.896619
2299,Z07,19D01 ZAMORA,ZAMORA CHINCHIPE,YACUAMBI,001931,TUTUPALI,PUESTO DE SALUD,1,MEDICINA,122,-3.529481,-78.951604
2300,Z07,19D01 ZAMORA,ZAMORA CHINCHIPE,ZAMORA,001935,LA PITUCA,PUESTO DE SALUD,1,MEDICINA,122,-4.132152,-78.942206
2301,Z07,19D01 ZAMORA,ZAMORA CHINCHIPE,ZAMORA,001936,EL LIMON,PUESTO DE SALUD,1,MEDICINA,122,-4.05941,-78.966058
2302,Z07,19D01 ZAMORA,ZAMORA CHINCHIPE,ZAMORA,002837,CENTRO DE SALUD ZAMORA,CENTRO DE SALUD A,3,MEDICINA,123,-4.068006,-78.955409
2303,Z07,19D02 ZAMORA,ZAMORA CHINCHIPE,PAQUISHA,001899,PAQUISHA,CENTRO DE SALUD B,2,MEDICINA,123,-3.9363223668,-78.676032864
2304,Z07,19D02 ZAMORA,ZAMORA CHINCHIPE,CENTINELA DEL CONDOR,001900,ZUMBI,CENTRO DE SALUD A,2,MEDICINA,123,-3.89395380169761,-78.780004274428
2305,Z07,19D02 ZAMORA,ZAMORA CHINCHIPE,NANGARITZA,001906,NUEVO PARAISO,PUESTO DE SALUD,1,MEDICINA,123,-4.37384771473723,-78.6589102728066
2306,Z07,19D02 ZAMORA,ZAMORA CHINCHIPE,NANGARITZA,001907,SHAIMI,PUESTO DE SALUD,1,MEDICINA,123,-4.31593577934778,-78.6656533592451
2307,Z07,19D02 ZAMORA,ZAMORA CHINCHIPE,NANGARITZA,001909,ZURMI,PUESTO DE SALUD,2,MEDICINA,123,-4.10056091277961,-78.6645035476764
2308,Z07,19D02 ZAMORA,ZAMORA CHINCHIPE,NANGARITZA,001926,GUAYZIMI,CENTRO DE SALUD A,1,MEDICINA,123,-4.04737476322371,-78.6807069720175
2309,Z07,19D02 ZAMORA,ZAMORA CHINCHIPE,PAQUISHA,001942,CHINAPINTZA,PUESTO DE SALUD,1,MEDICINA,123,-4.04119921277202,-78.596534707745
2310,Z07,19D02 ZAMORA,ZAMORA CHINCHIPE,PAQUISHA,001943,CISAM,PUESTO DE SALUD,1,MEDICINA,123,-3.99548843785013,-78.6459837376591
2311,Z07,19D03 ZAMORA,ZAMORA CHINCHIPE,CHINCHIPE,001902,EL CHORRO,PUESTO DE SALUD,1,MEDICINA,123,-4.91323445490107,-79.1052650418899
2312,Z07,19D03 ZAMORA,ZAMORA CHINCHIPE,CHINCHIPE,001903,CHITO,CENTRO DE SALUD A,1,MEDICINA,123,-4.9359760580314,-79.0404374992895
2313,Z07,19D03 ZAMORA,ZAMORA CHINCHIPE,PALANDA,001904,SAN FRANCISCO DEL VERGEL,PUESTO DE SALUD,2,MEDICINA,123,-4.67753717288069,-79.0440956582717
2314,Z07,19D03 ZAMORA,ZAMORA CHINCHIPE,CHINCHIPE,001921,LA GUAYUZA,PUESTO DE SALUD,1,MEDICINA,123,,
2315,Z07,19D03 ZAMORA,ZAMORA CHINCHIPE,CHINCHIPE,001922,LA DIVERSION,CENTRO DE SALUD A,1,MEDICINA,123,,
2316,Z07,19D03 ZAMORA,ZAMORA CHINCHIPE,CHINCHIPE,001923,SAN ANDRES,PUESTO DE SALUD,1,MEDICINA,123,,
2317,Z07,19D03 ZAMORA,ZAMORA CHINCHIPE,PALANDA,001944,PALANDA,CENTRO DE SALUD B,1,MEDICINA,123,-4.6478112254297,-79.1315956507035
2318,Z07,19D03 ZAMORA,ZAMORA CHINCHIPE,PALANDA,001945,VALLADOLID,CENTRO DE SALUD A,1,MEDICINA,123,-4.55240332694376,-79.1326553102045
2319,Z07,19D03 ZAMORA,ZAMORA CHINCHIPE,PALANDA,001946,LA CANELA,PUESTO DE SALUD,1,MEDICINA,123,-4.61243624088621,-78.9535054577284
2320,Z07,19D03 ZAMORA,ZAMORA CHINCHIPE,CHINCHIPE,002846,CENTRO DE SALUD DE ZUMBA,CENTRO DE SALUD A,2,MEDICINA,123,-4.86810547015256,-79.1403312172714
2321,Z07,19D04 ZAMORA,ZAMORA CHINCHIPE,EL PANGUI,001912,PACHICUTZA,PUESTO DE SALUD,1,MEDICINA,124,-3.67067331274376,-78.6130599919066
2322,Z07,19D04 ZAMORA,ZAMORA CHINCHIPE,EL PANGUI,001913,EL PANGUI,CENTRO DE SALUD B,8,MEDICINA,124,-3.63,-78.58
2323,Z07,19D04 ZAMORA,ZAMORA CHINCHIPE,EL PANGUI,001914,TUNDAYME,PUESTO DE SALUD,1,MEDICINA,124,-3.57641570829801,-78.4891360267503
2324,Z07,19D04 ZAMORA,ZAMORA CHINCHIPE,YANTZAZA,001932,CHICAÑA,CENTRO DE SALUD A,1,MEDICINA,124,-3.72299905447663,-78.749342650801
2325,Z07,19D04 ZAMORA,ZAMORA CHINCHIPE,EL PANGUI,001933,EL GUISMI,PUESTO DE SALUD,2,MEDICINA,124,-3.55538632058013,-78.5640183529582
2326,Z07,19D04 ZAMORA,ZAMORA CHINCHIPE,EL PANGUI,001934,CHUCHUMBLETZA,PUESTO DE SALUD,1,MEDICINA,124,-3.5344,-78.53093
2327,Z07,19D04 ZAMORA,ZAMORA CHINCHIPE,YANTZAZA,001938,EL ZARZA (JARDIN DEL CONDOR),PUESTO DE SALUD,1,MEDICINA,124,-3.84050271544053,-78.572571211993
2328,Z07,19D04 ZAMORA,ZAMORA CHINCHIPE,YANTZAZA,001939,EL PINCHO,PUESTO DE SALUD,1,MEDICINA,124,-3.7163622260,-78.59522875
2329,Z07,19D04 ZAMORA,ZAMORA CHINCHIPE,YANTZAZA,001940,LOS ENCUENTROS,CENTRO DE SALUD A,1,MEDICINA,124,-3.75973128,-78.65010004
2330,Z08,09D01,GUAYAS,GUAYAQUIL,000904,PUNA,CENTRO DE SALUD A,3,MEDICINA,124,-2.73918692693899,-79.9085551451936
2331,Z08,09D01,GUAYAS,GUAYAQUIL,000905,PUERTO SALINAS,PUESTO DE SALUD,1,MEDICINA,124,-2.5792516309,-80.0051091664
2332,Z08,09D01,GUAYAS,GUAYAQUIL,000907,CERRITO DE LOS MORREÑOS,PUESTO DE SALUD,2,MEDICINA,124,-2.4651333699,-79.9097523967
2333,Z08,09D01,GUAYAS,GUAYAQUIL,000908,PUERTO LA CRUZ,PUESTO DE SALUD,1,MEDICINA,124,-2.599930854,-79.8575508424
2334,Z08,09D01,GUAYAS,GUAYAQUIL,000910,PUERTO ROMA,PUESTO DE SALUD,2,MEDICINA,124,-2.5107685206,-79.8922734969
2335,Z08,09D01,GUAYAS,GUAYAQUIL,002836,CAMPO ALEGRE,PUESTO DE SALUD,2,MEDICINA,124,-2.821101,-80.134749
2336,Z08,09D04,GUAYAS,GUAYAQUIL,000828,SAN RAFAEL,CENTRO DE SALUD A,1,MEDICINA,124,-2.9670699688788,-79.7722713467783
2337,Z08,09D04,GUAYAS,GUAYAQUIL,056390,CENTRO DE SALUD TIPO C SAN FRANCISCO DE TENGUEL,CENTRO DE SALUD C,6,MEDICINA,124,-2.99692035417424,-79.7901691335901
2338,Z08,09D08,GUAYAS,GUAYAQUIL,000800,CENTRO DE SALUD CHONGON,CENTRO DE SALUD A,3,MEDICINA,124,-2.23316459156011,-80.0806577810994
2339,Z08,09D08,GUAYAS,GUAYAQUIL,000801,CERECITA,CENTRO DE SALUD A,3,MEDICINA,124,-2.33510768521332,-80.2710875294247
2340,Z08,09D08,GUAYAS,GUAYAQUIL,000802,CONSUELO,CENTRO DE SALUD A,2,MEDICINA,125,-2.28410474938865,-80.188719389248
2341,Z08,09D08,GUAYAS,GUAYAQUIL,000808,FLOR DEL BASTION 2,CENTRO DE SALUD A,2,MEDICINA,125,-2.100889,-79.960417
2342,Z08,09D08,GUAYAS,GUAYAQUIL,000813,PASCUALES,CENTRO DE SALUD B,3,MEDICINA,125,-2.06839687432318,-79.9314034827279
2343,Z08,09D08,GUAYAS,GUAYAQUIL,000884,PROGRESO,CENTRO DE SALUD A,2,MEDICINA,125,-2.41072872772379,-80.3648465039021
2344,Z08,09D08,GUAYAS,GUAYAQUIL,000885,PUERTO DEL MORRO,CENTRO DE SALUD A,1,MEDICINA,125,-2.61073423039701,-80.3037610205165
2345,Z08,09D08,GUAYAS,GUAYAQUIL,000886,POCITOS,PUESTO DE SALUD,1,MEDICINA,125,-2.5933725592302,-80.3517423643866
2346,Z08,09D08,GUAYAS,GUAYAQUIL,002785,MONTE SINAI,CENTRO DE SALUD B,3,MEDICINA,125,-2.119667,-79.997222
2347,Z08,09D08,GUAYAS,GUAYAQUIL,002789,POSORJA,CENTRO DE SALUD C,9,MEDICINA,125,-2.70194061111414,-80.2731685634898
2348,Z08,09D08,GUAYAS,GUAYAQUIL,002821,SITIO NUEVO,PUESTO DE SALUD,1,MEDICINA,125,-2.56274549527414,-80.3256541307167
2349,Z08,09D08,GUAYAS,GUAYAQUIL,040438,SOCIO VIVIENDA 2,CENTRO DE SALUD A,2,MEDICINA,125,-2.134488,-79.962373
2350,Z08,09D08,GUAYAS,GUAYAQUIL,040511,SOCIO VIVIENDA 1,CENTRO DE SALUD A,3,MEDICINA,125,-2.130810,-79.963734
2351,Z08,09D08,GUAYAS,GUAYAQUIL,047843,CIUDAD VICTORIA,CENTRO DE SALUD C,8,MEDICINA,125,-2.086028,-79.991556
2352,Z08,09D08,GUAYAS,GUAYAQUIL,065573,CENTRO DE SALUD NUEVA PROSPERINA,CENTRO DE SALUD A,2,MEDICINA,125,-2.122745,-79.970181
2353,Z08,09D24,GUAYAS,DURAN,000842,DURAN,CENTRO DE SALUD B,5,MEDICINA,125,-2.16843292122459,-79.8465096176518
2354,Z08,09D24,GUAYAS,SAMBORONDON,000888,BOCA DE CAÑA,CENTRO DE SALUD A,1,MEDICINA,125,-1.98410418336985,-79.7561756304096
2355,Z08,09D24,GUAYAS,SAMBORONDON,002727,SAN GERONIMO,CENTRO DE SALUD A,1,MEDICINA,125,-1.91881695540619,-79.819718100295
2356,Z09,17D03,PICHINCHA,DISTRITO METROPOLITANO DE QUITO,001664,CALACALI,CENTRO DE SALUD A,2,MEDICINA,125,0.000153658747982487,-78.5152298527611
2357,Z09,17D03,PICHINCHA,DISTRITO METROPOLITANO DE QUITO,001685,NONO,CENTRO DE SALUD A,2,MEDICINA,125,-0.0672805,-78.579186373
2358,Z09,17D03,PICHINCHA,DISTRITO METROPOLITANO DE QUITO,001729,GUALEA,CENTRO DE SALUD A,3,MEDICINA,126,0.113527964827018,-78.7498113066275
2359,Z09,17D03,PICHINCHA,DISTRITO METROPOLITANO DE QUITO,001730,NANEGAL,CENTRO DE SALUD A,3,MEDICINA,126,0.138607613387596,-78.6762395618105
2360,Z09,17D03,PICHINCHA,DISTRITO METROPOLITANO DE QUITO,001731,PACTO,CENTRO DE SALUD A,5,MEDICINA,126,0.141626885248189,-78.7672567179554
2361,Z09,17D03,PICHINCHA,DISTRITO METROPOLITANO DE QUITO,001732,SAGUANGAL,CENTRO DE SALUD A,4,MEDICINA,126,0.229395832433614,-78.7977778621638
2362,Z09,17D03,PICHINCHA,DISTRITO METROPOLITANO DE QUITO,001733,LAS TOLAS,PUESTO DE SALUD,2,MEDICINA,126,0.0794473252259073,-78.772792984931
2363,Z09,17D03,PICHINCHA,DISTRITO METROPOLITANO DE QUITO,001734,BELLAVISTA,PUESTO DE SALUD,2,MEDICINA,126,0.198521187812746,-78.7238328531971
2364,Z09,17D03,PICHINCHA,DISTRITO METROPOLITANO DE QUITO,001757,CENTRO DE SALUD ATAHUALPA,CENTRO DE SALUD A,10,MEDICINA,126,0.134888303768008,-78.3731138854487
2365,Z09,17D03,PICHINCHA,DISTRITO METROPOLITANO DE QUITO,001758,CHAVEZPAMBA,PUESTO DE SALUD,2,MEDICINA,126,0.124380239859212,-78.4014924158364
2366,Z09,17D03,PICHINCHA,DISTRITO METROPOLITANO DE QUITO,001759,GUAYLLABAMBA,CENTRO DE SALUD A,1,MEDICINA,126,-0.0655772279139284,-78.3612066628475
2367,Z09,17D03,PICHINCHA,DISTRITO METROPOLITANO DE QUITO,001760,PERUCHO,CENTRO DE SALUD A,2,MEDICINA,126,0.107679801207973,-78.4212355309755
2368,Z09,17D03,PICHINCHA,DISTRITO METROPOLITANO DE QUITO,001761,PUELLARO,CENTRO DE SALUD A,3,MEDICINA,126,0.0647477765617385,-78.3998809126569
2369,Z09,17D03,PICHINCHA,DISTRITO METROPOLITANO DE QUITO,001762,SAN JOSE DE MINAS,CENTRO DE SALUD A,3,MEDICINA,126,0.174857951553483,-78.4070525273814
2370,Z09,17D03,PICHINCHA,DISTRITO METROPOLITANO DE QUITO,001791,CENTRO DE SALUD TIPO C HOSPITAL BASICO DE NANEGALITO,CENTRO DE SALUD C,5,MEDICINA,126,0.063387381587785,-78.6793068555525
2371,Z09,17D06,PICHINCHA,DISTRITO METROPOLITANO DE QUITO,001642,LLOA,CENTRO DE SALUD A,1,MEDICINA,127,-0.247719037467443,-78.5801934788887
2372,Z09,17D06,PICHINCHA,DISTRITO METROPOLITANO DE QUITO,001708,EL QUINCHE,CENTRO DE SALUD A,1,MEDICINA,127,-0.110903950152737,-78.2935264473774
2373,Z09,17D06,PICHINCHA,DISTRITO METROPOLITANO DE QUITO,001710,PIFO,CENTRO DE SALUD A,2,MEDICINA,127,-0.224454819055331,-78.3372013485157
2374,Z09,17D06,PICHINCHA,DISTRITO METROPOLITANO DE QUITO,001711,TABABELA,CENTRO DE SALUD A,1,MEDICINA,127,-0.184718157493905,-78.3446947653444
2375,Z09,17D06,PICHINCHA,DISTRITO METROPOLITANO DE QUITO,001712,CHECA,CENTRO DE SALUD A,2,MEDICINA,127,-0.127398748605361,-78.3124298681386
2376,Z09,17D06,PICHINCHA,DISTRITO METROPOLITANO DE QUITO,001775,PINTAG,CENTRO DE SALUD A,2,MEDICINA,127,-0.37549105447204,-78.3731548214425
2377,Z09,17D06,PICHINCHA,DISTRITO METROPOLITANO DE QUITO,001776,TOLONTAG,CENTRO DE SALUD A,2,MEDICINA,127,-0.335620570317101,-78.3546907575257
2378,Z09,17D06,PICHINCHA,DISTRITO METROPOLITANO DE QUITO,002992,MANGAHUANTAG,PUESTO DE SALUD,2,MEDICINA,127,-0.168788526078025,-78.3705602465267
2379,Z03,COORDINACION ZONAL 3,CHIMBORAZO,RIOBAMBA,000468,CENTRO DE SALUD N° 1,CENTRO DE SALUD B,1,MEDICINA,127,-1.67903336645575,-78.6525540868591
2380,Z03,COORDINACION ZONAL 3,CHIMBORAZO,RIOBAMBA,020935,CENTRO DE SALUD TIPO C LIZARZABURU,CENTRO DE SALUD C,1,MEDICINA,127,-1.64774,-78.685112
2381,Z03,05D04,COTOPAXI,SAQUISILI,000315,CENTRO DE SALUD TIPO C SAQUISILI,CENTRO DE SALUD C,3,MEDICINA,127,-0.82198,-78.6657
2382,Z03,05D01,COTOPAXI,LATACUNGA,000348,PATUTAN,CENTRO DE SALUD B,3,MEDICINA,127,-0.87804,-78.642397
2383,Z03,05D01,COTOPAXI,LATACUNGA,000349,SAN BUENAVENTURA,CENTRO DE SALUD B,4,MEDICINA,127,-0.889507,-78.607619
2384,Z03,05D03,COTOPAXI,LA MANA,000309,CENTRO DE SALUD LA MANA,CENTRO DE SALUD C,3,MEDICINA,127,-0.947758,-79.240984
2385,Z03,16D01,PASTAZA,PASTAZA,001575,SHELL,CENTRO DE SALUD A,6,MEDICINA,127,-1.49974688604711,-78.0621318322278
2386,Z03,16D01,PASTAZA,PASTAZA,001557,URBANO PUYO,CENTRO DE SALUD A,3,MEDICINA,128,-1.49444071701827,-77.9928314486476
2387,Z03,18D02,TUNGURAHUA,AMBATO,001877,CENTRO DE SALUD N° 1,CENTRO DE SALUD B,3,MEDICINA,128,-1.233294,-78.616091
2388,Z03,18D02,TUNGURAHUA,AMBATO,001872,HUACHI CHICO,CENTROP DE SALUD A,1,MEDICINA,128,-1.27356823632305,-78.6307328849158
2389,Z05,COORDINACION ZONAL 5,GUAYAS,MILAGRO,000854,CS DE ATENCION INTEGRAL 3,CENTRO DE SALUD B,2,MEDICINA,128,-2.13109898031228,-79.5931267635877
2390,Z05,COORDINACION ZONAL 5,GUAYAS,MILAGRO,000855,LAS PIÑAS,CENTRO DE SALUD A,2,MEDICINA,128,-2.1527861311212,-79.5818780797479
2391,Z05,COORDINACION ZONAL 5,GUAYAS,MILAGRO,000857,LOS VERGELES,CENTRO DE SALUD B,2,MEDICINA,128,-2.14063176519752,-79.6028905230856
2392,Z05,24D01,SANTA ELENA,SANTA ELENA,002105,SANTA ELENA,CENTRO DE SALUD B,3,MEDICINA,128,-2.23133835702728,-80.8529560921024
2393,Z05,09D13,GUAYAS,BALZAR,000832,SAN JACINTO DE BALZAR,CENTRO DE SALUD A,3,MEDICINA,128,-1.36131987977705,-79.8989008448846
2394,Z05,12D03,LOS RIOS,QUEVEDO,001181,7 DE OCTUBRE,CENTRO DE SALUD A,3,MEDICINA,128,-1.04777370371522,-79.4732775026453
2395,Z05,12D03,LOS RIOS,QUEVEDO,001184,VENUS DEL RIO,CENTRO DE SALUD B,4,MEDICINA,128,-1.00591592795138,-79.4692541577341
2396,Z05,12D03,LOS RIOS,QUEVEDO,001185,GALO PLAZA,CENTRO DE SALUD A,1,MEDICINA,128,-1.020985,-79.467780
2397,Z05,12D03,LOS RIOS,QUEVEDO,001187,LA ISLA,CENTRO DE SALUD A,3,MEDICINA,128,-1.01781292849722,-79.4589249216846
2398,Z05,12D03,LOS RIOS,QUEVEDO,001188,SAN CAMILO,CENTRO DE SALUD B,3,MEDICINA,128,-1.03456467918352,-79.4635890728315
2399,Z05,12D03,LOS RIOS,QUEVEDO,001189,PROMEJORAS,CENTRO DE SALUD A,2,MEDICINA,128,-1.02683666060057,-79.4544551227129
2400,Z05,12D04,LOS ROS,VENTANAS,002874,CS URBANO VENTANAS,CENTRO DE SALUD TIPO A,3,MEDICINA,128,-1.447386,-79.466161
2401,Z05,12D04,LOS ROS,VENTANAS,001221,CENTRO DE SALUD MALVINAS,CENTRO DE SALUD TIPO A,2,MEDICINA,128,-1.450882,-79.463245
2402,Z05,09D14,GUAYAS,LOMAS DE SARGENTILLO,000881,LOMAS DE SARGENTILLO,CENTRO DE SALUD TIPO B,4,MEDICINA,128,-1.8811872,-80.081015
2403,Z05,09D14,GUAYAS,ISIDRO AYROA,000879,ISIDRO AYORA,CENTRO DE SALUD A,3,MEDICINA,128,-1.87755312939556,-80.1455025935725
2404,Z05,24D02,SANTA ELENA,LA LIBERTAD,002093,ENRIQUEZ GALLO,CENTRO DE SALUD A,3,MEDICINA,128,-2.23412841410437,-80.8937504025268
2405,Z05,24D02,SANTA ELENA,SALINAS,002085,SANTA ROSA,CENTRO DE SALUD A,3,MEDICINA,129,-2.21271672200075,-80.9488275128086
2406,Z05,24D02,SANTA ELENA,LA LIBERTAD,002922,VELASCO IBARRA,PUESTO DE SALUD,1,MEDICINA,129,-2.2513536,-80.9115366
2407,Z05,24D02,SANTA ELENA,LA LIBERTAD,002817,CENTRO DE SALUD MATERNO INFANTIL VENUS DE VALDIVIA,CENTRO DE SALUD C,5,MEDICINA,129,-2.228295,-80.920228
2408,Z05,12D01,LOS RIOS,BABAHOYO,001165,PUERTA NEGRA,CENTRO DE SALUD A,2,MEDICINA,129,-1.80691746340526,-79.491462722851
2409,Z05,12D01,LOS RIOS,BABAHOYO,001164,4 DE MAYO,CENTRO DE SALUD A,1,MEDICINA,129,-1.808800,-79.509321
2410,Z05,12D01,LOS RIOS,BABAHOYO,001166,BARREIRO,CENTRO DE SALUD A,1,MEDICINA,129,-1.79541604750903,-79.5277660338697
2411,Z05,12D01,LOS RIOS,BABAHOYO,001167,EL SALTO,CENTRO DE SALUD A,3,MEDICINA,129,-1.796035,-79.536339
2412,Z05,12D01,LOS RIOS,BABAHOYO,001159,CENTRO DE SALUD ENRIQUE PONCE LUQUE,CENTRO DE SALUD B,2,MEDICINA,129,-1.805528,-79.540394
2413,Z05,12D01,LOS RIOS,BABAHOYO,001163,LUCHA OBRERA,CENTRO DE SALUD A,1,MEDICINA,129,-1.80939679170167,-79.5147578765297
2414,Z07,07D01,EL ORO,PASAJE,002867,CENTRO DE SALUD DE PASAJE,CENTRO DE SALUD B,1,MEDICINA,129,-3.33002930108883,-79.8115535498256
2415,Z07,07D01,EL ORO,PASAJE,000518,NUEVOS HORIZONTES,CENTRO DE SALUD A,1,MEDICINA,129,-3.32702284337461,-79.7865015960651
2416,Z07,07D01,EL ORO,PASAJE,000522,TRES CERRITOS,PUESTO DE SALUD,2,MEDICINA,129,-3.32481242984012,-79.7691887790425
2417,Z07,07D02,EL ORO,MACHALA,000493,EL PARAISO,TIPO C,2,MEDICINA,129,-3.2443491298,-79.9466213581
2418,Z07,07D02,EL ORO,MACHALA,000494,RAYITO DE LUZ,TIPO A,1,MEDICINA,129,-3.26004291891852,-79.9276936567685
2419,Z07,07D02,EL ORO,MACHALA,000495,CENTRO DE SALUD TIPO C VELASCO IBARRA,TIPO C,1,MEDICINA,129,-3.27514195,-79.9256871
2420,Z07,07D02,EL ORO,MACHALA,000498,BRISAS DEL MAR - 24 HD,TIPO C,1,MEDICINA,129,-3.2629863456,-79.9678903154
2421,Z07,07D02,EL ORO,MACHALA,000500,18 DE OCTUBRE,TIPO A,1,MEDICINA,129,-3.24775625873183,-79.9681148018973
2422,Z07,07D05,EL ORO,ARENILLAS,000541,SAN VICENTE,TIPO A,2,MEDICINA,129,-3.56000880313785,-80.0617703905987
2423,Z07,07D05,EL ORO,HUAQUILLAS,002879,CENTRO DE SALUD HUAQUILLAS,TIPO A,4,MEDICINA,129,-3.4807882275248,-80.2117546721558
2424,Z07,07D06,EL ORO,SANTA ROSA,000539,TENIENTE HUGO ORTIZ,CENTRO DE SALUD A,3,MEDICINA,129,-3.458007,-79.969842
2425,Z07,07D06,EL ORO,SANTA ROSA,002898,CENTRO DE SALUD DE SANTA ROSA,CENTRO DE SALUD A,5,MEDICINA,129,-3.45727203445289,-79.9626562838615
2426,Z07,11D07,LOJA,MACARÁ,002852,CENTRO DE SALUD DE MACARA,CENTRO DE SALUD A,2,MEDICINA,129,-4.38293542682464,-79.9443749765764
2427,Z07,COORDINACION ZONAL 7,LOJA,LOJA,001091,CONSACOLA,CENTRO DE SALUD A,1,MEDICINA,130,-3.97336410507936,-79.2156171122746
2428,Z07,COORDINACION ZONAL 7,LOJA,LOJA,001099,HEROÉS DEL CENEPA,CENTRO DE SALUD A,2,MEDICINA,130,-4.02696503493346,-79.2060464274757
2429,Z07,COORDINACION ZONAL 7,LOJA,LOJA,001100,CENTRO DE SALUD NRO. 1,CENTRO DE SALUD B,1,MEDICINA,130,-3.984583,-79.206094
2430,Z09,17D03,PICHINCHA,DISTRITO METROPOLITANO DE QUITO,001673,COCOTOG,CENTRO DE SALUD A,1,MEDICINA,130,-0.13961190120488,-78.4260354796281
2431,Z09,17D03,PICHINCHA,DISTRITO METROPOLITANO DE QUITO,002124,TANDA,CENTRO DE SALUD A,1,MEDICINA,130,-0.180384619064714,-78.4382939434973
2432,Z09,17D03,PICHINCHA,DISTRITO METROPOLITANO DE QUITO,002122,ATUCUCHO,CENTRO DE SALUD A,1,MEDICINA,130,-0.12735486645,-78.51237975088104
2433,Z09,17D03,PICHINCHA,DISTRITO METROPOLITANO DE QUITO,001612,FRAY BARTOLOME DE LAS CASAS,CENTRO DE SALUD B,2,MEDICINA,130,-0.189812577621985,-78.5071987116198
2434,Z09,17D03,PICHINCHA,DISTRITO METROPOLITANO DE QUITO,001622,PLAYA RICA,CENTRO DE SALUD A,2,MEDICINA,130,-0.1885017173,-78.4720008496
2435,Z09,17D03,PICHINCHA,DISTRITO METROPOLITANO DE QUITO,001676,NAYON,CENTRO DE SALUD A,1,MEDICINA,130,-0.155529708724275,-78.4396797540686
2436,Z09,17D03,PICHINCHA,DISTRITO METROPOLITANO DE QUITO,001678,ZAMBIZA,CENTRO DE SALUD A,1,MEDICINA,130,-0.148859943627892,-78.4434601777698
2437,Z09,17D03,PICHINCHA,DISTRITO METROPOLITANO DE QUITO,001679,RUMIÑAHUI,CENTRO DE SALUD A,2,MEDICINA,130,-0.126133047433381,-78.4872568792159
2438,Z09,17D03,PICHINCHA,DISTRITO METROPOLITANO DE QUITO,001756,CALDERON,CENTRO DE SALUD B,3,MEDICINA,130,-0.100232456731595,-78.4217568363382
2439,Z09,17D03,PICHINCHA,DISTRITO METROPOLITANO DE QUITO,001765,CARAPUNGO 1,CENTRO DE SALUD A,1,MEDICINA,130,-0.0907445742628901,-78.4513929484989
2440,Z09,17D03,PICHINCHA,DISTRITO METROPOLITANO DE QUITO,001675,LLANO CHICO,CENTRO DE SALUD A,1,MEDICINA,130,-0.127809927108754,-78.444081897781
2441,Z09,17D03,PICHINCHA,DISTRITO METROPOLITANO DE QUITO,001767,MARIANITAS,CENTRO DE SALUD A,1,MEDICINA,131,-0.0825175509668147,-78.4180413797111
2442,Z09,17D03,PICHINCHA,DISTRITO METROPOLITANO DE QUITO,001763,SAN JOSE DE MORAN,CENTRO DE SALUD A,1,MEDICINA,131,-0.0819494725444197,-78.4384476016375
2443,Z09,17D03,PICHINCHA,DISTRITO METROPOLITANO DE QUITO,001764,SAN JUAN DE CALDERON,CENTRO DE SALUD A,1,MEDICINA,131,-0.0622097345145279,-78.4326850267699
2444,Z09,17D03,PICHINCHA,DISTRITO METROPOLITANO DE QUITO,001661,CARCELEN BAJO,CENTRO DE SALUD A,4,MEDICINA,131,-0.0763926122670453,-78.4659110692155
2445,Z09,17D03,PICHINCHA,DISTRITO METROPOLITANO DE QUITO,001671,CENTRO DE SALUD 1-E,CENTRO DE SALUD A,2,MEDICINA,131,-0.126926180568865,-78.4642731468071
2446,Z09,17D03,PICHINCHA,DISTRITO METROPOLITANO DE QUITO,001662,COLINAS DEL NORTE,CENTRO DE SALUD A,3,MEDICINA,131,-0.0956474967839242,-78.507648787449
2447,Z09,17D03,PICHINCHA,DISTRITO METROPOLITANO DE QUITO,001670,COMITÉ DEL PUEBLO,CENTRO DE SALUD A,8,MEDICINA,131,-0.120156672979262,-78.4669492083696
2448,Z09,17D03,PICHINCHA,DISTRITO METROPOLITANO DE QUITO,001663,CORAZON DE JESUS,CENTRO DE SALUD A,3,MEDICINA,131,-0.0839763959731339,-78.4745114688508
2449,Z09,17D03,PICHINCHA,DISTRITO METROPOLITANO DE QUITO,001681,COTOCOLLAO ALTO,CENTRO DE SALUD A,1,MEDICINA,131,-0.1200823,-78.51276473
2450,Z09,17D03,PICHINCHA,DISTRITO METROPOLITANO DE QUITO,001665,EL CONDADO,PUESTO DE SALUD,2,MEDICINA,131,-0.105327018749308,-78.4962188495403
2451,Z09,17D03,PICHINCHA,DISTRITO METROPOLITANO DE QUITO,001659,JAIME ROLDOS AGUILERA,PUESTO DE SALUD,6,MEDICINA,131,-0.0840689664823654,-78.5082870248371
2452,Z09,17D03,PICHINCHA,DISTRITO METROPOLITANO DE QUITO,001674,LA BOTA CENTRO,DE SALUD A,2,MEDICINA,131,-0.117941169344114,-78.4550626912453
2453,Z09,17D03,PICHINCHA,DISTRITO METROPOLITANO DE QUITO,001684,MENA DEL HIERRO,PUESTO DE SALUD,3,MEDICINA,131,-0.11168214187364,-78.507602642072
2454,Z09,17D03,PICHINCHA,DISTRITO METROPOLITANO DE QUITO,001667,PISULI CENTRO,DE SALUD A,2,MEDICINA,132,-0.0899990515692118,-78.518432045848
2455,Z09,17D03,PICHINCHA,DISTRITO METROPOLITANO DE QUITO,001668,POMASQUI CENTRO,DE SALUD A,4,MEDICINA,132,-0.0571222364351502,-78.4548333698615
2456,Z09,17D03,PICHINCHA,DISTRITO METROPOLITANO DE QUITO,001669,SAN ANTONIO DE PICHINCHA CENTRO,DE SALUD A,9,MEDICINA,132,-0.00823385973118693,-78.445892720884
2457,Z09,17D03,PICHINCHA,DISTRITO METROPOLITANO DE QUITO,001658,COTOCOLLAO CENTRO,DE SALUD A,6,MEDICINA,132,-0.11195191762181,-78.4914778612484
2458,Z09,17D06,PICHINCHA,DISTRITO METROPOLITANO DE QUITO,001651,EL CARMEN CENTRO,DE SALUD A,1,MEDICINA,132,-0.273110141121876,-78.5361125211677
2459,Z09,17D06,PICHINCHA,DISTRITO METROPOLITANO DE QUITO,001625,FERROVIARIA ALTA,CENTRO DE SALUD A,2,MEDICINA,132,-0.258896192931941,-78.5116582031857
2460,Z09,17D06,PICHINCHA,DISTRITO METROPOLITANO DE QUITO,001629,LA FORESTAL,CENTRO DE SALUD A,1,MEDICINA,132,-0.254746082747479,-78.5047995990932
2461,Z09,17D06,PICHINCHA,DISTRITO METROPOLITANO DE QUITO,001738,ASISTENCIA SOCIAL,CENTRO DE SALUD A,3,MEDICINA,132,-0.294631950459549,-78.537050706592
2462,Z09,17D06,PICHINCHA,DISTRITO METROPOLITANO DE QUITO,001746,CHILLOGALLO,CENTRO DE SALUD A,3,MEDICINA,132,-0.276259222294121,-78.5531531546172
2463,Z09,17D06,PICHINCHA,DISTRITO METROPOLITANO DE QUITO,001744,CIUDADELA IBARRA,CENTRO DE SALUD A,2,MEDICINA,132,-0.295441844224739,-78.5614992329612
2464,Z09,17D06,PICHINCHA,DISTRITO METROPOLITANO DE QUITO,001740,EL ROCIO,CENTRO DE SALUD A,3,MEDICINA,132,-0.338702808787059,-78.5615250206349
2465,Z09,17D06,PICHINCHA,DISTRITO METROPOLITANO DE QUITO,001749,LA INMACULADA,CENTRO DE SALUD A,4,MEDICINA,132,-0.315372344731609,-78.5588101132503
2466,Z09,17D06,PICHINCHA,DISTRITO METROPOLITANO DE QUITO,001737,PUEBLO UNIDO,CENTRO DE SALUD A,2,MEDICINA,132,-0.297758053490604,-78.5310344276553
2467,Z09,17D06,PICHINCHA,DISTRITO METROPOLITANO DE QUITO,001769,CONOCOTO,CENTRO DE SALUD C,1,MEDICINA,133,-0.291759358,-78.47477847921
2468,Z09,17D06,PICHINCHA,DISTRITO METROPOLITANO DE QUITO,001772,EL TINGO,CENTRO DE SALUD A,1,MEDICINA,133,-0.285960357840583,-78.4400973472898
2469,Z09,17D06,PICHINCHA,DISTRITO METROPOLITANO DE QUITO,001774,LA MERCED,CENTRO DE SALUD A,1,MEDICINA,133,-0.292268933168579,-78.4005850962077
2470,Z09,17D06,PICHINCHA,DISTRITO METROPOLITANO DE QUITO,001770,ALANGASI,CENTRO DE SALUD A,1,MEDICINA,133,-0.308396335783448,-78.4157444874463
2471,Z09,17D06,PICHINCHA,DISTRITO METROPOLITANO DE QUITO,001704,CUMBAYA,CENTRO DE SALUD A,1,MEDICINA,133,-0.201369760196726,-78.428307605022
2472,Z09,17D06,PICHINCHA,DISTRITO METROPOLITANO DE QUITO,001706,TUMBACO,CENTRO DE SALUD B,2,MEDICINA,133,-0.215782175648226,-78.4083210641006
2473,Z09,17D06,PICHINCHA,DISTRITO METROPOLITANO DE QUITO,001709,PUEMBO,CENTRO DE SALUD A,1,MEDICINA,133,-0.177110425880964,-78.3576947472643
2474,Z09,17D06,PICHINCHA,DISTRITO METROPOLITANO DE QUITO,002840,YARUQUI,CENTRO DE SALUD A,1,MEDICINA,133,-0.161936,-78.315533
2475,Z09,17D06,PICHINCHA,DISTRITO METROPOLITANO DE QUITO,001735,GUAMANI,CENTRO DE SALUD C,4,MEDICINA,133,-0.32391175325927,-78.5485724401
2476,Z09,17D06,PICHINCHA,DISTRITO METROPOLITANO DE QUITO,001751,MARTHA BUCARAM,CENTRO DE SALUD A,2,MEDICINA,133,-0.302348863479429,-78.5666963742847
2477,Z09,17D06,PICHINCHA,DISTRITO METROPOLITANO DE QUITO,001777,CUENDINA,CENTRO DE SALUD A,1,MEDICINA,133,-0.375125585969946,-78.4818673590371
2478,6,04D05 MORONA,MORONA SANTIAGO,TAISHA,002972,CENTRO DE SALUD DE TAISHA (HOSPITAL BÁSICO SAN JOSÉ DE TAISHA),HOSPITAL BASICO,10,MEDICINA,133,-2.39551821412295,-77.5064577945036
2479,5,20D01,GALÁPAGOS,SANTA CRUZ,002887,HOSPITAL BÁSICO REPÚBLICA DEL ECUADOR,HOSPITAL BASICO,4,MEDICINA,133,-0.747007,-90.313859
2480,5,20D01,GALÁPAGOS,SAN CRISTOBAL,002876,HOSPITAL OSKAR JANDL,HOSPITAL BASICO,5,MEDICINA,134,-0.905125283880837,-89.6153364227047
2481,Z09,COORDINACION ZONAL 9,PICHINCHA,DISTRITO METROPOLITANO DE QUITO,001606,CENTRO HISTORICO,CENTRO DE SALUD C,1,MEDICINA,134,-0.223302216269908,-78.5146993323815
2482,Z09,COORDINACION ZONAL 9,PICHINCHA,DISTRITO METROPOLITANO DE QUITO,001618,LA TOLA,CENTRO DE SALUD B,1,MEDICINA,134,-0.224331066593648,-78.5055592754496
2483,Z09,COORDINACION ZONAL 9,PICHINCHA,DISTRITO METROPOLITANO DE QUITO,001621,LA VICENTINA,CENTRO DE SALUD B,1,MEDICINA,134,-0.217349,-78.484087
2484,Z09,COORDINACION ZONAL 9,PICHINCHA,DISTRITO METROPOLITANO DE QUITO,001634,PUENGASI 1,CENTRO DE SALUD A,1,MEDICINA,134,-0.250505360152357,-78.4965583963344
2485,Z09,COORDINACION ZONAL 9,PICHINCHA,DISTRITO METROPOLITANO DE QUITO,001647,CENTRO LA LIBERTAD,CENTRO DE SALUD B,1,MEDICINA,134,-0.228185021785018,-78.5255443442998
2486,Z09,COORDINACION ZONAL 9,PICHINCHA,DISTRITO METROPOLITANO DE QUITO,001649,LA LIBERTAD,CENTRO DE SALUD A,1,MEDICINA,134,-0.217845002735911,-78.5279073869953
2487,Z09,COORDINACION ZONAL 9,PICHINCHA,DISTRITO METROPOLITANO DE QUITO,002123,LA ERMITA,CENTRO DE SALUD A,1,MEDICINA,134,-0.222227815128413,-78.5218462625274
2488,Z06,01D01,AZUAY,CUENCA,000008,TOTORACOCHA,CENTRO DE SALUD TIPO B,2,MEDICINA,134,-2.89413554561448,-78.9778619456658
2489,Z06,03D01,CAÑAR,AZOGUES,000165,CENTRO DE SALUD TIPO C DR. VICTOR MIGUEL CRESPO OCHOA,CENTRO DE SALUD TIPO C,2,MEDICINA,134,-2.74525694576324,-78.847893147288
2490,Z08,09D04,GUAYAS,GUAYAQUIL,000774,CENTRO DE SALUD N. 6,CENTRO DE SALUD TIPO B,2,MEDICINA,134,-2.20141128125563,-79.9172035515057
2491,Z08,09D03,GUAYAS,GUAYAQUIL,000775,CENTRO DE SALUD N. 12,CENTRO DE SALUD TIPO B,2,MEDICINA,134,-2.19718104033123,-79.9090511377745
2492,Z08,09D03,GUAYAS,GUAYAQUIL,000776,BARRIO LINDO,CENTRO DE SALUD TIPO B,2,MEDICINA,134,-2.20954042021249,-79.9133671791335
2493,Z08,09D03,GUAYAS,GUAYAQUIL,000778,CENTRO DE SALUD N. 1,CENTRO DE SALUD TIPO B,2,MEDICINA,134,-2.18383790683116,-79.8832460225526
2494,Z08,09D03,GUAYAS,GUAYAQUIL,000779,CENTRO DE SALUD N. 9,CENTRO DE SALUD TIPO B,1,MEDICINA,134,-2.19137807964723,-79.9025543919651
2495,Z08,09D05,GUAYAS,GUAYAQUIL,000784,CENTRO DE SALUD SAUCES III,CENTRO DE SALUD TIPO B,1,MEDICINA,134,-2.12884596832257,-79.889382154193
2496,Z08,09D07,GUAYAS,GUAYAQUIL,000785,LOS VERGELES,CENTRO DE SALUD TIPO B,2,MEDICINA,135,-2.09416756924872,-79.9049702670132
2497,Z08,09D07,GUAYAS,GUAYAQUIL,000786,LAS ORQUIDEAS,CENTRO DE SALUD TIPO B,2,MEDICINA,135,-2.0845688510538,-79.9159459679055
2498,Z08,09D05,GUAYAS,GUAYAQUIL,000787,FRANCISCO DE ORELLANA,CENTRO DE SALUD TIPO B,2,MEDICINA,135,-2.116383,-79.906178
2499,Z08,09D06,GUAYAS,GUAYAQUIL,000789,MATERNO MARTHA DE ROLDOS - 24 HD,CENTRO DE SALUD TIPO C,2,MEDICINA,135,-2.1452241959538,-79.9227553137489
2500,Z08,09D06,GUAYAS,GUAYAQUIL,000795,CENTRO DE SALUD N. 7,CENTRO DE SALUD TIPO B,2,MEDICINA,135,-2.15782401304302,-79.9345702995717
2501,Z01,08D01,ESMERALDAS,ESMERALDAS,000608,CENTRO DE SALUD N. 1,CENTRO DE SALUD TIPO B,2,MEDICINA,135,0.951367,-79.651452
2502,Z01,08D01,ESMERALDAS,ESMERALDAS,000621,CENTRO DE SALUD N. 2,CENTRO DE SALUD TIPO B,2,MEDICINA,135,0.967042,-79.651229
2503,Z08,09D02,GUAYAS,GUAYAQUIL,000747,CENTRO DE SALUD CAMINO AL SOL,CENTRO DE SALUD TIPO B,2,MEDICINA,135,-2.23889522896314,-79.9160792501369
2504,Z08,09D02,GUAYAS,GUAYAQUIL,000748,CENTRO DE SALUD FERTISA,CENTRO DE SALUD TIPO B,2,MEDICINA,135,-2.25697505176673,-79.901139125229
2505,Z08,09D01,GUAYAS,GUAYAQUIL,000754,CENTRO DE SALUD N. 3,CENTRO DE SALUD TIPO B,2,MEDICINA,135,-2.21901767061106,-79.8978763956857
2506,Z08,09D03,GUAYAS,GUAYAQUIL,000758,CENTRO DE SALUD N. 14,CENTRO DE SALUD TIPO B,2,MEDICINA,135,-2.21388753836701,-79.9082386988208
2507,Z08,09D06,GUAYAS,GUAYAQUIL,000805,MATERNO INFANTIL FRANCISCO JACOME - 24 HD,CENTRO DE SALUD TIPO C,2,MEDICINA,135,-2.12856737006538,-79.9431323198612
2508,Z08,09D07,GUAYAS,GUAYAQUIL,000812,MATERNO INFANTIL BASTION POPULAR 24 - HD,CENTRO DE SALUD TIPO C,2,MEDICINA,135,-2.0935475131918,-79.9238250114266
2509,Z08,09D07,GUAYAS,GUAYAQUIL,000814,BASTION POPULAR 1,CENTRO DE SALUD TIPO B,2,MEDICINA,135,-2.08517745084961,-79.9328128010632
2510,Z08,09D07,GUAYAS,GUAYAQUIL,000816,BASTION POPULAR 3,CENTRO DE SALUD TIPO B,2,MEDICINA,135,-2.07938422381041,-79.9269005846446
2511,Z04,13D01,MANABI,PORTOVIEJO,001364,PICOAZA,CENTRO DE SALUD TIPO B,2,MEDICINA,135,-1.03553159074461,-80.4924427046402
2512,Z06,01D01,AZUAY,CUENCA,000102,CENTRO DE SALUD TIPO B - MARIANO ESTRELLA,CENTRO DE SALUD TIPO B,2,MEDICINA,135,-2.880694,-79.008774
2513,Z01,08D03,ESMERALDAS,ATACAMES,000642,ATACAMES - 24 HS,CENTRO DE SALUD TIPO B,2,MEDICINA,135,0.871584262936128,-79.8458677792085
2514,Z08,09D04,GUAYAS,GUAYAQUIL,000760,CENTRO DE SALUD N. 11,CENTRO DE SALUD TIPO B,2,MEDICINA,135,-2.2030476983265,-79.9410845208217
2515,Z08,09D04,GUAYAS,GUAYAQUIL,000761,CENTRO DE SALUD CISNE II,CENTRO DE SALUD TIPO C,2,MEDICINA,136,-2.22162004454433,-79.9185466694284
2516,Z08,09D04,GUAYAS,GUAYAQUIL,000762,CENTRO DE SALUD N. 8,CENTRO DE SALUD TIPO B,2,MEDICINA,136,-2.19513961666821,-79.9254085045809
2517,Z08,09D04,GUAYAS,GUAYAQUIL,000763,INDIO GUAYAS,CENTRO DE SALUD TIPO B,2,MEDICINA,136,-2.21871494170123,-79.9288894111256
2518,Z08,09D04,GUAYAS,GUAYAQUIL,000764,COLMENA,CENTRO DE SALUD TIPO B,2,MEDICINA,136,-2.23045487302717,-79.9271904575784
2519,Z08,09D04,GUAYAS,GUAYAQUIL,000765,HUERFANITOS,CENTRO DE SALUD TIPO B,2,MEDICINA,136,-2.22275682158578,-79.9268363496026
2520,Z08,09D04,GUAYAS,GUAYAQUIL,000766,SANTIAGO DE GUAYAQUIL,CENTRO DE SALUD TIPO B,2,MEDICINA,136,-2.22000197562033,-79.9449390237985
2521,Z08,09D04,GUAYAS,GUAYAQUIL,000767,28 DE FEBRERO,CENTRO DE SALUD TIPO B,2,MEDICINA,136,-2.2293056948209,-79.939069647836
2522,Z08,09D04,GUAYAS,GUAYAQUIL,000768,HEROES DEL 41,CENTRO DE SALUD TIPO B,2,MEDICINA,136,-2.23245381664457,-79.9394090871728
2523,Z08,09D04,GUAYAS,GUAYAQUIL,000770,MARISCAL SUCRE,CENTRO DE SALUD TIPO B,2,MEDICINA,136,-2.23361564585048,-79.9449203479327
2524,Z08,09D04,GUAYAS,GUAYAQUIL,000771,SAN FRANCISCO DE ASIS,CENTRO DE SALUD TIPO B,2,MEDICINA,136,-2.22355850524467,-79.9346227576508
2525,Z08,09D04,GUAYAS,GUAYAQUIL,000772,SAN JOSE,CENTRO DE SALUD TIPO B,2,MEDICINA,136,-2.2140633790448,-79.9384510945461
2526,Z08,09D24,GUAYAS,DURAN,000843,MATERNO INFANTIL ALFONSO ORAMAS - 24 HD,CENTRO DE SALUD TIPO C,2,MEDICINA,136,-2.17360184334848,-79.8283522305327
2527,Z04,13D07,MANABI,CHONE,001248,CHONE,CENTRO DE SALUD TIPO C,2,MEDICINA,136,-0.706498,-80.106742
2528,Z04,13D02,MANABI,MANTA,001251,MANTA,CENTRO DE SALUD TIPO C,2,MEDICINA,136,-0.953437,-80.735535
2529,Z04,13D02,MANABI,MANTA,001252,CUBA LIBRE-24H,CENTRO DE SALUD TIPO B,2,MEDICINA,136,-0.980153718166911,-80.7036921570966
2530,Z04,13D01,MANABI,PORTOVIEJO,001258,ANDRES DE VERA-24H,CENTRO DE SALUD TIPO C,2,MEDICINA,136,-1.06549750759772,-80.4543740739157
2531,Z06,01D02,AZUAY,CUENCA,000033,CENTRO DE SALUD N. 4,CENTRO DE SALUD TIPO C,2,MEDICINA,136,-2.920289,-79.043822
2532,Z01,10D01,IMBABURA,IBARRA,000956,CENTRO DE SALUD N. 1,CENTRO DE SALUD TIPO B,1,MEDICINA,136,0.351404,-78.115737
2533,Z01,08D01,ESMERALDAS,ESMERALDAS,021327,CENTRO DE SALUD TIPO C LAS PALMAS,CENTRO DE SALUD TIPO C,2,MEDICINA,136,0.985694,-79.654500
2534,Z01,08D04,ESMERALDAS,QUININDE,038012,CENTRO DE SALUD NUEVO QUININDE,CENTRO DE SALUD TIPO B,2,MEDICINA,137,0.330055,-79.460969
2535,Z06,03D03,CAÑAR,LA TRONCAL,048775,CENTRO DE SALUD TIPO C LA TRONCAL,CENTRO DE SALUD TIPO C,2,MEDICINA,137,-2.438593,-79.329717
2536,Z06,01D01,AZUAY,CUENCA,000010,RICAURTE,CENTRO DE SALUD TIPO B,2,MEDICINA,137,-2.85981266574288,-78.9617274505314
2537,Z06,01D01,AZUAY,CUENCA,000018,CENTRO DE SALUD N. 2,CENTRO DE SALUD TIPO B,1,MEDICINA,137,-2.887961,-79.007674
2538,Z06,01D02,AZUAY,CUENCA,000035,VIRGEN DEL MILAGRO,CENTRO DE SALUD TIPO B,1,MEDICINA,137,-2.885633,-79.042235
2539,Z01,21D04,SUCUMBIOS,SHUSHUFINDI,002798,CENTRO URBANO SHUSHUFINDI,CENTRO DE SALUD TIPO B,2,MEDICINA,137,-0.186518389394971,-76.644537232887
2540,Z02,15D01,NAPO,TENA,002806,CENTRO DE SALUD SATELITAL,CENTRO DE SALUD TIPO B,2,MEDICINA,137,-0.992175,-77.816602
2541,Z08,09D04,GUAYAS,GUAYAQUIL,000773,CENTRO DE SALUD N. 13,CENTRO DE SALUD TIPO B,2,MEDICINA,137,-2.19905719716915,-79.9141390764774
2542,Z01,21D02,SUCUMBIOS,LAGO AGRIO,001954,SAN VALENTIN,CENTRO DE SALUD TIPO B,2,MEDICINA,137,0.0944839999743499,-76.8753970000824
2543,Z01,21D02,SUCUMBIOS,LAGO AGRIO,001989,ABDON CALDERON,CENTRO DE SALUD TIPO B,2,MEDICINA,137,0.09122799999926,-76.8936030000398
2544,Z04,23D01 SANTO DOMINGO,DOMINGO DE LOS TSACHILAS,SANTO DOMINGO,002051,SANTA MARTHA,CENTRO DE SALUD TIPO B,2,MEDICINA,137,-0.279520036385111,-79.1836767488471
2545,Z04,23D01 SANTO DOMINGO,DOMINGO DE LOS TSACHILAS,SANTO DOMINGO,002053,RUMIÑAHUI,CENTRO DE SALUD TIPO B,2,MEDICINA,137,-0.269653025298449,-79.1744714035822
2546,Z04,23D01 SANTO DOMINGO,DOMINGO DE LOS TSACHILAS,SANTO DOMINGO,002055,ASISTENCIA MUNICIPAL,CENTRO DE SALUD TIPO B,2,MEDICINA,137,-0.265825648768208,-79.1589596882844
2547,Z04,23D01 SANTO DOMINGO,DOMINGO DE LOS TSACHILAS,SANTO DOMINGO,002057,AUGUSTO EGAS,CENTRO DE SALUD TIPO C,2,MEDICINA,137,-0.254931070645218,-79.1712758611867
2548,Z04,23D02 SANTO DOMINGO,DOMINGO DE LOS TSACHILAS,SANTO DOMINGO,002061,AREA DE SALUD N 22 LOS ROSALES,CENTRO DE SALUD TIPO C,2,MEDICINA,137,-0.242734133508248,-79.1832778271818
2549,Z04,13D02,MANABI,MANTA,002733,URBIRIOS,CENTRO DE SALUD TIPO B,2,MEDICINA,137,-0.982462214311116,-80.7206342319552
2550,Z04,23D03 SANTO DOMINGO,DOMINGO DE LOS TSACHILAS,LA CONCORDIA,002742,LA CONCORDIA,CENTRO DE SALUD TIPO C,2,MEDICINA,137,0.00268599150215401,-79.3954836104036
2551,Z06,01D02,AZUAY,CUENCA,002976,PARQUE IBERIA,CENTRO DE SALUD TIPO B,2,MEDICINA,137,-2.91016743704012,-79.0243351589405
2552,Z01,08D01,ESMERALDAS,ESMERALDAS,020871,CENTRO DE SALUD SAN RAFAEL,CENTRO DE SALUD TIPO C,2,MEDICINA,137,0.916467209659626,-79.6928139932507
2553,Z06,03D02,CAÑAR,CAÑAR,000191,CENTRO DE SALUD DE CAÑAR,CENTRO DE SALUD TIPO B,2,MEDICINA,138,-2.55399518060654,-78.9379030158469
2554,Z01,04D01,CARCHI,TULCAN,000278,CENTRO DE SALUD N. 1,CENTRO DE SALUD TIPO B,2,MEDICINA,138,0.816905,-77.720468
2555,Z08,09D02,GUAYAS,GUAYAQUIL,000746,CENTRO DE SALUD TRINITARIA,CENTRO DE SALUD TIPO B,2,MEDICINA,138,-2.24033613563996,-79.9196659855053
2556,Z04,13D02,MANABI,JARAMIJO,001298,JARAMIJO,CENTRO DE SALUD TIPO B,2,MEDICINA,138,-0.959356918838595,-80.6375164328151
2557,Z04,13D02,MANABI,MANTA,001308,MARIA AUXILIADORA,CENTRO DE SALUD TIPO B,2,MEDICINA,138,-0.975332179626218,-80.7105503649674
2558,Z04,13D02,MANABI,MANTA,001311,ALTAMIRA,CENTRO DE SALUD TIPO B,2,MEDICINA,138,-0.969278418266955,-80.6968802783967
2559,Z04,13D02,MANABI,MONTECRISTI,001318,MONSEÑOR LEONIDAS PROAÑO,CENTRO DE SALUD TIPO B,2,MEDICINA,138,-0.999179439961181,-80.6986032709095
2560,Z01,04D01,CARCHI,TULCAN,002996,BABOSO,PUESTO DE SALUD,1,ODONTOLOGIA,138,0.893280129492066,-78.44851127975
2561,Z01,04D01,CARCHI,TULCAN,000288,CHICAL,CENTRO DE SALUD A,1,ODONTOLOGIA,138,0.936750766371475,-78.1862325313026
2562,Z01,04D01,CARCHI,TULCAN,000284,EL CARMELO,CENTRO DE SALUD A,1,ODONTOLOGIA,138,0.670826517587276,-77.5926273164787
2563,Z01,04D01,CARCHI,SAN PEDRO DE HUACA,000242,HUACA,CENTRO DE SALUD A,1,ODONTOLOGIA,138,0.641174,-77.725203
2564,Z01,04D01,CARCHI,TULCAN,000241,PIOTER,CENTRO DE SALUD A,1,ODONTOLOGIA,138,0.643819214578424,-77.7832385306928
2565,Z01,04D01,CARCHI,TULCAN,002994,SAN MARCOS,CENTRO DE SALUD A,1,ODONTOLOGIA,138,1.09736123322,-78.2724239770367
2566,Z01,04D01,CARCHI,TULCAN,000240,SANTA MARTHA DE CUBA,CENTRO DE SALUD A,1,ODONTOLOGIA,138,0.638170955414676,-77.7506408803729
2567,Z01,04D01,CARCHI,TULCAN,000281,TAJAMAR,CENTRO DE SALUD A,1,ODONTOLOGIA,138,0.806197102,-77.7170736588
2568,Z01,04D02,CARCHI,BOLIVAR,000236,BOLIVAR,CENTRO DE SALUD A,1,ODONTOLOGIA,138,0.501174364163741,-77.910695138059
2569,Z01,04D02,CARCHI,BOLIVAR,000248,CALDERA,CENTRO DE SALUD A,1,ODONTOLOGIA,138,0.433255566929673,-77.9329661315492
2570,Z01,04D02,CARCHI,MONTUFAR,000253,CRISTOBAL COLON,CENTRO DE SALUD A,1,ODONTOLOGIA,138,0.60635373979,-77.8140828
2571,Z01,04D02,CARCHI,BOLIVAR,000261,GARCIA MORENO,CENTRO DE SALUD A,1,ODONTOLOGIA,138,0.559434666765192,-77.9507478840999
2572,Z01,04D02,CARCHI,BOLIVAR,000247,LOS ANDES,CENTRO DE SALUD A,1,ODONTOLOGIA,139,0.497178583677356,-77.9380635422938
2573,Z01,04D02,CARCHI,BOLIVAR,000249,PUEBLO NUEVO,PUESTO DE SALUD,1,ODONTOLOGIA,139,0.407958540893302,-77.9026652270267
2574,Z01,04D02,CARCHI,BOLIVAR,000244,PUSIR GRANDE,PUESTO DE SALUD,1,ODONTOLOGIA,139,0.459396977798966,-77.9929111481541
2575,Z01,04D02,CARCHI,MONTUFAR,000290,SAN PEDRO ALTO,PUESTO DE SALUD,1,ODONTOLOGIA,139,0.5637893910,-77.746184003
2576,Z01,04D03,CARCHI,ESPEJO,000239,CORAZON DE MUNDO NUEVO,PUESTO DE SALUD,1,ODONTOLOGIA,139,0.708573071010532,-78.1688614627185
2577,Z01,04D03,CARCHI,ESPEJO,000257,LA LIBERTAD,CENTRO DE SALUD A,1,ODONTOLOGIA,139,0.650847637719988,-77.9447210053403
2578,Z01,04D03,CARCHI,MIRA,000238,MASCARILLA,CENTRO DE SALUD A,1,ODONTOLOGIA,139,0.486494460171892,-78.0726216469069
2579,Z01,04D03,CARCHI,MIRA,000271,SAN JUAN DE LACHAS,CENTRO DE SALUD B,1,ODONTOLOGIA,139,0.7486022024,-78.24362583
2580,Z01,08D01,ESMERALDAS,ESMERALDAS,000631,CAMARONES,CENTRO DE SALUD A,1,ODONTOLOGIA,139,0.993206209714272,-79.5630101109361
2581,Z01,08D01,ESMERALDAS,RIOVERDE,000639,CAPULI,PUESTO DE SALUD,1,ODONTOLOGIA,139,0.75901043,-79.36686956
2582,Z01,08D01,ESMERALDAS,ESMERALDAS,000618,CARLOS CONCHA,CENTRO DE SALUD A,1,ODONTOLOGIA,139,0.710583997,-79.689235430
2583,Z01,08D01,ESMERALDAS,ESMERALDAS,000612,CHAFLU,CENTRO DE SALUD A,1,ODONTOLOGIA,139,0.739283064,-79.582706047
2584,Z01,08D01,ESMERALDAS,RIOVERDE,000632,CHONTADURO,CENTRO DE SALUD A,1,ODONTOLOGIA,139,0.930385,-79.435101
2585,Z01,08D01,ESMERALDAS,RIOVERDE,000633,CHUMUNDE,CENTRO DE SALUD A,1,ODONTOLOGIA,139,0.8326711213,-79.41874963
2586,Z01,08D01,ESMERALDAS,RIOVERDE,000641,CHUNGUILLO,PUESTO DE SALUD,1,ODONTOLOGIA,139,1.0091600000302,-79.381129999991
2587,Z01,08D01,ESMERALDAS,RIOVERDE,000634,LAGARTO,CENTRO DE SALUD A,1,ODONTOLOGIA,139,1.0443391441,-79.285553450
2588,Z01,08D01,ESMERALDAS,ESMERALDAS,000619,MAJUA,CENTRO DE SALUD A,1,ODONTOLOGIA,139,0.703805112,-79.52884135
2589,Z01,08D01,ESMERALDAS,RIOVERDE,000635,MONTALVO,CENTRO DE SALUD A,1,ODONTOLOGIA,139,1.04925482096,-79.3126858183
2590,Z01,08D01,ESMERALDAS,RIOVERDE,000640,PROGRESO,PUESTO DE SALUD,1,ODONTOLOGIA,139,0.960959999979283,-79.3337599999942
2591,Z01,08D01,ESMERALDAS,RIOVERDE,000630,RIO VERDE,CENTRO DE SALUD C,1,ODONTOLOGIA,140,1.06625291882525,-79.4067080302073
2592,Z01,08D01,ESMERALDAS,RIOVERDE,000636,ROCAFUERTE,CENTRO DE SALUD A,1,ODONTOLOGIA,140,1.06824999998901,-79.37305999999
2593,Z01,08D01,ESMERALDAS,ESMERALDAS,000613,SAN MATEO,CENTRO DE SALUD A,1,ODONTOLOGIA,140,0.8910560989,-79.6309321616
2594,Z01,08D01,ESMERALDAS,ESMERALDAS,000615,TACHINA,CENTRO DE SALUD A,1,ODONTOLOGIA,140,0.9613650104,-79.626213509
2595,Z01,08D02,ESMERALDAS,ELOY ALFARO,000676,ATAHUALPA,PUESTO DE SALUD,1,ODONTOLOGIA,140,0.857730000032459,-78.9605699999964
2596,Z01,08D02,ESMERALDAS,ELOY ALFARO,000685,COLON ELOY,CENTRO DE SALUD A,1,ODONTOLOGIA,140,1.02306000002489,-78.906079999986
2597,Z01,08D02,ESMERALDAS,ELOY ALFARO,000692,LAS PEÑAS,CENTRO DE SALUD A,1,ODONTOLOGIA,140,1.09720317626716,-79.1605214998884
2598,Z01,08D02,ESMERALDAS,ELOY ALFARO,000678,MALDONADO,CENTRO DE SALUD A,1,ODONTOLOGIA,140,1.07061749093495,-78.9076847208906
2599,Z01,08D02,ESMERALDAS,ELOY ALFARO,000690,PAMPANAL DE BOLIVAR,CENTRO DE SALUD A,1,ODONTOLOGIA,140,1.3526281145839,-78.8942360491495
2600,Z01,08D02,ESMERALDAS,ELOY ALFARO,000683,SANTO DOMINGO DE ONZOLE,CENTRO DE SALUD A,1,ODONTOLOGIA,140,0.802289999974604,-79.0678299999779
2601,Z01,08D02,ESMERALDAS,ELOY ALFARO,000687,TIMBIRE,CENTRO DE SALUD A,1,ODONTOLOGIA,140,0.961799999974408,-78.8631599999817
2602,Z01,08D03,ESMERALDAS,MUISNE,000700,BOCA DEL CANUTO,CENTRO DE SALUD A,1,ODONTOLOGIA,140,0.573830000018539,-79.895650000037
2603,Z01,08D03,ESMERALDAS,MUISNE,000698,PEDRO CARBO,PUESTO DE SALUD,1,ODONTOLOGIA,140,0.372349999983462,-79.9744100000321
2604,Z01,08D03,ESMERALDAS,MUISNE,000701,SALIMA,PUESTO DE SALUD,1,ODONTOLOGIA,140,0.32862999996635,-79.9619400000368
2605,Z01,08D03,ESMERALDAS,ATACAMES,000648,SAN CARLOS TONSUPA,CENTRO DE SALUD A,1,ODONTOLOGIA,140,0.888159999996088,-79.8208400000277
2606,Z01,08D03,ESMERALDAS,MUISNE,000697,SAN MIGUEL DE BILSA,PUESTO DE SALUD,1,ODONTOLOGIA,140,0.629590000027993,-79.9033400000441
2607,Z01,08D03,ESMERALDAS,ATACAMES,000646,SUA,CENTRO DE SALUD A,1,ODONTOLOGIA,140,0.863869999984834,-79.8694800000158
2608,Z01,08D04,ESMERALDAS,QUININDE,002759,CHURA,CENTRO DE SALUD A,1,ODONTOLOGIA,140,0.585805827575769,-79.4836936454403
2609,Z01,08D04,ESMERALDAS,QUININDE,004315,CRISTOBAL COLON,CENTRO DE SALUD A,1,ODONTOLOGIA,140,0.45666,-79.159877
2610,Z01,08D04,ESMERALDAS,QUININDE,000658,LA T,CENTRO DE SALUD A,1,ODONTOLOGIA,141,0.418618,-79.197455
2611,Z01,08D04,ESMERALDAS,QUININDE,000653,LA Y DE LA LAGUNA,CENTRO DE SALUD A,1,ODONTOLOGIA,141,0.386040000033999,-79.6379299999866
2612,Z01,08D04,ESMERALDAS,QUININDE,000650,UNION Y PROGRESO LA 5TA,CENTRO DE SALUD A,1,ODONTOLOGIA,141,0.289469999979401,-79.3114200000181
2613,Z01,08D05,ESMERALDAS,SAN LORENZO,000674,ALTO TAMBO,CENTRO DE SALUD A,1,ODONTOLOGIA,141,0.917909999968231,-78.5408599999774
2614,Z01,08D05,ESMERALDAS,SAN LORENZO,000668,CALDERON,CENTRO DE SALUD A,1,ODONTOLOGIA,141,1.170237,-78.767004
2615,Z01,08D05,ESMERALDAS,SAN LORENZO,000665,SAN FRANCISCO DE BOGOTA,CENTRO DE SALUD A,1,ODONTOLOGIA,141,1.09425899996735,-78.7010050000296
2616,Z01,10D02,IMBABURA,OTAVALO,000997,AGATO,CENTRO DE SALUD A,1,ODONTOLOGIA,141,0.24412,-78.231573
2617,Z01,10D02,IMBABURA,ANTONIO ANTE,000983,CHALTURA,CENTRO DE SALUD A,1,ODONTOLOGIA,141,0.3546912526,-78.19560769
2618,Z01,10D02,IMBABURA,OTAVALO,000998,EUGENIO ESPEJO,CENTRO DE SALUD A,1,ODONTOLOGIA,141,0.210647629729123,-78.2458389152219
2619,Z01,10D02,IMBABURA,OTAVALO,000999,ILUMAN,CENTRO DE SALUD A,1,ODONTOLOGIA,141,0.268474,-78.236414
2620,Z01,10D02,IMBABURA,ANTONIO ANTE,000986,IMBAYA,CENTRO DE SALUD A,1,ODONTOLOGIA,141,0.372330071889941,-78.1492614891625
2621,Z01,10D02,IMBABURA,OTAVALO,001006,LA COMPANIA,CENTRO DE SALUD A,1,ODONTOLOGIA,141,0.22071013806216,-78.2219422678526
2622,Z01,10D02,IMBABURA,OTAVALO,001003,PATAQUI,PUESTO DE SALUD,1,ODONTOLOGIA,141,0.176153838747667,-78.3675249235562
2623,Z01,10D02,IMBABURA,OTAVALO,000953,PEGUCHE,CENTRO DE SALUD A,1,ODONTOLOGIA,141,0.248520979943029,-78.246585679654
2624,Z01,10D02,IMBABURA,OTAVALO,001000,PUNYARO,CENTRO DE SALUD A,1,ODONTOLOGIA,141,0.221821377828281,-78.26872684931
2625,Z01,10D02,IMBABURA,OTAVALO,001001,QUICHINCHE,CENTRO DE SALUD A,1,ODONTOLOGIA,141,0.237351050792495,-78.2897471576647
2626,Z01,10D02,IMBABURA,OTAVALO,001004,SAN PABLO,CENTRO DE SALUD B,1,ODONTOLOGIA,141,0.193378159839687,-78.1901359295508
2627,Z01,10D02,IMBABURA,OTAVALO,001007,SAN RAFAEL,CENTRO DE SALUD A,1,ODONTOLOGIA,141,0.192191002558649,-78.2243887404855
2628,Z01,10D02,IMBABURA,ANTONIO ANTE,000985,SAN ROQUE,CENTRO DE SALUD A,1,ODONTOLOGIA,141,0.306993867682573,-78.2303518382822
2629,Z01,10D02,IMBABURA,OTAVALO,001002,SELVA ALEGRE,CENTRO DE SALUD A,1,ODONTOLOGIA,142,0.247826571593191,-78.5751114887049
2630,Z01,10D03,IMBABURA,COTACACHI,000989,APUELA,CENTRO DE SALUD A,1,ODONTOLOGIA,142,0.3573459024,-78.511428845
2631,Z01,10D03,IMBABURA,COTACACHI,000955,CHALGUAYACU,PUESTO DE SALUD,1,ODONTOLOGIA,142,0.262065999989222,-78.6728630000345
2632,Z01,10D03,IMBABURA,COTACACHI,000991,GARCIA MORENO,CENTRO DE SALUD A,1,ODONTOLOGIA,142,0.233291747082117,-78.6285744116765
2633,Z01,10D03,IMBABURA,COTACACHI,000987,IMANTAG,CENTRO DE SALUD A,1,ODONTOLOGIA,142,0.360875704178013,-78.24735604241
2634,Z01,10D03,IMBABURA,COTACACHI,002116,LAS GOLONDRINAS,CENTRO DE SALUD A,1,ODONTOLOGIA,142,0.319837315264828,-79.2106173311358
2635,Z01,10D03,IMBABURA,COTACACHI,000993,PLAZA GUTIERREZ,PUESTO DE SALUD,1,ODONTOLOGIA,142,0.353462567286603,-78.4903128941418
2636,Z01,21D02,SUCUMBIOS,LAGO AGRIO,001990,10 DE AGOSTO,PUESTO DE SALUD,1,ODONTOLOGIA,142,0.184636999961894,-76.8812070000847
2637,Z01,21D02,SUCUMBIOS,LAGO AGRIO,002775,AEROPUERTO,PUESTO DE SALUD,1,ODONTOLOGIA,142,0.0968041750192956,-76.856493577444
2638,Z01,21D02,SUCUMBIOS,CASCALES,001973,CASCALES,CENTRO DE SALUD B,1,ODONTOLOGIA,142,0.0785260000221042,-77.2106930000007
2639,Z01,21D02,SUCUMBIOS,LAGO AGRIO,001991,EL CONDOR,PUESTO DE SALUD,1,ODONTOLOGIA,142,0.208231999999592,-76.9264690000872
2640,Z01,21D02,SUCUMBIOS,LAGO AGRIO,001997,EL ENO,CENTRO DE SALUD A,1,ODONTOLOGIA,142,-0.0666879999563783,-76.8807670000749
2641,Z01,21D02,SUCUMBIOS,LAGO AGRIO,001986,GENERAL FARFAN,CENTRO DE SALUD A,1,ODONTOLOGIA,142,0.234835999958342,-76.8457520000754
2642,Z01,21D02,SUCUMBIOS,LAGO AGRIO,001963,JAMBELI,CENTRO DE SALUD A,1,ODONTOLOGIA,142,0.0825830000309621,-77.0779890000199
2643,Z01,21D02,SUCUMBIOS,GONZALO PIZARRO,001974,LUMBAQUI,CENTRO DE SALUD A,1,ODONTOLOGIA,142,0.0465370000261067,-77.3302020000179
2644,Z01,21D02,SUCUMBIOS,PUTUMAYO,001967,PALMA ROJA,CENTRO DE SALUD A,1,ODONTOLOGIA,142,0.12257000003494,-76.0524170004259
2645,Z01,21D02,SUCUMBIOS,LAGO AGRIO,001987,PUERTO AGUARICO,CENTRO DE SALUD A,1,ODONTOLOGIA,142,0.0568860000108227,-76.8788540000256
2646,Z01,21D02,SUCUMBIOS,SUCUMBIOS,001958,SANTA BARBARA,CENTRO DE SALUD A,1,ODONTOLOGIA,142,0.646251000041727,-77.5230690000029
2647,Z01,21D02,SUCUMBIOS,LAGO AGRIO,001952,SANTA CECILIA,CENTRO DE SALUD A,1,ODONTOLOGIA,142,0.0816659999598527,-76.9897860000106
2648,Z01,21D02,SUCUMBIOS,CASCALES,001962,SEVILLA,CENTRO DE SALUD A,1,ODONTOLOGIA,143,0.0856819999886904,-77.124527000022
2649,Z01,21D02,SUCUMBIOS,CUYABENO,001969,TARAPOA,CENTRO DE SALUD B,1,ODONTOLOGIA,143,-0.125949000027764,-76.342140000284
2650,Z01,21D02,SUCUMBIOS,PUTUMAYO,001968,UNION Y PROGRESO,CENTRO DE SALUD A,1,ODONTOLOGIA,143,0.150366000016862,-76.2596910003165
2651,Z01,21D04,SUCUMBIOS,SHUSHUFINDI,001983,18 DE NOVIEMBRE,PUESTO DE SALUD,1,ODONTOLOGIA,143,-0.260625999992941,-76.6511920001027
2652,Z01,21D04,SUCUMBIOS,SHUSHUFINDI,003097,LA PRIMAVERA,PUESTO DE SALUD,1,ODONTOLOGIA,143,-0.0840055914878826,-76.6458
2653,Z01,21D04,SUCUMBIOS,SHUSHUFINDI,001984,LA VICTORIA,CENTRO DE SALUD A,1,ODONTOLOGIA,143,-0.238614000003612,-76.6461040001223
2654,Z01,21D04,SUCUMBIOS,SHUSHUFINDI,001976,MISS ECUADOR,CENTRO DE SALUD A,1,ODONTOLOGIA,143,,
2655,Z01,21D04,SUCUMBIOS,SHUSHUFINDI,001977,NUEVA VIDA,PUESTO DE SALUD,1,ODONTOLOGIA,143,-0.322509000021219,-76.4873510001644
2656,Z01,21D04,SUCUMBIOS,SHUSHUFINDI,001980,SAN PABLO DE KANTESDEYA,PUESTO DE SALUD,1,ODONTOLOGIA,143,-0.259594999976815,-76.4272310002194
2657,Z01,21D04,SUCUMBIOS,SHUSHUFINDI,001995,SAN PEDRO DE LOS COFANES,PUESTO DE SALUD,1,ODONTOLOGIA,143,-0.139833999957332,-76.8513370000781
2658,Z01,21D04,SUCUMBIOS,SHUSHUFINDI,001955,SHUSHUFINDI PROYECTO (JIVINO VERDE),PUESTO DE SALUD,1,ODONTOLOGIA,143,-0.179649999982482,-76.8351640000343
2659,Z01,21D04,SUCUMBIOS,SHUSHUFINDI,001996,SIETE DE JULIO,CENTRO DE SALUD A,1,ODONTOLOGIA,143,-0.182784,-76.794123
2660,Z01,COORDINACION ZONAL 1,IMBABURA,SAN MIGUEL DE URCUQUI,000978,BUENOS AIRES,CENTRO DE SALUD A,1,ODONTOLOGIA,143,0.616815217449341,-78.3162316785118
2661,Z01,COORDINACION ZONAL 1,IMBABURA,IBARRA,000960,CARPUELA,CENTRO DE SALUD A,1,ODONTOLOGIA,143,0.441833,-77.997267
2662,Z01,COORDINACION ZONAL 1,IMBABURA,SAN MIGUEL DE URCUQUI,000976,CENTRO DE SALUD DR. JUAN MARTIN MOREIRA,CENTRO DE SALUD B,1,ODONTOLOGIA,143,0.418575,-78.193829
2663,Z01,COORDINACION ZONAL 1,IMBABURA,IBARRA,000963,LA ESPERANZA,CENTRO DE SALUD A,1,ODONTOLOGIA,143,0.297205848073548,-78.1200857136402
2664,Z01,COORDINACION ZONAL 1,IMBABURA,PIMAMPIRO,000972,MARIANO ACOSTA,CENTRO DE SALUD A,1,ODONTOLOGIA,143,0.296826308304416,-77.9815654152743
2665,Z01,COORDINACION ZONAL 1,IMBABURA,IBARRA,000968,SAN ANTONIO,CENTRO DE SALUD A,1,ODONTOLOGIA,143,0.334041255608518,-78.1695853612479
2666,Z01,COORDINACION ZONAL 1,IMBABURA,SAN MIGUEL DE URCUQUI,000980,SAN BLAS,CENTRO DE SALUD A,1,ODONTOLOGIA,143,0.412298,-78.211283
2667,Z01,COORDINACION ZONAL 1,IMBABURA,PIMAMPIRO,000973,SIGSIPAMBA,CENTRO DE SALUD A,1,ODONTOLOGIA,144,0.29772145985333,-77.9119024414945
2668,Z02,15D02,NAPO,QUIJOS,001542,PAPALLACTA,CENTRO DE SALUD A,1,ODONTOLOGIA,144,-0.3800642486971,-78.147239435679
2669,Z02,17D10,PICHINCHA,CAYAMBE,001692,AYORA,CENTRO DE SALUD A,1,ODONTOLOGIA,144,0.0654471922820435,-78.1342855195219
2670,Z02,17D10,PICHINCHA,CAYAMBE,001693,OLMEDO,CENTRO DE SALUD A,1,ODONTOLOGIA,144,0.138377980423831,-78.0758682896057
2671,Z02,17D10,PICHINCHA,CAYAMBE,001694,CANGAHUA,CENTRO DE SALUD A,1,ODONTOLOGIA,144,-0.060768458304594,-78.1695687695152
2672,Z02,17D10,PICHINCHA,CAYAMBE,001695,ESPIGA DE ORO,CENTRO DE SALUD A,1,ODONTOLOGIA,144,-0.0859688211183199,-78.1481692669084
2673,Z02,17D10,PICHINCHA,CAYAMBE,001696,OTON,CENTRO DE SALUD A,1,ODONTOLOGIA,144,-0.0268757504513151,-78.2603629038528
2674,Z02,17D10,PICHINCHA,CAYAMBE,001697,PESILLO,CENTRO DE SALUD A,1,ODONTOLOGIA,144,0.153420645353638,-78.06596696547
2675,Z02,17D10,PICHINCHA,PEDRO MONCAYO,001700,MALCHINGUI,CENTRO DE SALUD A,1,ODONTOLOGIA,144,0.0578218811847512,-78.3391234331919
2676,Z02,17D10,PICHINCHA,PEDRO MONCAYO,001702,TUPIGACHI,CENTRO DE SALUD A,1,ODONTOLOGIA,144,0.076419894414782,-78.1806529145706
2677,Z02,17D10,PICHINCHA,PEDRO MONCAYO,001703,LA ESPERANZA,CENTRO DE SALUD A,1,ODONTOLOGIA,144,0.0400963748721666,-78.2495549892645
2678,Z02,17D11,PICHINCHA,RUMIÑAHUI,001719,JATUNPUNGO,CENTRO DE SALUD A,1,ODONTOLOGIA,144,-0.361305,-78.431523
2679,Z02,17D11,PICHINCHA,RUMIÑAHUI,001720,CURIPUNGO,CENTRO DE SALUD A,1,ODONTOLOGIA,144,-0.392139333886063,-78.4334437493908
2680,Z02,17D11,PICHINCHA,MEJIA,001722,ALOAG,CENTRO DE SALUD A,1,ODONTOLOGIA,144,-0.468676,-78.583173
2681,Z02,17D11,PICHINCHA,MEJIA,001723,ALOASI,CENTRO DE SALUD A,1,ODONTOLOGIA,144,-0.518436026447314,-78.5862771386259
2682,Z02,17D11,PICHINCHA,MEJIA,001724,CUTUGLAHUA,CENTRO DE SALUD A,1,ODONTOLOGIA,144,-0.3619818,-78.5565396
2683,Z02,17D11,PICHINCHA,MEJIA,001726,TAMBILLO,CENTRO DE SALUD A,1,ODONTOLOGIA,144,-0.404320396611248,-78.5417448792195
2684,Z02,17D11,PICHINCHA,MEJIA,001727,UYUMBICHO,CENTRO DE SALUD A,1,ODONTOLOGIA,144,-0.383913767944465,-78.5219082581987
2685,Z02,17D12,PICHINCHA,PUERTO QUITO,000649,SIMON BOLIVAR LA SEXTA,CENTRO DE SALUD A,1,ODONTOLOGIA,144,0.302192,-79.274710
2686,Z02,17D12,PICHINCHA,SAN MIGUEL DE LOS BANCOS,001686,SAN MIGUEL DE LOS BANCOS,CENTRO DE SALUD B,1,ODONTOLOGIA,145,0.0239862091223821,-78.8944956783656
2687,Z02,17D12,PICHINCHA,SAN MIGUEL DE LOS BANCOS,001687,MINDO,CENTRO DE SALUD A,1,ODONTOLOGIA,145,-0.0537726147365825,-78.7760358916212
2688,Z02,17D12,PICHINCHA,PUERTO QUITO,001688,PUERTO QUITO,CENTRO DE SALUD C,1,ODONTOLOGIA,145,0.12300410821887,-79.2550502430983
2689,Z02,17D12,PICHINCHA,PUERTO QUITO,002722,29 DE SEPTIEMBRE,PUESTO DE SALUD,1,ODONTOLOGIA,145,0.0387970679322218,-79.3650304207796
2690,Z02,17D12,PICHINCHA,PUERTO QUITO,002757,BUENOS AIRES,PUESTO DE SALUD,1,ODONTOLOGIA,145,0.31707050819707,-79.2124053212814
2691,Z02,22D02,ORELLANA,ORELLANA,002004,LA BELLEZA MONO I,CENTRO DE SALUD A,1,ODONTOLOGIA,145,-0.841623671773433,-77.0544620609583
2692,Z02,22D02,ORELLANA,ORELLANA,002005,LA DELICIA,CENTRO DE SALUD A,1,ODONTOLOGIA,145,-0.757090807426232,-77.1010703618534
2693,Z02,22D02,ORELLANA,ORELLANA,002006,LA BELLEZA CENTRAL,CENTRO DE SALUD A,1,ODONTOLOGIA,145,-0.656349717676373,-77.0463642215346
2694,Z02,22D02,ORELLANA,ORELLANA,002007,GARCIA MORENO,CENTRO DE SALUD A,1,ODONTOLOGIA,145,-0.526785739887299,-77.0167947524419
2695,Z02,22D02,ORELLANA,LA JOYA DE LOS SACHAS,002009,3 DE NOVIEMBRE,PUESTO DE SALUD,1,ODONTOLOGIA,145,-0.1892181,-76.91044309204462
2696,Z02,22D02,ORELLANA,LA JOYA DE LOS SACHAS,002010,ENOKANKI,CENTRO DE SALUD A,1,ODONTOLOGIA,145,-0.226860154044876,-76.8479422207003
2697,Z02,22D02,ORELLANA,LA JOYA DE LOS SACHAS,002011,LAGO SAN PEDRO,PUESTO DE SALUD,1,ODONTOLOGIA,145,-0.240048930580941,-76.9437984859424
2698,Z02,22D02,ORELLANA,LA JOYA DE LOS SACHAS,002015,RIVERAS DEL RIO NAPO,PUESTO DE SALUD,1,ODONTOLOGIA,145,-0.438416252960509,-76.6330583987467
2699,Z02,22D02,ORELLANA,LA JOYA DE LOS SACHAS,002016,UNION MILAGRENA,CENTRO DE SALUD A,1,ODONTOLOGIA,145,-0.363027,-76.78387
2700,Z02,22D02,ORELLANA,LA JOYA DE LOS SACHAS,002017,10 DE AGOSTO,PUESTO DE SALUD,1,ODONTOLOGIA,145,-0.35510868998642,-76.8141357549515
2701,Z02,22D02,ORELLANA,ORELLANA,002018,DAYUMA,CENTRO DE SALUD A,1,ODONTOLOGIA,145,-0.66890400028753,-76.8774978510215
2702,Z02,22D02,ORELLANA,ORELLANA,002019,CENTRO SHUAR,CENTRO DE SALUD A,1,ODONTOLOGIA,145,-0.754155282693045,-76.8788168459663
2703,Z02,22D02,ORELLANA,ORELLANA,002021,LA ANDINA,CENTRO DE SALUD A,1,ODONTOLOGIA,145,-0.968058234945112,-76.918051806218
2704,Z02,22D02,ORELLANA,ORELLANA,002026,AÑANGU,CENTRO DE SALUD A,1,ODONTOLOGIA,145,-0.495151199205237,-76.4190128870284
2705,Z02,22D02,ORELLANA,ORELLANA,002028,SAN LUIS DE ARMENIA,CENTRO DE SALUD A,1,ODONTOLOGIA,146,-0.478831440594141,-77.067767579709
2706,Z02,22D02,ORELLANA,LORETO,002029,LORETO,CENTRO DE SALUD B,1,ODONTOLOGIA,146,-0.691156046733256,-77.3083414098572
2707,Z02,22D02,ORELLANA,LORETO,002031,PTO. MURIALDO,CENTRO DE SALUD A,1,ODONTOLOGIA,146,-0.692594493537,-77.13366681
2708,Z02,22D02,ORELLANA,LORETO,002032,LA PAZ,CENTRO DE SALUD A,1,ODONTOLOGIA,146,-0.790151785117596,-77.3568582613997
2709,Z02,22D02,ORELLANA,LORETO,002033,HUATICOCHA,CENTRO DE SALUD A,1,ODONTOLOGIA,146,-0.754814924592265,-77.4719558603732
2710,Z02,22D02,ORELLANA,LORETO,002034,24 DE MAYO (DAHUANO),CENTRO DE SALUD A,1,ODONTOLOGIA,146,-0.746303309900876,-77.4345077527364
2711,Z02,22D02,ORELLANA,LORETO,002035,HUIRUNO,CENTRO DE SALUD A,1,ODONTOLOGIA,146,-0.718131290480461,-77.3433317828243
2712,Z02,22D02,ORELLANA,ORELLANA,002040,EL DORADO,CENTRO DE SALUD A,1,ODONTOLOGIA,146,-0.501488358497647,-76.9536637098527
2713,Z02,22D02,ORELLANA,ORELLANA,002041,POMPEYA,CENTRO DE SALUD A,1,ODONTOLOGIA,146,-0.451383101702922,-76.61294671038
2714,Z02,22D02,ORELLANA,ORELLANA,002044,GUAYUSA,CENTRO DE SALUD A,1,ODONTOLOGIA,146,-0.248895415373781,-77.0611072998638
2715,Z02,22D02,ORELLANA,ORELLANA,002776,KUPI 4,CENTRO DE SALUD A,1,ODONTOLOGIA,146,-0.690118162085056,-76.7356383119595
2716,Z02,22D02,ORELLANA,LORETO,002868,SAN FRANCISCO,CENTRO DE SALUD A,1,ODONTOLOGIA,146,-0.560502314983174,-77.2526047602483
2717,Z02,22D02,ORELLANA,ORELLANA,021089,TIWINO WAORANI,CENTRO DE SALUD A,1,ODONTOLOGIA,146,-1.0877,-76.9808
2718,Z02,22D03,ORELLANA,AGUARICO,002024,TIPUTINI,CENTRO DE SALUD A,1,ODONTOLOGIA,146,-0.789941133014426,-75.5267645223114
2719,Z02,22D03,ORELLANA,AGUARICO,002025,CAP. AUGUSTO RIVADENEYRA,CENTRO DE SALUD A,1,ODONTOLOGIA,146,-0.622502159935751,-75.8587466457847
2720,Z02,22D03,ORELLANA,AGUARICO,002042,DIKARO,CENTRO DE SALUD A,1,ODONTOLOGIA,146,-0.936284851419618,-76.2117350127055
2721,Z02,22D03,ORELLANA,AGUARICO,002042,DIKARO (HOSPITAL BASICO FRANKLIN TELLO),HOSPITAL BASICO,1,ODONTOLOGIA,146,-0.936284851419618,-76.2117350127055
2722,Z02,22D03,ORELLANA,AGUARICO,002790,ZANCUDOCOCHA,PUESTO DE SALUD,1,ODONTOLOGIA,146,-0.56733575446,-75.4282307
2723,Z02,22D03,ORELLANA,AGUARICO,037995,KAWIMENO,PUESTO DE SALUD,1,ODONTOLOGIA,146,-1.033479,-75.780379
2724,Z02,COORDINACION ZONAL 2,NAPO,ARCHIDONA,001519,ARCHIDONA,CENTRO DE SALUD B,1,ODONTOLOGIA,147,-0.9028497315,-77.803826476
2725,Z02,COORDINACION ZONAL 2,NAPO,ARCHIDONA,001522,SARDINAS DE JONDACHI,PUESTO DE SALUD,1,ODONTOLOGIA,147,-0.779082448677438,-77.7907614724693
2726,Z02,COORDINACION ZONAL 2,NAPO,ARCHIDONA,001523,WAWA SUMACO,CENTRO DE SALUD A,1,ODONTOLOGIA,147,-0.72481997963,-77.574558991
2727,Z02,COORDINACION ZONAL 2,NAPO,ARCHIDONA,001524,COTUNDO,CENTRO DE SALUD A,1,ODONTOLOGIA,147,-0.841248702526824,-77.7974828954727
2728,Z02,COORDINACION ZONAL 2,NAPO,ARCHIDONA,001525,SAN PABLO DE USHPAYACU,CENTRO DE SALUD A,1,ODONTOLOGIA,147,-0.932418910622,-77.7728729456688
2729,Z02,COORDINACION ZONAL 2,NAPO,TENA,001526,CHONTA PUNTA,CENTRO DE SALUD A,1,ODONTOLOGIA,147,-0.915707374907044,-77.3634094175457
2730,Z02,COORDINACION ZONAL 2,NAPO,TENA,001527,PUERTO RICO,CENTRO DE SALUD A,1,ODONTOLOGIA,147,-0.845854685867079,-77.2182406745028
2731,Z02,COORDINACION ZONAL 2,NAPO,TENA,001530,SHANDIA,CENTRO DE SALUD A,1,ODONTOLOGIA,147,-1.070681,-77.8978
2732,Z02,COORDINACION ZONAL 2,NAPO,TENA,001531,TALAG,CENTRO DE SALUD A,1,ODONTOLOGIA,147,-1.0662434848564,-77.9081472355254
2733,Z02,COORDINACION ZONAL 2,NAPO,TENA,001532,PANO,CENTRO DE SALUD A,1,ODONTOLOGIA,147,-1.01880071954889,-77.86440360797
2734,Z02,COORDINACION ZONAL 2,NAPO,TENA,001535,MISAHUALLI,CENTRO DE SALUD A,1,ODONTOLOGIA,147,-1.03581649350824,-77.6677989151949
2735,Z02,COORDINACION ZONAL 2,NAPO,TENA,001544,PUNI BOCANA,PUESTO DE SALUD,1,ODONTOLOGIA,147,-1.10857665307757,-77.6378460559883
2736,Z02,COORDINACION ZONAL 2,NAPO,TENA,002802,MUYUNA,CENTRO DE SALUD A,1,ODONTOLOGIA,147,-0.978579457434928,-77.8526934468474
2737,Z02,COORDINACION ZONAL 2,NAPO,TENA,002811,ATAHUALPA,PUESTO DE SALUD,1,ODONTOLOGIA,147,-1.04866721871663,-77.7526445417134
2738,Z02,COORDINACION ZONAL 2,NAPO,TENA,021087,GARENO,PUESTO DE SALUD,1,ODONTOLOGIA,147,-1.04914155,-77.38877634
2739,Z03,05D04,COTOPAXI,SIGCHOS,000297,SARAHUASI,PUESTO DE SALUD,1,ODONTOLOGIA,147,-0.875036416494266,-79.0208806392491
2740,Z03,05D01,COTOPAXI,LATACUNGA,000301,JOSE GUANGO ALTO,CENTRO DE SALUD A,1,ODONTOLOGIA,147,-0.81937051,-78.58464031
2741,Z03,05D03,COTOPAXI,PANGUA,000303,PIEDADCITA,CENTRO DE SALUD A,1,ODONTOLOGIA,147,-1.02831457569625,-79.3026153173508
2742,Z03,05D03,COTOPAXI,PANGUA,000305,PINLLOPATA,CENTRO DE SALUD A,1,ODONTOLOGIA,147,-1.14431580063726,-79.0264849156388
2743,Z03,05D03,COTOPAXI,LA MANA,000310,CHIPEHAMBURGO,CENTRO DE SALUD A,1,ODONTOLOGIA,148,-0.988019913386356,-79.306984502349
2744,Z03,05D03,COTOPAXI,LA MANA,000311,GUASAGANDA,CENTRO DE SALUD A,1,ODONTOLOGIA,148,-0.803436041808497,-79.1599223774083
2745,Z03,05D03,COTOPAXI,LA MANA,000312,PUCAYACU,CENTRO DE SALUD A,1,ODONTOLOGIA,148,-0.718193545134536,-79.1209466982068
2746,Z03,05D01,COTOPAXI,LATACUNGA,000318,POALO,CENTRO DE SALUD A,1,ODONTOLOGIA,148,-0.884557,-78.67221
2747,Z03,05D01,COTOPAXI,LATACUNGA,000320,LASSO,CENTRO DE SALUD C,1,ODONTOLOGIA,148,-0.7530176938,-78.61022340718
2748,Z03,05D04,COTOPAXI,SAQUISILI,000323,CANCHAGUA,CENTRO DE SALUD A,1,ODONTOLOGIA,148,-0.809664929810893,-78.6841158682313
2749,Z03,05D04,COTOPAXI,SIGCHOS,000324,CHUGCHILLAN,CENTRO DE SALUD A,1,ODONTOLOGIA,148,-0.79648266028,-78.9160536369
2750,Z03,05D04,COTOPAXI,SIGCHOS,000325,ISINLIVI,CENTRO DE SALUD A,1,ODONTOLOGIA,148,-0.761060,-78.867931
2751,Z03,05D04,COTOPAXI,SAQUISILI,000327,COCHAPAMBA,PUESTO DE SALUD,1,ODONTOLOGIA,148,-0.838433944590045,-78.7528631881883
2752,Z03,05D06,COTOPAXI,SALCEDO,000328,YANAYACU,CENTRO DE SALUD A,1,ODONTOLOGIA,148,-1.06295645681146,-78.572231711312
2753,Z03,05D06,COTOPAXI,SALCEDO,000330,CUSUBAMBA,CENTRO DE SALUD A,1,ODONTOLOGIA,148,-1.06975392767254,-78.7004964119306
2754,Z03,05D06,COTOPAXI,SALCEDO,000332,PANZALEO,CENTRO DE SALUD A,1,ODONTOLOGIA,148,-1.06641,-78.5984299999999
2755,Z03,05D06,COTOPAXI,SALCEDO,000333,PAPAHURCO,CENTRO DE SALUD A,1,ODONTOLOGIA,148,-1.05475028424339,-78.5170382980698
2756,Z03,05D04,COTOPAXI,PUJILI,000339,ANGAMARCA,CENTRO DE SALUD A,1,ODONTOLOGIA,148,-1.11990025461106,-78.9317505585854
2757,Z03,05D04,COTOPAXI,PUJILI,000340,GUANGAJE,CENTRO DE SALUD A,1,ODONTOLOGIA,148,-0.862970139039671,-78.8474468468073
2758,Z03,05D04,COTOPAXI,PUJILI,000341,LA VICTORIA,CENTRO DE SALUD A,1,ODONTOLOGIA,148,-0.916352509238723,-78.6967857176235
2759,Z03,05D01,COTOPAXI,LATACUNGA,000352,ALAQUEZ,CENTRO DE SALUD A,1,ODONTOLOGIA,148,-0.86375,-78.5964
2760,Z03,05D01,COTOPAXI,LATACUNGA,000353,MULALO,CENTRO DE SALUD A,1,ODONTOLOGIA,148,-0.7797144,-78.5774374
2761,Z03,05D01,COTOPAXI,LATACUNGA,000354,JOSE GUANGO BAJO,CENTRO DE SALUD A,1,ODONTOLOGIA,148,-0.8188156,-78.596721
2762,Z03,05D04,COTOPAXI,SIGCHOS,000356,PALO QUEMADO,PUESTO DE SALUD,1,ODONTOLOGIA,149,-0.37442165949,-78.925507384
2763,Z03,05D01,COTOPAXI,LATACUNGA,000358,PALOPO,CENTRO DE SALUD A,1,ODONTOLOGIA,149,-0.94208,-78.560547
2764,Z03,COORDINACION ZONAL 3,CHIMBORAZO,RIOBAMBA,000367,CACHA MACHANGARA,PUESTO DE SALUD,1,ODONTOLOGIA,149,-1.70569681354265,-78.7018492002268
2765,Z03,COORDINACION ZONAL 3,CHIMBORAZO,RIOBAMBA,000368,TZALARON,PUESTO DE SALUD,1,ODONTOLOGIA,149,-1.78894796243817,-78.6895659313141
2766,Z03,06D04,CHIMBORAZO,GUANO,000371,SAN ISIDRO,PUESTO DE SALUD,1,ODONTOLOGIA,149,-1.58551995306391,-78.6936866550221
2767,Z03,COORDINACION ZONAL 3,CHIMBORAZO,RIOBAMBA,000382,CACHA CHUYUG,PUESTO DE SALUD,1,ODONTOLOGIA,149,-1.72741978502934,-78.7242732892671
2768,Z03,COORDINACION ZONAL 3,CHIMBORAZO,RIOBAMBA,000389,SANTA ANA DE GUAGNAG,PUESTO DE SALUD,1,ODONTOLOGIA,149,-1.77450875895337,-78.6167550834052
2769,Z03,COORDINACION ZONAL 3,CHIMBORAZO,RIOBAMBA,000391,PUNGALA,CENTRO DE SALUD A,1,ODONTOLOGIA,149,-1.81740698046153,-78.5944926256107
2770,Z03,COORDINACION ZONAL 3,CHIMBORAZO,CHAMBO,000398,SAN FRANCISCO DE CHAMBO,PUESTO DE SALUD,1,ODONTOLOGIA,149,-1.7852390460587,-78.5759668545723
2771,Z03,COORDINACION ZONAL 3,CHIMBORAZO,CHAMBO,000399,LLUCUD,CENTRO DE SALUD A,1,ODONTOLOGIA,149,-1.71034055532584,-78.5826472490527
2772,Z03,COORDINACION ZONAL 3,CHIMBORAZO,RIOBAMBA,000404,CALPI,CENTRO DE SALUD B,1,ODONTOLOGIA,149,-1.648135,-78.741031
2773,Z03,COORDINACION ZONAL 3,CHIMBORAZO,RIOBAMBA,000405,SAN LUIS,CENTRO DE SALUD A,1,ODONTOLOGIA,149,-1.71036172410981,-78.6428684801896
2774,Z03,06D04,CHIMBORAZO,COLTA,000408,SANTIAGO DE QUITO,CENTRO DE SALUD A,1,ODONTOLOGIA,149,-1.74555638792234,-78.7485079570958
2775,Z03,06D04,CHIMBORAZO,COLTA,000409,COLUMBE,CENTRO DE SALUD A,1,ODONTOLOGIA,149,-1.88841411357297,-78.7242793250142
2776,Z03,06D04,CHIMBORAZO,COLTA,000412,SICALPA VIEJO,PUESTO DE SALUD,1,ODONTOLOGIA,149,-1.69683305894986,-78.7825508260802
2777,Z03,06D04,CHIMBORAZO,COLTA,000413,CEBOLLAR ALTO,PUESTO DE SALUD,1,ODONTOLOGIA,149,-1.77512796668858,-78.7716155831951
2778,Z03,06D04,CHIMBORAZO,COLTA,000416,SAN GUISEL,CENTRO DE SALUD A,1,ODONTOLOGIA,149,-1.85017238536925,-78.7648572463988
2779,Z03,06D04,CHIMBORAZO,COLTA,000419,RUMICORRAL,PUESTO DE SALUD,1,ODONTOLOGIA,149,-1.83457400359966,-78.8052983078651
2780,Z03,06D02,CHIMBORAZO,CUMANDA,000423,SAN VICENTE,PUESTO DE SALUD,1,ODONTOLOGIA,149,-2.22355230845984,-79.1108417836547
2781,Z03,06D04,CHIMBORAZO,COLTA,000426,JUAN DE VELASCO,CENTRO DE SALUD A,1,ODONTOLOGIA,150,-1.82770533523136,-78.8818938984138
2782,Z03,06D04,CHIMBORAZO,GUAMOTE,000427,CEBADAS,CENTRO DE SALUD A,1,ODONTOLOGIA,150,-1.91052537931767,-78.6438136357145
2783,Z03,06D04,CHIMBORAZO,GUAMOTE,000428,PALMIRA,CENTRO DE SALUD A,1,ODONTOLOGIA,150,-2.08126476762226,-78.7301795639172
2784,Z03,06D04,CHIMBORAZO,GUAMOTE,000429,JATUMPAMBA,CENTRO DE SALUD A,1,ODONTOLOGIA,150,-1.98849019752402,-78.6747199738852
2785,Z03,06D04,CHIMBORAZO,GUAMOTE,000432,SANACAHUAN ALTO,PUESTO DE SALUD,1,ODONTOLOGIA,150,-1.85640645970264,-78.6783306829575
2786,Z03,06D04,CHIMBORAZO,GUAMOTE,000002,SAN VICENTE DE TIPIN,PUESTO DE SALUD,1,ODONTOLOGIA,150,-2.96195290863218,-79.0518269243631
2787,Z03,06D02,CHIMBORAZO,ALAUSI,000435,ACHUPALLAS,CENTRO DE SALUD B,1,ODONTOLOGIA,150,-2.28500798191245,-78.7693351754131
2788,Z03,06D02,CHIMBORAZO,CHUNCHI,000442,GONZOL,CENTRO DE SALUD A,1,ODONTOLOGIA,150,-2.26151949735772,-78.845473988285
2789,Z03,06D02,CHIMBORAZO,CHUNCHI,000445,JOYAGSHI,CENTRO DE SALUD A,1,ODONTOLOGIA,150,-2.37418404864253,-78.9693614154692
2790,Z03,06D02,CHIMBORAZO,CHUNCHI,000446,LLAGOS,CENTRO DE SALUD A,1,ODONTOLOGIA,150,-2.36659586148153,-78.986217391589
2791,Z03,06D04,CHIMBORAZO,PENIPE,000449,CANDELARIA,PUESTO DE SALUD,1,ODONTOLOGIA,150,-1.62494744010592,-78.5084969062879
2792,Z03,06D04,CHIMBORAZO,PENIPE,000450,EL ALTAR,PUESTO DE SALUD,1,ODONTOLOGIA,150,-1.52937153979,-78.508489776
2793,Z03,06D04,CHIMBORAZO,PENIPE,000451,BAYUSHIG,PUESTO DE SALUD,1,ODONTOLOGIA,150,-1.54596186798509,-78.5188482582003
2794,Z03,06D04,CHIMBORAZO,PENIPE,000452,PENIPE,CENTRO DE SALUD B,1,ODONTOLOGIA,150,-1.56314909979335,-78.5303606042569
2795,Z03,06D04,CHIMBORAZO,GUANO,000457,TUNTATACTO,CENTRO DE SALUD A,1,ODONTOLOGIA,150,-1.53047125211698,-78.7227696711251
2796,Z03,06D04,CHIMBORAZO,GUANO,000462,GUANO,CENTRO DE SALUD B,1,ODONTOLOGIA,150,-1.6088845312369,-78.6357307560644
2797,Z03,06D04,CHIMBORAZO,GUANO,000464,CHAZO,PUESTO DE SALUD,1,ODONTOLOGIA,150,-1.53078011454506,-78.5529508949331
2798,Z03,16D01,PASTAZA,PASTAZA,001561,FATIMA,CENTRO DE SALUD A,1,ODONTOLOGIA,150,-1.42811642259694,-77.9993148689304
2799,Z03,16D01,PASTAZA,PASTAZA,001562,TENIENTE HUGO ORTIZ,CENTRO DE SALUD A,1,ODONTOLOGIA,150,-1.37608641906713,-77.9550811487929
2800,Z03,16D01,PASTAZA,PASTAZA,001564,CABECERAS DEL BOBONAZA,CENTRO DE SALUD A,1,ODONTOLOGIA,151,-1.49759503684338,-77.8780887149832
2801,Z03,16D01,PASTAZA,PASTAZA,001570,CHONTOA,PUESTO DE SALUD,1,ODONTOLOGIA,151,-1.59370835810802,-77.8132996481495
2802,Z03,16D01,PASTAZA,PASTAZA,001571,MUSULLACTA (SIMON BOLIVAR),CENTRO DE SALUD A,1,ODONTOLOGIA,151,-1.7198974284243,-77.8452841179398
2803,Z03,16D01,PASTAZA,MERA,001576,MADRE TIERRA,CENTRO DE SALUD A,1,ODONTOLOGIA,151,-1.54214687055363,-78.0343504043805
2804,Z03,16D01,PASTAZA,PASTAZA,001578,KUMAY,CENTRO DE SALUD A,1,ODONTOLOGIA,151,-2.001536,-77.702679
2805,Z03,16D02,PASTAZA,ARAJUNO,001587,CURARAY,CENTRO DE SALUD A,1,ODONTOLOGIA,151,-1.36948699997444,-76.9434200000902
2806,Z03,16D01,PASTAZA,PASTAZA,001593,MONTALVO,CENTRO DE SALUD A,1,ODONTOLOGIA,151,-2.05935999997213,-76.9636520000146
2807,Z03,18D04,TUNGURAHUA,BAÑOS DE AGUA SANTA,001810,RIO BLANCO,PUESTO DE SALUD,1,ODONTOLOGIA,151,-1.39629354358274,-78.3497254057094
2808,Z03,18D04,TUNGURAHUA,BAÑOS DE AGUA SANTA,001811,RIO VERDE,CENTRO DE SALUD A,1,ODONTOLOGIA,151,-1.40434142034083,-78.2987303395184
2809,Z03,18D04,TUNGURAHUA,SANTIAGO DE PILLARO,001812,SAN JOSE DE POALO,CENTRO DE SALUD A,1,ODONTOLOGIA,151,-1.10153893396198,-78.4791865252955
2810,Z03,18D02,TUNGURAHUA,AMBATO,001865,AMBATILLO,CENTRO DE SALUD A,1,ODONTOLOGIA,151,-1.23314915589585,-78.6572187830455
2811,Z03,18D04,TUNGURAHUA,SANTIAGO DE PILLARO,001815,PRESIDENTE URBINA,CENTRO DE SALUD A,1,ODONTOLOGIA,151,-1.1467885090001,-78.5550380689854
2812,Z03,18D02,TUNGURAHUA,AMBATO,001871,ATAHUALPA,CENTRO DE SALUD A,1,ODONTOLOGIA,151,-1.2180209738342,-78.6108627359874
2813,Z03,18D04,TUNGURAHUA,SAN PEDRO DE PELILEO,001818,CHIQUICHA,CENTRO DE SALUD A,1,ODONTOLOGIA,151,-1.24805413959536,-78.537741507792
2814,Z03,18D04,TUNGURAHUA,SAN PEDRO DE PELILEO,001819,SALASACA,CENTRO DE SALUD B,1,ODONTOLOGIA,151,-1.32068471980044,-78.5776010653864
2815,Z03,18D02,TUNGURAHUA,AMBATO,001866,AUGUSTO N. MARTINEZ,CENTRO DE SALUD A,1,ODONTOLOGIA,151,-1.21856334776596,-78.6210197023485
2816,Z03,18D04,TUNGURAHUA,TISALEO,001830,CHILCO LA ESPERANZA,PUESTO DE SALUD,1,ODONTOLOGIA,151,-1.34690338003497,-78.684482058992
2817,Z03,18D04,TUNGURAHUA,TISALEO,001831,EL CALVARIO,PUESTO DE SALUD,1,ODONTOLOGIA,151,-1.35127072,-78.6783838
2818,Z03,18D04,TUNGURAHUA,TISALEO,001832,ALOBAMBA,CENTRO DE SALUD A,1,ODONTOLOGIA,151,-1.33441568460815,-78.6428189213929
2819,Z03,18D02,TUNGURAHUA,AMBATO,001881,CENTRO DE SALUD DE SANTA ROSA,CENTRO DE SALUD B,1,ODONTOLOGIA,152,-1.27972811485646,-78.6644163079522
2820,Z03,18D04,TUNGURAHUA,CEVALLOS,001834,CEVALLOS,CENTRO DE SALUD B,1,ODONTOLOGIA,152,-1.36124602905,-78.617260243
2821,Z03,18D04,TUNGURAHUA,TISALEO,001838,QUINCHICOTO,CENTRO DE SALUD A,1,ODONTOLOGIA,152,-1.386523494,-78.6570103225
2822,Z03,18D04,TUNGURAHUA,MOCHA,001839,PINGUILI STO.DOMINGO,CENTRO DE SALUD A,1,ODONTOLOGIA,152,-1.385607,-78.621587
2823,Z03,18D04,TUNGURAHUA,QUERO,001840,CENTRO DE SALUD QUERO,CENTRO DE SALUD C,1,ODONTOLOGIA,152,-1.37815902578476,-78.6076855912816
2824,Z03,18D04,TUNGURAHUA,MOCHA,001842,EL ROSAL,PUESTO DE SALUD,1,ODONTOLOGIA,152,-1.3737690853265,-78.6198329220153
2825,Z03,18D04,TUNGURAHUA,QUERO,001844,YANAYACU,PUESTO DE SALUD,1,ODONTOLOGIA,152,-1.43039985262573,-78.6624036491986
2826,Z03,18D04,TUNGURAHUA,SAN PEDRO DE PELILEO,001847,HUAMBALO,CENTRO DE SALUD B,1,ODONTOLOGIA,152,-1.38757161415987,-78.5315961260059
2827,Z03,18D04,TUNGURAHUA,SANTIAGO DE PILLARO,001849,EMILIO MARIA TERAN,PUESTO DE SALUD,1,ODONTOLOGIA,152,-1.22379936456234,-78.5145226925838
2828,Z03,18D04,TUNGURAHUA,SANTIAGO DE PILLARO,001850,SANTA RITA,CENTRO DE SALUD A,1,ODONTOLOGIA,152,-1.12597268111116,-78.5137291596424
2829,Z03,18D04,TUNGURAHUA,SANTIAGO DE PILLARO,001853,CHAUPILOMA,PUESTO DE SALUD,1,ODONTOLOGIA,152,-1.08956669925065,-78.5269869077577
2830,Z03,18D04,TUNGURAHUA,SANTIAGO DE PILLARO,001854,HUAPANTE,CENTRO DE SALUD A,1,ODONTOLOGIA,152,-1.08892271106874,-78.5462405609937
2831,Z03,18D02,TUNGURAHUA,AMBATO,001860,CENTRO DE SALUD DE TOTORAS,CENTRO DE SALUD B,1,ODONTOLOGIA,152,-1.31734959371175,-78.5964645851669
2832,Z03,18D02,TUNGURAHUA,AMBATO,001823,CENTRO DE SALUD DE YATZAPUTZAN,CENTRO DE SALUD A,1,ODONTOLOGIA,152,-1.31925737183591,-78.7907118533105
2833,Z03,18D04,TUNGURAHUA,SAN PEDRO DE PELILEO,001858,ARTEZON,PUESTO DE SALUD,1,ODONTOLOGIA,152,-1.34883631543398,-78.5101178386547
2834,Z03,18D04,TUNGURAHUA,QUERO,001861,HUALCANGA SANTA ANITA,CENTRO DE SALUD A,1,ODONTOLOGIA,152,-1.43898410978865,-78.5900913861526
2835,Z03,18D02,TUNGURAHUA,AMBATO,001856,CENTRO DE SALUD PICAIHUA,CENTRO DE SALUD A,1,ODONTOLOGIA,152,-1.2758,-78.5857
2836,Z03,18D02,TUNGURAHUA,AMBATO,001879,IZAMBA,CENTRO DE SALUD A,1,ODONTOLOGIA,152,-1.23050061911008,-78.5868188795921
2837,Z03,18D04,TUNGURAHUA,BAÑOS DE AGUA SANTA,001882,RIO NEGRO,CENTRO DE SALUD A,1,ODONTOLOGIA,152,-1.41412711038125,-78.2139203938418
2838,Z03,18D04,TUNGURAHUA,PATATE,001885,SUCRE,CENTRO DE SALUD A,1,ODONTOLOGIA,153,-1.26271795024745,-78.4936518881401
2839,Z03,16D01,PASTAZA,PASTAZA,002752,LOROCACHI,PUESTO DE SALUD,1,ODONTOLOGIA,153,-1.61056677844634,-75.9917461758597
2840,Z03,16D02,PASTAZA,ARAJUNO,002809,PITACOCHA,PUESTO DE SALUD,1,ODONTOLOGIA,153,-1.32413303520793,-77.5899855982712
2841,Z03,06D02,CHIMBORAZO,CHUNCHI,002862,CENTRO DE SALUD DE CHUNCHI,CENTRO DE SALUD A,1,ODONTOLOGIA,153,-2.28615771874339,-78.9200712555996
2842,Z03,16D01,PASTAZA,PASTAZA,002995,GUARANI,PUESTO DE SALUD,1,ODONTOLOGIA,153,-2.23643487688781,-77.2393162693257
2843,Z03,05D04,COTOPAXI,PUJILI,004872,PUJILI,CENTRO DE SALUD A,1,ODONTOLOGIA,153,-0.95388,-78.69427
2844,Z03,05D04,COTOPAXI,PUJILI,004960,ZUMBAHUA,CENTRO DE SALUD B,1,ODONTOLOGIA,153,-0.96104,-78.89352
2845,Z03,18D04,TUNGURAHUA,SAN PEDRO DE PELILEO,019313,CENTRO DE SALUD DE PELILEO,CENTRO DE SALUD A,1,ODONTOLOGIA,153,-1.333,-78.541
2846,Z03,18D04,TUNGURAHUA,SANTIAGO DE PILLARO,019491,CENTRO DE SALUD DE PILLARO,CENTRO DE SALUD A,1,ODONTOLOGIA,153,-1.1761262867558,-78.5518786865658
2847,Z03,18D02,TUNGURAHUA,AMBATO,001869,SAN JOSE DE ANGAHUANA,CENTRO DE SALUD A,1,ODONTOLOGIA,153,-1.1770511,-78.6365312
2848,Z03,05D03,COTOPAXI,PANGUA,021034,EL CORAZON,CENTRO DE SALUD A,1,ODONTOLOGIA,153,-1.136230,-79.082750
2849,Z03,16D01,PASTAZA,PASTAZA,021215,MORETE PUYO,CENTRO DE SALUD A,1,ODONTOLOGIA,153,-1.48582,-78.00732
2850,Z03,18D04,TUNGURAHUA,SAN PEDRO DE PELILEO,039125,CENTRO DE SALUD TIPO A GARCIA MORENO - CHUMAQUI,CENTRO DE SALUD A,1,ODONTOLOGIA,153,-1.2960,-78.532
2851,Z04,13D02,MANABI,MANTA,001299,SAN JUAN,CENTRO DE SALUD A,1,ODONTOLOGIA,153,-0.996895700227779,-80.7615284532493
2852,Z04,13D02,MANABI,MANTA,001300,SANTA MARIANITA,CENTRO DE SALUD A,1,ODONTOLOGIA,153,-0.994322415153535,-80.8484789242459
2853,Z04,13D02,MANABI,MANTA,001301,SAN LORENZO,CENTRO DE SALUD A,1,ODONTOLOGIA,153,-1.06438660434006,-80.9047421671241
2854,Z04,13D02,MANABI,MONTECRISTI,001315,BAJO DE LA PALMA,CENTRO DE SALUD A,1,ODONTOLOGIA,153,-1.07885775948766,-80.6986047082303
2855,Z04,13D02,MANABI,MONTECRISTI,001316,CARCEL,CENTRO DE SALUD A,1,ODONTOLOGIA,153,-1.07879802829204,-80.6481720200189
2856,Z04,13D02,MANABI,MONTECRISTI,001317,LA SEQUITA,CENTRO DE SALUD A,1,ODONTOLOGIA,153,-1.02356673655587,-80.5840670204171
2857,Z04,13D02,MANABI,MONTECRISTI,001319,MANANTIALES,CENTRO DE SALUD A,1,ODONTOLOGIA,154,-1.26004945393316,-80.7393585671262
2858,Z04,13D02,MANABI,MONTECRISTI,001320,PILE,CENTRO DE SALUD A,1,ODONTOLOGIA,154,-1.168481460893,-80.8394277862277
2859,Z04,13D02,MANABI,MANTA,001321,EL AROMO,CENTRO DE SALUD A,1,ODONTOLOGIA,154,-1.04989897338895,-80.8344367327861
2860,Z04,13D02,MANABI,MONTECRISTI,001323,EL ARROYO,CENTRO DE SALUD A,1,ODONTOLOGIA,154,-1.00721964260234,-80.6706498865398
2861,Z04,13D02,MANABI,MONTECRISTI,001324,ESTANCIA LAS PALMAS,CENTRO DE SALUD A,1,ODONTOLOGIA,154,-1.06322140522575,-80.5950991412235
2862,Z04,13D03,MANABI,JIPIJAPA,001254,JIPIJAPA,CENTRO DE SALUD B,1,ODONTOLOGIA,154,-1.34538626935025,-80.5748952363242
2863,Z04,13D03,MANABI,PUERTO LOPEZ,001255,PUERTO LOPEZ,CENTRO DE SALUD C,1,ODONTOLOGIA,154,-1.55389966117599,-80.8074428809927
2864,Z04,13D03,MANABI,JIPIJAPA,001325,ALBAJACAL,CENTRO DE SALUD A,1,ODONTOLOGIA,154,-1.5393684470212,-80.5154194391264
2865,Z04,13D03,MANABI,JIPIJAPA,001326,AMERICA,CENTRO DE SALUD A,1,ODONTOLOGIA,154,-1.43303372731828,-80.5290612935711
2866,Z04,13D03,MANABI,JIPIJAPA,001327,EL ANEGADO,CENTRO DE SALUD A,1,ODONTOLOGIA,154,-1.47192777974753,-80.5348513996876
2867,Z04,13D03,MANABI,JIPIJAPA,001328,JULCUY,CENTRO DE SALUD A,1,ODONTOLOGIA,154,-1.47407092491749,-80.6249972476425
2868,Z04,13D03,MANABI,JIPIJAPA,001329,LA UNION,CENTRO DE SALUD A,1,ODONTOLOGIA,154,-1.45911324714518,-80.4384350362136
2869,Z04,13D03,MANABI,JIPIJAPA,001330,LAS DELICIAS,CENTRO DE SALUD A,1,ODONTOLOGIA,154,-1.74080770163857,-80.5545788631805
2870,Z04,13D03,MANABI,JIPIJAPA,001331,MEMBRILLAL,CENTRO DE SALUD A,1,ODONTOLOGIA,154,-1.23364188016881,-80.6686740599601
2871,Z04,13D03,MANABI,JIPIJAPA,001332,PEDRO PABLO GOMEZ,CENTRO DE SALUD A,1,ODONTOLOGIA,154,-1.63049906425351,-80.5588652346942
2872,Z04,13D03,MANABI,PUERTO LOPEZ,001333,SALANGO,CENTRO DE SALUD A,1,ODONTOLOGIA,154,-1.58981037505802,-80.8350033634775
2873,Z04,13D03,MANABI,PUERTO LOPEZ,001334,MACHALILLA,CENTRO DE SALUD A,1,ODONTOLOGIA,154,-1.48006156555185,-80.7669689509101
2874,Z04,13D03,MANABI,JIPIJAPA,001335,PUERTO CAYO,CENTRO DE SALUD A,1,ODONTOLOGIA,154,-1.34719144554337,-80.735906773023
2875,Z04,13D03,MANABI,JIPIJAPA,001336,VARGAS TORRES,PUESTO DE SALUD,1,ODONTOLOGIA,154,-1.45750765976431,-80.4576813480487
2876,Z04,13D03,MANABI,PUERTO LOPEZ,002761,AYAMPE,PUESTO DE SALUD,1,ODONTOLOGIA,155,-1.67800949147006,-80.8123220392322
2877,Z04,13D04,MANABI,SANTA ANA,001262,SANTA ANA-24H,CENTRO DE SALUD C,1,ODONTOLOGIA,155,-1.20841960535236,-80.3700104292527
2878,Z04,13D04,MANABI,OLMEDO,001263,OLMEDO-24H,CENTRO DE SALUD B,1,ODONTOLOGIA,155,-1.39578091595932,-80.2045180035336
2879,Z04,13D04,MANABI,24 DE MAYO,001264,24 DE MAYO,CENTRO DE SALUD B,1,ODONTOLOGIA,155,-1.28529143680166,-80.4155368135523
2880,Z04,13D04,MANABI,SANTA ANA,001387,AYACUCHO,CENTRO DE SALUD A,1,ODONTOLOGIA,155,-1.15725904387384,-80.2883934204864
2881,Z04,13D04,MANABI,SANTA ANA,001388,CHICOMPE,CENTRO DE SALUD A,1,ODONTOLOGIA,155,-1.27862599503826,-80.1096605052911
2882,Z04,13D04,MANABI,SANTA ANA,001389,HONORATO VASQUEZ,CENTRO DE SALUD A,1,ODONTOLOGIA,155,-1.11054398287257,-80.2227679400484
2883,Z04,13D04,MANABI,SANTA ANA,001390,LA UNION,CENTRO DE SALUD A,1,ODONTOLOGIA,155,-1.20815196173957,-80.1523486927367
2884,Z04,13D04,MANABI,SANTA ANA,001392,PUEBLO NUEVO,CENTRO DE SALUD A,1,ODONTOLOGIA,155,-1.20557231256224,-80.0655200006979
2885,Z04,13D04,MANABI,24 DE MAYO,001393,BELLAVISTA,CENTRO DE SALUD A,1,ODONTOLOGIA,155,-1.35110793219082,-80.2850872113041
2886,Z04,13D04,MANABI,24 DE MAYO,001394,JABONCILLO,CENTRO DE SALUD A,1,ODONTOLOGIA,155,-1.3272800131151,-80.3194480587494
2887,Z04,13D04,MANABI,24 DE MAYO,001395,NOBOA,CENTRO DE SALUD A,1,ODONTOLOGIA,155,-1.4142835721756,-80.3921616381239
2888,Z04,13D04,MANABI,24 DE MAYO,001396,LAS PAJITAS,CENTRO DE SALUD A,1,ODONTOLOGIA,155,-1.47871660998894,-80.279070450121
2889,Z04,13D04,MANABI,24 DE MAYO,001397,LAS MERCEDES,CENTRO DE SALUD A,1,ODONTOLOGIA,155,-1.45338843444281,-80.2578198429076
2890,Z04,13D04,MANABI,24 DE MAYO,001398,TRES RIOS,CENTRO DE SALUD A,1,ODONTOLOGIA,155,-1.43870956,-80.33546438
2891,Z04,13D04,MANABI,24 DE MAYO,001399,RESBALON,CENTRO DE SALUD A,1,ODONTOLOGIA,155,-1.402604359004,-80.358977697057
2892,Z04,13D05,MANABI,EL CARMEN,001400,EL MAICITO (WILFRIDO LOOR MOREIRA),CENTRO DE SALUD A,1,ODONTOLOGIA,155,-0.276336213321535,-79.5727041215741
2893,Z04,13D05,MANABI,EL CARMEN,001401,LA BRAMADORA,CENTRO DE SALUD A,1,ODONTOLOGIA,155,-0.473358067820275,-79.5574170217575
2894,Z04,13D05,MANABI,EL CARMEN,001402,SAN PEDRO DE SUMA,CENTRO DE SALUD A,1,ODONTOLOGIA,155,-0.219651411751316,-79.5417694876821
2895,Z04,13D05,MANABI,EL CARMEN,002118,LA CAOBA,CENTRO DE SALUD A,1,ODONTOLOGIA,156,-0.57107932315922,-79.578723625884
2896,Z04,13D05,MANABI,EL CARMEN,002119,SANTA MARIA,CENTRO DE SALUD A,1,ODONTOLOGIA,156,-0.673209819496993,-79.6098370604811
2897,Z04,13D05,MANABI,EL CARMEN,002120,SANTA TERESA,CENTRO DE SALUD A,1,ODONTOLOGIA,156,-0.809658058901539,-79.6396158201461
2898,Z04,13D05,MANABI,EL CARMEN,002767,EL PARAISO LA CATORCE,CENTRO DE SALUD A,1,ODONTOLOGIA,156,-0.589440724947167,-79.5139331967169
2899,Z04,13D06,MANABI,JUNIN,001245,MATERNO INFANTIL CARLOS MORALES LOCKE,CENTRO DE SALUD C,1,ODONTOLOGIA,156,-0.932288986520389,-80.205852146584
2900,Z04,13D06,MANABI,JUNIN,001266,MONTAÑITA,CENTRO DE SALUD A,1,ODONTOLOGIA,156,-0.868640025392922,-80.2580262398468
2901,Z04,13D06,MANABI,JUNIN,001267,LOS CASADOS,CENTRO DE SALUD A,1,ODONTOLOGIA,156,-0.908012383240042,-80.2671133515232
2902,Z04,13D06,MANABI,JUNIN,001268,AGUA FRIA,CENTRO DE SALUD A,1,ODONTOLOGIA,156,-0.910569771312155,-80.1713469992525
2903,Z04,13D06,MANABI,JUNIN,001269,GUAYABALES,CENTRO DE SALUD A,1,ODONTOLOGIA,156,-0.993379038285314,-80.132844472268
2904,Z04,13D06,MANABI,BOLIVAR,001271,SAN BARTOLO,CENTRO DE SALUD A,1,ODONTOLOGIA,156,-0.847495642044646,-80.1573235803581
2905,Z04,13D06,MANABI,BOLIVAR,001272,INES MORENO,CENTRO DE SALUD A,1,ODONTOLOGIA,156,-0.845526081577722,-80.169006786964
2906,Z04,13D06,MANABI,BOLIVAR,001273,MATA PALO,CENTRO DE SALUD A,1,ODONTOLOGIA,156,-0.897181491510562,-80.1338389106027
2907,Z04,13D06,MANABI,BOLIVAR,001274,CAÑA TIGRE,CENTRO DE SALUD A,1,ODONTOLOGIA,156,-0.96032511244952,-80.004728063066
2908,Z04,13D06,MANABI,BOLIVAR,001275,QUIROGA,CENTRO DE SALUD A,1,ODONTOLOGIA,156,-0.883739178435771,-80.0978232243162
2909,Z04,13D06,MANABI,BOLIVAR,001276,MEMBRILLO,CENTRO DE SALUD A,1,ODONTOLOGIA,156,-0.847845363311935,-79.9269916749011
2910,Z04,13D06,MANABI,PICHINCHA,001404,BARRAGANETE,CENTRO DE SALUD A,1,ODONTOLOGIA,156,-0.777260020046138,-79.6971851214919
2911,Z04,13D06,MANABI,PICHINCHA,001405,SAN SEBASTIAN,CENTRO DE SALUD A,1,ODONTOLOGIA,156,-1.05254213646446,-80.0140914203474
2912,Z04,13D06,MANABI,BOLIVAR,001406,SAN PABLO,CENTRO DE SALUD A,1,ODONTOLOGIA,156,-0.993037601289881,-80.0434604329881
2913,Z04,13D07,MANABI,CHONE,001285,CONVENTO,CENTRO DE SALUD A,1,ODONTOLOGIA,156,-0.277730716600166,-80.0322611745079
2914,Z04,13D09,MANABI,PAJAN,001244,PECHICHAL,PUESTO DE SALUD,1,ODONTOLOGIA,157,-1.59537293876234,-80.4594088070274
2915,Z04,13D09,MANABI,PAJAN,001345,CASCOL,CENTRO DE SALUD A,1,ODONTOLOGIA,157,-1.66228348782742,-80.4599663410139
2916,Z04,13D09,MANABI,PAJAN,001346,CAMPOZANO,CENTRO DE SALUD A,1,ODONTOLOGIA,157,-1.59188219585812,-80.3992323620098
2917,Z04,13D09,MANABI,PAJAN,001347,ESTERO CIEGO,CENTRO DE SALUD A,1,ODONTOLOGIA,157,-1.6207533709243,-80.3232245155474
2918,Z04,13D09,MANABI,PAJAN,001348,GUALE,CENTRO DE SALUD A,1,ODONTOLOGIA,157,-1.62892879929822,-80.2400226274355
2919,Z04,13D09,MANABI,PAJAN,001349,LA BALSA,CENTRO DE SALUD A,1,ODONTOLOGIA,157,-1.5527703594825,-80.3896697031231
2920,Z04,13D09,MANABI,PAJAN,001351,PROCEL,CENTRO DE SALUD A,1,ODONTOLOGIA,157,-1.66380832368467,-80.3847012054006
2921,Z04,13D09,MANABI,PAJAN,001352,NUEVA ESPERANZA,CENTRO DE SALUD A,1,ODONTOLOGIA,157,-1.58963335728959,-80.3522441243397
2922,Z04,13D09,MANABI,PAJAN,002978,CENTRO DE SALUD DE PAJAN,CENTRO DE SALUD A,1,ODONTOLOGIA,157,-1.55660905329648,-80.4320993474453
2923,Z04,13D11,MANABI,JAMA,001250,JAMA,CENTRO DE SALUD C,1,ODONTOLOGIA,157,-0.195577805676601,-80.2681889978146
2924,Z04,13D11,MANABI,SUCRE,001287,SAN ISIDRO,CENTRO DE SALUD B,1,ODONTOLOGIA,157,-0.380826075934791,-80.1866460945051
2925,Z04,13D11,MANABI,SAN VICENTE,001290,COMUNA SALINAS,CENTRO DE SALUD A,1,ODONTOLOGIA,157,-0.645096651321652,-80.296742527862
2926,Z04,13D11,MANABI,SAN VICENTE,001291,SAN VICENTE,CENTRO DE SALUD B,1,ODONTOLOGIA,157,-0.588025187077942,-80.405173778853
2927,Z04,13D11,MANABI,SAN VICENTE,001292,CANOA,CENTRO DE SALUD A,1,ODONTOLOGIA,157,-0.461536724869728,-80.4561666530436
2928,Z04,13D11,MANABI,JAMA,001293,LA MOCORA,CENTRO DE SALUD A,1,ODONTOLOGIA,157,-0.270946775634765,-80.1602902595992
2929,Z04,13D11,MANABI,SAN VICENTE,001294,CHITA,CENTRO DE SALUD A,1,ODONTOLOGIA,157,-0.479366026905204,-80.3307849089463
2930,Z04,13D11,MANABI,SUCRE,001295,SAN AGUSTIN KM 20,CENTRO DE SALUD A,1,ODONTOLOGIA,157,-0.693608572984482,-80.3238036970519
2931,Z04,13D11,MANABI,SUCRE,001296,CHARAPOTO,CENTRO DE SALUD A,1,ODONTOLOGIA,157,-0.837520584416356,-80.4863238446547
2932,Z04,13D11,MANABI,SUCRE,001297,LAS CAÑITAS,CENTRO DE SALUD A,1,ODONTOLOGIA,157,-0.853042424921446,-80.4666934121701
2933,Z04,13D11,MANABI,SUCRE,001341,SAN JACINTO,CENTRO DE SALUD A,1,ODONTOLOGIA,158,-0.781595836530176,-80.5144788997831
2934,Z04,13D11,MANABI,SUCRE,001342,SAN CLEMENTE,CENTRO DE SALUD A,1,ODONTOLOGIA,158,-0.763555788437488,-80.5110658064286
2935,Z04,13D11,MANABI,PEDERNALES,001353,ATAHUALPA,CENTRO DE SALUD A,1,ODONTOLOGIA,158,-0.0291547501127044,-79.9701564562127
2936,Z04,13D11,MANABI,PEDERNALES,001354,CHEVE ARRIBA,CENTRO DE SALUD A,1,ODONTOLOGIA,158,0.0935044256399991,-79.890402751619
2937,Z04,13D11,MANABI,PEDERNALES,001355,COJIMIES,CENTRO DE SALUD B,1,ODONTOLOGIA,158,0.365369056437615,-80.0376083668458
2938,Z04,13D11,MANABI,PEDERNALES,001356,10 DE AGOSTO,CENTRO DE SALUD A,1,ODONTOLOGIA,158,-0.143733767316212,-80.0716350811647
2939,Z04,13D11,MANABI,SUCRE,002780,FANCA,PUESTO DE SALUD,1,ODONTOLOGIA,158,-0.645456090202901,-80.4201215029588
2940,Z04,13D11,MANABI,SUCRE,002782,LOS CARAS,PUESTO DE SALUD,1,ODONTOLOGIA,158,-0.678433902213725,-80.3651270468915
2941,Z04,13D12,MANABI,TOSAGUA,001246,CENTRO DE SALUD TIPO C DR. ARNALDO CALDERON COELLO,CENTRO DE SALUD C,1,ODONTOLOGIA,158,-0.78354384988244,-80.2331935265531
2942,Z04,13D12,MANABI,TOSAGUA,001270,LA ESTANCILLA,CENTRO DE SALUD A,1,ODONTOLOGIA,158,-0.805179250283876,-80.2134725035587
2943,Z04,13D12,MANABI,ROCAFUERTE,001338,RESBALON,CENTRO DE SALUD A,1,ODONTOLOGIA,158,-0.964468248610844,-80.437080908456
2944,Z04,13D12,MANABI,ROCAFUERTE,001339,FRUTILLO,CENTRO DE SALUD A,1,ODONTOLOGIA,158,-0.88068434891559,-80.492663215321
2945,Z04,13D12,MANABI,ROCAFUERTE,001340,VALDEZ,CENTRO DE SALUD A,1,ODONTOLOGIA,158,-0.951722253340196,-80.4432933840566
2946,Z04,13D12,MANABI,ROCAFUERTE,001343,SAN ELOY,CENTRO DE SALUD A,1,ODONTOLOGIA,158,-0.881068033972166,-80.455140678032
2947,Z04,13D12,MANABI,ROCAFUERTE,001344,PUEBLITO,CENTRO DE SALUD A,1,ODONTOLOGIA,158,-0.911922657200727,-80.4873562799077
2948,Z04,13D12,MANABI,TOSAGUA,001407,CERRO VERDE,CENTRO DE SALUD A,1,ODONTOLOGIA,158,-0.766663946286871,-80.3465477087378
2949,Z04,13D12,MANABI,TOSAGUA,001408,BACHILLERO,CENTRO DE SALUD A,1,ODONTOLOGIA,158,-0.773433079033445,-80.2016699492722
2950,Z04,13D12,MANABI,ROCAFUERTE,004443,CENTRO DE SALUD DE ROCAFUERTE,CENTRO DE SALUD B,1,ODONTOLOGIA,158,-0.93128,-80.448521
2951,Z04,23D01 SANTO DOMINGO,DOMINGO DE LOS TSACHILAS,SANTO DOMINGO,002064,LIBERTAD DEL TOACHI,CENTRO DE SALUD A,1,ODONTOLOGIA,158,-0.210660141056988,-79.1126197927217
2952,Z04,23D01 SANTO DOMINGO,DOMINGO DE LOS TSACHILAS,SANTO DOMINGO,002067,SAN JACINTO DEL BUA,CENTRO DE SALUD A,1,ODONTOLOGIA,159,-0.14674344494335,-79.3911035555066
2953,Z04,23D01 SANTO DOMINGO,DOMINGO DE LOS TSACHILAS,SANTO DOMINGO,002068,ALLURIQUIN,CENTRO DE SALUD B,1,ODONTOLOGIA,159,-0.323993222479417,-78.998400432612
2954,Z04,23D01 SANTO DOMINGO,DOMINGO DE LOS TSACHILAS,SANTO DOMINGO,002070,SAN VICENTE DEL NILA,CENTRO DE SALUD A,1,ODONTOLOGIA,159,-0.496663982257105,-79.4322924774018
2955,Z04,23D01 SANTO DOMINGO,DOMINGO DE LOS TSACHILAS,SANTO DOMINGO,002071,LUZ DE AMERICA,CENTRO DE SALUD B,1,ODONTOLOGIA,159,-0.405058758999882,-79.3007427741444
2956,Z04,23D01 SANTO DOMINGO,DOMINGO DE LOS TSACHILAS,SANTO DOMINGO,002072,EL ESFUERZO,CENTRO DE SALUD A,1,ODONTOLOGIA,159,-0.414937700134002,-79.2760016600787
2957,Z04,23D01 SANTO DOMINGO,DOMINGO DE LOS TSACHILAS,SANTO DOMINGO,002073,SANTA MARIA DEL TOACHI,CENTRO DE SALUD A,1,ODONTOLOGIA,159,-0.63833358455973,-79.2293269875806
2958,Z04,23D01 SANTO DOMINGO,DOMINGO DE LOS TSACHILAS,SANTO DOMINGO,002074,PUERTO LIMON,CENTRO DE SALUD A,1,ODONTOLOGIA,159,-0.384661775776842,-79.3707883975315
2959,Z04,23D01 SANTO DOMINGO,DOMINGO DE LOS TSACHILAS,LA CONCORDIA,002078,PLAN PILOTO,CENTRO DE SALUD A,1,ODONTOLOGIA,159,-0.07257591890094,-79.3923022802963
2960,Z04,23D01 SANTO DOMINGO,DOMINGO DE LOS TSACHILAS,LA CONCORDIA,002079,LA VILLEGAS,CENTRO DE SALUD A,1,ODONTOLOGIA,159,-0.059548,-79.443984
2961,Z04,23D01 SANTO DOMINGO,DOMINGO DE LOS TSACHILAS,LA CONCORDIA,002740,ALIANZA,CENTRO DE SALUD A,1,ODONTOLOGIA,159,0.00433196318100794,-79.4004423401591
2962,Z04,23D01 SANTO DOMINGO,DOMINGO DE LOS TSACHILAS,SANTO DOMINGO,002795,15 DE SEPTIEMBRE,CENTRO DE SALUD A,1,ODONTOLOGIA,159,-0.273880618125523,-79.2050915468183
2963,Z04,23D01 SANTO DOMINGO,DOMINGO DE LOS TSACHILAS,SANTO DOMINGO,020911,CONGOMA,PUESTO DE SALUD,1,ODONTOLOGIA,159,-0.3512610,-79.2909500
2964,Z04,23D01 SANTO DOMINGO,DOMINGO DE LOS TSACHILAS,SANTO DOMINGO,020912,JULIO MORENO,PUESTO DE SALUD,1,ODONTOLOGIA,159,-0.321239,-79.165589
2965,Z04,COORDINACION ZONAL 4,MANABI,PORTOVIEJO,001260,ABDON CALDERON,CENTRO DE SALUD B,1,ODONTOLOGIA,159,-1.03077245522746,-80.3425642011766
2966,Z04,COORDINACION ZONAL 4,MANABI,PORTOVIEJO,001261,RIOCHICO,CENTRO DE SALUD A,1,ODONTOLOGIA,159,-0.99426516107886,-80.4175817460969
2967,Z04,COORDINACION ZONAL 4,MANABI,PORTOVIEJO,001357,LOS ANGELES DE COLON,CENTRO DE SALUD A,1,ODONTOLOGIA,159,-1.09695433357681,-80.4114690168472
2968,Z04,COORDINACION ZONAL 4,MANABI,PORTOVIEJO,001358,EL RODEO,CENTRO DE SALUD A,1,ODONTOLOGIA,159,-1.02093849246024,-80.386973983675
2969,Z04,COORDINACION ZONAL 4,MANABI,PORTOVIEJO,001371,CRUCITA,CENTRO DE SALUD A,1,ODONTOLOGIA,159,-0.876899916968193,-80.5406298587466
2970,Z04,COORDINACION ZONAL 4,MANABI,PORTOVIEJO,001373,ALHAJUELA,CENTRO DE SALUD A,1,ODONTOLOGIA,159,-1.05346584161991,-80.2805450324591
2971,Z04,COORDINACION ZONAL 4,MANABI,PORTOVIEJO,001375,CHIRIJO,CENTRO DE SALUD A,1,ODONTOLOGIA,160,-1.03163612751654,-80.2403761251338
2972,Z04,COORDINACION ZONAL 4,MANABI,PORTOVIEJO,001376,PUEBLO NUEVO,CENTRO DE SALUD A,1,ODONTOLOGIA,160,-0.98421117461819,-80.3080258241296
2973,Z04,COORDINACION ZONAL 4,MANABI,PORTOVIEJO,001377,SAN PLACIDO,CENTRO DE SALUD A,1,ODONTOLOGIA,160,-1.06054069204102,-80.244638230296
2974,Z04,COORDINACION ZONAL 4,MANABI,PORTOVIEJO,001383,PIMPIGUASI,CENTRO DE SALUD A,1,ODONTOLOGIA,160,-1.01427642774742,-80.3681372050211
2975,Z04,COORDINACION ZONAL 4,MANABI,PORTOVIEJO,001386,KM 90,PUESTO DE SALUD,1,ODONTOLOGIA,160,-1.02564781816718,-80.07170588987
2976,Z05,09D12,GUAYAS,NARANJAL,000041,AGUAS CALIENTES,CENTRO DE SALUD A,1,ODONTOLOGIA,160,-2.62371273585116,-79.4930010951725
2977,Z05,02D01,BOLIVAR,GUARANDA,000110,CHAZO JUAN,CENTRO DE SALUD A,1,ODONTOLOGIA,160,-1.39585247424134,-79.1490293837234
2978,Z05,02D01,BOLIVAR,GUARANDA,000111,LA PALMA,CENTRO DE SALUD A,1,ODONTOLOGIA,160,-1.35051883933563,-79.1562608755993
2979,Z05,02D03,BOLIVAR,SAN MIGUEL,000112,LAS GUARDIAS,CENTRO DE SALUD A,1,ODONTOLOGIA,160,-1.82687880363014,-79.1467619186431
2980,Z05,02D04,BOLIVAR,CALUMA,000113,CHARQUIYACU,CENTRO DE SALUD A,1,ODONTOLOGIA,160,-1.58035395933977,-79.2189003320978
2981,Z05,02D04,BOLIVAR,LAS NAVES,000115,LAS MERCEDES,PUESTO DE SALUD,1,ODONTOLOGIA,160,-1.27256945414609,-79.323693572914
2982,Z05,02D04,BOLIVAR,LAS NAVES,000116,LAS NAVES,CENTRO DE SALUD A,1,ODONTOLOGIA,160,-1.28221186319268,-79.3133005582564
2983,Z05,02D04,BOLIVAR,ECHEANDIA,000117,CENTRO DE SALUD ECHEANDIA,CENTRO DE SALUD C,1,ODONTOLOGIA,160,-1.4346734713553,-79.2774772561222
2984,Z05,02D04,BOLIVAR,ECHEANDIA,000119,SABANETILLAS,PUESTO DE SALUD,1,ODONTOLOGIA,160,-1.47461594467843,-79.311233189237
2985,Z05,02D01,BOLIVAR,GUARANDA,000120,FACUNDO VELA,CENTRO DE SALUD A,1,ODONTOLOGIA,160,-1.20535784174017,-79.064478049806
2986,Z05,02D01,BOLIVAR,GUARANDA,000121,TALAHUA,CENTRO DE SALUD A,1,ODONTOLOGIA,160,-1.29889846577343,-79.0185293522567
2987,Z05,02D01,BOLIVAR,GUARANDA,000122,SIMIATUG,CENTRO DE SALUD B,1,ODONTOLOGIA,160,-1.28973784640481,-78.9601171346544
2988,Z05,02D01,BOLIVAR,GUARANDA,000123,SALINAS,CENTRO DE SALUD A,1,ODONTOLOGIA,160,-1.40513917538934,-79.0176975058986
2989,Z05,02D01,BOLIVAR,GUARANDA,000124,QUINUACORRAL,PUESTO DE SALUD,1,ODONTOLOGIA,160,-1.50610171343738,-78.9707022992546
2990,Z05,02D01,BOLIVAR,GUARANDA,000125,CUATRO ESQUINAS,CENTRO DE SALUD A,1,ODONTOLOGIA,161,-1.5282031338283,-78.9939331175335
2991,Z05,02D01,BOLIVAR,GUARANDA,000127,SAN JUAN DE LLULLUNDONGO,CENTRO DE SALUD A,1,ODONTOLOGIA,161,-1.54409188438311,-79.0350945498267
2992,Z05,02D01,BOLIVAR,GUARANDA,000128,GUANUJO,CENTRO DE SALUD A,1,ODONTOLOGIA,161,-1.559421,-79.011043
2993,Z05,02D03,BOLIVAR,SAN MIGUEL,000131,BALSAPAMBA,CENTRO DE SALUD A,1,ODONTOLOGIA,161,-1.76642751887706,-79.1807463426179
2994,Z05,02D03,BOLIVAR,SAN MIGUEL,000132,SAN PABLO,CENTRO DE SALUD A,1,ODONTOLOGIA,161,-1.81513959662664,-79.0675237439117
2995,Z05,02D03,BOLIVAR,SAN MIGUEL,000133,BILOVAN,CENTRO DE SALUD A,1,ODONTOLOGIA,161,-1.80578099118157,-79.1015551650961
2996,Z05,02D03,BOLIVAR,CHIMBO,000134,ASUNCION,CENTRO DE SALUD A,1,ODONTOLOGIA,161,-1.66474088536071,-79.0380792822915
2997,Z05,02D03,BOLIVAR,CHIMBO,000135,MAGDALENA (CHAPOCOTO),CENTRO DE SALUD A,1,ODONTOLOGIA,161,-1.66364774913954,-79.0663211323306
2998,Z05,02D03,BOLIVAR,CHIMBO,000136,TELIMBELA,CENTRO DE SALUD A,1,ODONTOLOGIA,161,-1.66682360896936,-79.1719803747457
2999,Z05,02D04,BOLIVAR,CALUMA,000137,YATUVI,CENTRO DE SALUD A,1,ODONTOLOGIA,161,-1.60657394682103,-79.2982518784409
3000,Z05,02D04,BOLIVAR,CALUMA,000138,PITA,PUESTO DE SALUD,1,ODONTOLOGIA,161,-1.62964692784674,-79.3026090124218
3001,Z05,02D04,BOLIVAR,CALUMA,000139,CENTRO DE SALUD CALUMA,CENTRO DE SALUD C,1,ODONTOLOGIA,161,-1.62698289992462,-79.2543010608507
3002,Z05,02D01,BOLIVAR,GUARANDA,000140,JULIO MORENO (CATANAHUAN G.),CENTRO DE SALUD A,1,ODONTOLOGIA,161,-1.591413,-79.032649
3003,Z05,02D03,BOLIVAR,SAN MIGUEL,000142,QUISACOTO,CENTRO DE SALUD A,1,ODONTOLOGIA,161,-1.80172702948385,-79.0144313708417
3004,Z05,02D03,BOLIVAR,SAN MIGUEL,000143,SAN VICENTE,CENTRO DE SALUD A,1,ODONTOLOGIA,161,-1.7149416681468,-79.0207499555466
3005,Z05,02D03,BOLIVAR,SAN MIGUEL,000144,SANTIAGO,CENTRO DE SALUD A,1,ODONTOLOGIA,161,-1.70044208862314,-78.9979692724025
3006,Z05,02D01,BOLIVAR,GUARANDA,000145,SAN LORENZO,CENTRO DE SALUD A,1,ODONTOLOGIA,161,-1.67630829438101,-78.996475499655
3007,Z05,02D01,BOLIVAR,GUARANDA,000146,SAN SIMON,CENTRO DE SALUD A,1,ODONTOLOGIA,161,-1.64095763937021,-78.989808358212
3008,Z05,02D03,BOLIVAR,CHILLANES,000147,CAPILLA DE PACAY,CENTRO DE SALUD A,1,ODONTOLOGIA,161,-1.98357643303436,-79.0766200835629
3009,Z05,02D03,BOLIVAR,CHILLANES,000148,UNDUSHI,PUESTO DE SALUD,1,ODONTOLOGIA,162,-1.98752913790158,-79.1325696923765
3010,Z05,02D03,BOLIVAR,CHILLANES,000149,BOLA DE ORO,PUESTO DE SALUD,1,ODONTOLOGIA,162,-1.92829610173723,-79.0165719810539
3011,Z05,02D03,BOLIVAR,CHILLANES,000150,SAN JOSE DEL TAMBO,CENTRO DE SALUD A,1,ODONTOLOGIA,162,-1.95537842105,-79.2397107008
3012,Z05,02D03,BOLIVAR,CHILLANES,000151,COLOMBIA ALTA,CENTRO DE SALUD A,1,ODONTOLOGIA,162,-2.0135222385589,-79.2258056691616
3013,Z05,02D03,BOLIVAR,SAN MIGUEL,000153,REGULO DE MORA,CENTRO DE SALUD A,1,ODONTOLOGIA,162,-1.87643810565057,-79.1873222907435
3014,Z05,02D01,BOLIVAR,GUARANDA,000154,CACHISAGUA,CENTRO DE SALUD A,1,ODONTOLOGIA,162,-1.61033504335854,-78.9373058954671
3015,Z05,02D01,BOLIVAR,GUARANDA,000155,VINCHOA,CENTRO DE SALUD A,1,ODONTOLOGIA,162,-1.60289787549535,-78.9862880008543
3016,Z05,02D03,BOLIVAR,CHIMBO,000156,CENTRO DE SALUD CHIMBO,CENTRO DE SALUD A,1,ODONTOLOGIA,162,-1.681572192208,-79.0264673583
3017,Z05,02D03,BOLIVAR,CHILLANES,000157,MATAPALO CERRITOS,PUESTO DE SALUD,1,ODONTOLOGIA,162,-1.89660244274,-79.1016968285
3018,Z05,09D21,GUAYAS,SIMON BOLIVAR,000725,MATA DE PLATANO,CENTRO DE SALUD A,1,ODONTOLOGIA,162,-2.0382401809696,-79.5040333710392
3019,Z05,09D12,GUAYAS,NARANJAL,000727,SANTA ROSA DE FLANDES,CENTRO DE SALUD A,1,ODONTOLOGIA,162,-2.63743904860167,-79.6474822824741
3020,Z05,09D21,GUAYAS,NARANJITO,000728,PRIMAVERA,CENTRO DE SALUD A,1,ODONTOLOGIA,162,-2.16728257387096,-79.3577011717531
3021,Z05,09D19,GUAYAS,SANTA LUCIA,000730,PORVENIR,CENTRO DE SALUD A,1,ODONTOLOGIA,162,-1.70505309014553,-80.018155789169
3022,Z05,09D19,GUAYAS,SANTA LUCIA,000731,PINAL DE ARRIBA,CENTRO DE SALUD A,1,ODONTOLOGIA,162,-1.78919733221309,-80.01691645556
3023,Z05,09D21,GUAYAS,ALFREDO BAQUERIZO MORENO,000817,ALFREDO BAQUERIZO MORENO,CENTRO DE SALUD B,1,ODONTOLOGIA,162,-1.89204048283815,-79.5551111199024
3024,Z05,09D21,GUAYAS,SIMON BOLIVAR,000818,SIMON BOLIVAR,CENTRO DE SALUD B,1,ODONTOLOGIA,162,-2.00030897074959,-79.4841842371134
3025,Z05,09D21,GUAYAS,SIMON BOLIVAR,000822,LORENZO DE GARAICOA,CENTRO DE SALUD A,1,ODONTOLOGIA,162,-2.06359177255059,-79.4304053599324
3026,Z05,09D21,GUAYAS,SIMON BOLIVAR,000823,RIO CHICO,CENTRO DE SALUD A,1,ODONTOLOGIA,162,-2.05905930905045,-79.3662643916966
3027,Z05,09D21,GUAYAS,SIMON BOLIVAR,000824,SOLEDAD,CENTRO DE SALUD A,1,ODONTOLOGIA,162,-2.06266628210926,-79.347519019804
3028,Z05,09D21,GUAYAS,SIMON BOLIVAR,000825,INES MARIA,CENTRO DE SALUD A,1,ODONTOLOGIA,163,-2.09837443430152,-79.3015666625192
3029,Z05,09D12,GUAYAS,BALAO,000826,BALAO,CENTRO DE SALUD B,1,ODONTOLOGIA,163,-2.90985021826179,-79.8132848993452
3030,Z05,09D12,GUAYAS,BALAO,000827,CIEN FAMILIAS,CENTRO DE SALUD A,1,ODONTOLOGIA,163,-2.82610358886511,-79.705928925677
3031,Z05,09D13,GUAYAS,COLIMES,000829,COLIMES,CENTRO DE SALUD B,1,ODONTOLOGIA,163,-1.54363453089544,-80.0108180731481
3032,Z05,09D13,GUAYAS,BALZAR,000830,CERRITOS,CENTRO DE SALUD A,1,ODONTOLOGIA,163,-1.47080134671081,-79.9230899637972
3033,Z05,09D13,GUAYAS,BALZAR,000831,LA GUAYAQUIL,CENTRO DE SALUD A,1,ODONTOLOGIA,163,-1.18626272157826,-79.7554385502654
3034,Z05,09D13,GUAYAS,COLIMES,000833,SAN JACINTO DE COLIMES,CENTRO DE SALUD A,1,ODONTOLOGIA,163,-1.62012931763787,-79.9980804508179
3035,Z05,09D19,GUAYAS,DAULE,000834,LIMONAL,CENTRO DE SALUD A,1,ODONTOLOGIA,163,-1.79435760524254,-80.0078430111915
3036,Z05,09D19,GUAYAS,DAULE,000835,GUARUMAL,CENTRO DE SALUD A,1,ODONTOLOGIA,163,-1.8297846533891,-79.9354195112697
3037,Z05,09D19,GUAYAS,DAULE,000836,LAUREL,CENTRO DE SALUD A,1,ODONTOLOGIA,163,-1.78889886118017,-79.9058049790759
3038,Z05,09D19,GUAYAS,DAULE,000838,JUAN BAUTISTA AGUIRRE,CENTRO DE SALUD A,1,ODONTOLOGIA,163,-1.87684784349548,-79.861935176427
3039,Z05,09D19,GUAYAS,DAULE,000839,LAS LOJAS,CENTRO DE SALUD A,1,ODONTOLOGIA,163,-2.01359602232084,-79.9413833884275
3040,Z05,09D19,GUAYAS,NOBOL,000840,NOBOL,CENTRO DE SALUD B,1,ODONTOLOGIA,163,-1.908853,-80.017035
3041,Z05,09D15,GUAYAS,EL EMPALME,000851,LA GUAYAS,CENTRO DE SALUD A,1,ODONTOLOGIA,163,-0.980954912797235,-79.5720545118475
3042,Z05,09D13,GUAYAS,BALZAR,000852,LOS CHONEROS,CENTRO DE SALUD A,1,ODONTOLOGIA,163,-1.13346576169913,-79.8407615174949
3043,Z05,09D15,GUAYAS,EL EMPALME,000853,EL LIMON,CENTRO DE SALUD A,1,ODONTOLOGIA,163,-1.03498923733628,-79.6606466283986
3044,Z05,COORDINACION ZONAL 5,GUAYAS,MILAGRO,000858,LOS MONOS,CENTRO DE SALUD A,1,ODONTOLOGIA,163,-2.19380313768598,-79.5920800385241
3045,Z05,COORDINACION ZONAL 5,GUAYAS,MILAGRO,000860,CARRIZAL,CENTRO DE SALUD A,1,ODONTOLOGIA,163,-2.05335537707919,-79.5358510790369
3046,Z05,COORDINACION ZONAL 5,GUAYAS,MILAGRO,000861,MARISCAL SUCRE,CENTRO DE SALUD A,1,ODONTOLOGIA,163,-2.11115278274257,-79.5030838567895
3047,Z05,COORDINACION ZONAL 5,GUAYAS,MILAGRO,000862,ROBERTO ASTUDILLO,CENTRO DE SALUD A,1,ODONTOLOGIA,164,-2.18413534211759,-79.5179994532509
3048,Z05,09D12,GUAYAS,NARANJAL,000863,SAN CARLOS,CENTRO DE SALUD A,1,ODONTOLOGIA,164,-2.52179346272668,-79.4754060445546
3049,Z05,09D12,GUAYAS,NARANJAL,000864,VILLA NUEVA,CENTRO DE SALUD A,1,ODONTOLOGIA,164,-2.5978014344692,-79.6023242888976
3050,Z05,09D12,GUAYAS,NARANJAL,000865,JESUS MARIA,CENTRO DE SALUD A,1,ODONTOLOGIA,164,-2.5669506119293,-79.5456216794459
3051,Z05,09D12,GUAYAS,NARANJAL,000866,TAURA,CENTRO DE SALUD A,1,ODONTOLOGIA,164,-2.31039955897995,-79.7306087106261
3052,Z05,09D21,GUAYAS,CORONEL MARCELINO MARIDUEÑA,000868,MARCELINO MARIDUEÑA,CENTRO DE SALUD A,1,ODONTOLOGIA,164,-2.21083340876352,-79.4388053076661
3053,Z05,09D21,GUAYAS,NARANJITO,000869,BARRAGANETAL,CENTRO DE SALUD A,1,ODONTOLOGIA,164,-2.17508109116602,-79.2955854476791
3054,Z05,09D21,GUAYAS,GENERAL ANTONIO ELIZALDE,000870,MATILDE ESTHER,CENTRO DE SALUD A,1,ODONTOLOGIA,164,-2.10544205982884,-79.2410922508196
3055,Z05,09D14,GUAYAS,PEDRO CARBO,000871,MATERNO INFANTIL PEDRO CARBO,CENTRO DE SALUD C,1,ODONTOLOGIA,164,-1.82221689439638,-80.2236911612722
3056,Z05,09D14,GUAYAS,PEDRO CARBO,000872,LA ESTACADA,CENTRO DE SALUD A,1,ODONTOLOGIA,164,-1.82294572210201,-80.2570634868782
3057,Z05,09D14,GUAYAS,PEDRO CARBO,000873,SABANILLA,CENTRO DE SALUD A,1,ODONTOLOGIA,164,-1.84526455490162,-80.217945262833
3058,Z05,09D14,GUAYAS,PEDRO CARBO,000874,CASCAJAL,CENTRO DE SALUD A,1,ODONTOLOGIA,164,-1.76281385428617,-80.1717085223467
3059,Z05,09D14,GUAYAS,PEDRO CARBO,000875,LOS CORAZONES,CENTRO DE SALUD A,1,ODONTOLOGIA,164,-1.73654779709452,-80.2464807825294
3060,Z05,09D14,GUAYAS,PEDRO CARBO,000877,VALLE DE LA VIRGEN,CENTRO DE SALUD A,1,ODONTOLOGIA,164,-1.74460472339952,-80.1947757998971
3061,Z05,09D14,GUAYAS,PEDRO CARBO,000878,VILLAO,CENTRO DE SALUD A,1,ODONTOLOGIA,164,-1.83784420546069,-80.3464515868388
3062,Z05,09D14,GUAYAS,ISIDRO AYORA,000880,LAS MERCEDES,CENTRO DE SALUD A,1,ODONTOLOGIA,164,-1.94175742070542,-80.1522050468855
3063,Z05,09D22,GUAYAS,PLAYAS,000883,ENGABAO,CENTRO DE SALUD A,1,ODONTOLOGIA,164,-2.57401043422045,-80.4842978690152
3064,Z05,09D19,GUAYAS,SANTA LUCIA,000890,EL MATE,CENTRO DE SALUD A,1,ODONTOLOGIA,164,-1.77162718605563,-80.0112532771618
3065,Z05,09D19,GUAYAS,SANTA LUCIA,000891,BERMEJO DE ABAJO,CENTRO DE SALUD A,1,ODONTOLOGIA,164,-1.75315452241394,-80.0265363573956
3066,Z05,09D19,GUAYAS,SANTA LUCIA,000892,TAMARINDO,CENTRO DE SALUD A,1,ODONTOLOGIA,165,-1.67303234800514,-80.0216237283162
3067,Z05,09D13,GUAYAS,PALESTINA,000893,PALESTINA,CENTRO DE SALUD B,1,ODONTOLOGIA,165,-1.63130217524495,-79.9826049354084
3068,Z05,09D20,GUAYAS,SALITRE,000898,LA VIJA,CENTRO DE SALUD A,1,ODONTOLOGIA,165,-1.7708367165831,-79.77918522635
3069,Z05,12D01,LOS RIOS,BABAHOYO,001154,JUNTA NUEVA,CENTRO DE SALUD A,1,ODONTOLOGIA,165,-2.0048049410316,-79.2677799910585
3070,Z05,12D01,LOS RIOS,BABAHOYO,001155,ESTERO DE LA PLATA,CENTRO DE SALUD A,1,ODONTOLOGIA,165,-2.06835807,-79.25549509
3071,Z05,12D01,LOS RIOS,BABAHOYO,001156,FORTUNA BAJA,CENTRO DE SALUD A,1,ODONTOLOGIA,165,-2.11253355387725,-79.2190354676961
3072,Z05,12D01,LOS RIOS,BABA,001158,CAMPO ALEGRE,PUESTO DE SALUD,1,ODONTOLOGIA,165,-1.49294634933111,-79.6197177523817
3073,Z05,12D01,LOS RIOS,BABAHOYO,001160,SAN AGUSTIN,CENTRO DE SALUD A,1,ODONTOLOGIA,165,-1.88996465290284,-79.5603352976701
3074,Z05,12D01,LOS RIOS,BABAHOYO,001168,PUEBLO NUEVO,CENTRO DE SALUD A,1,ODONTOLOGIA,165,-1.95892417784979,-79.3979400365536
3075,Z05,12D01,LOS RIOS,BABAHOYO,001169,MATA DE CACAO,CENTRO DE SALUD A,1,ODONTOLOGIA,165,-1.99392417037963,-79.3534492287376
3076,Z05,12D01,LOS RIOS,BABAHOYO,001170,LA UNION,CENTRO DE SALUD A,1,ODONTOLOGIA,165,-1.71004939784403,-79.395447342381
3077,Z05,12D01,LOS RIOS,BABAHOYO,001171,CARACOL,CENTRO DE SALUD A,1,ODONTOLOGIA,165,-1.67117040992659,-79.4625503660121
3078,Z05,12D01,LOS RIOS,BABAHOYO,001173,PIMOCHA,CENTRO DE SALUD A,1,ODONTOLOGIA,165,-1.83712086251651,-79.608655889871
3079,Z05,12D01,LOS RIOS,MONTALVO,001175,GUALBERTO ANDRIUOLI,CENTRO DE SALUD A,1,ODONTOLOGIA,165,-1.77684746229463,-79.2774063819549
3080,Z05,12D01,LOS RIOS,MONTALVO,001176,24 DE MAYO,CENTRO DE SALUD A,1,ODONTOLOGIA,165,-1.84849998600102,-79.4067242963012
3081,Z05,12D01,LOS RIOS,MONTALVO,001178,LA VITALIA,PUESTO DE SALUD,1,ODONTOLOGIA,165,-1.8472794593801,-79.2632477716192
3082,Z05,12D01,LOS RIOS,MONTALVO,001180,LA CONSTANCIA,PUESTO DE SALUD,1,ODONTOLOGIA,165,-1.91048836788762,-79.2613338811682
3083,Z05,12D03,LOS RIOS,QUEVEDO,001190,SAN CARLOS,CENTRO DE SALUD A,1,ODONTOLOGIA,165,-1.11983545699238,-79.4368514893596
3084,Z05,12D03,LOS RIOS,QUEVEDO,001191,LA ESPERANZA,CENTRO DE SALUD A,1,ODONTOLOGIA,165,-0.964236101255118,-79.4192914170014
3085,Z05,12D03,LOS RIOS,BUENA FE,001192,BUENA FE,CENTRO DE SALUD C,1,ODONTOLOGIA,166,-0.906146,-79.495599
3086,Z05,12D03,LOS RIOS,BUENA FE,001193,PATRICIA PILAR,CENTRO DE SALUD A,1,ODONTOLOGIA,166,-0.570480899059014,-79.3698912018362
3087,Z05,12D03,LOS RIOS,BUENA FE,001194,FUMISA,CENTRO DE SALUD A,1,ODONTOLOGIA,166,-0.730064264768763,-79.4713416241788
3088,Z05,12D03,LOS RIOS,MOCACHE,001195,MOCACHE,CENTRO DE SALUD B,1,ODONTOLOGIA,166,-1.18600504843647,-79.5101007289918
3089,Z05,12D03,LOS RIOS,VALENCIA,001197,EL VERGEL,CENTRO DE SALUD A,1,ODONTOLOGIA,166,-0.797016648777915,-79.3528621335582
3090,Z05,12D03,LOS RIOS,VALENCIA,001199,FEDERICO INTRIAGO,CENTRO DE SALUD A,1,ODONTOLOGIA,166,-0.801264491438724,-79.4379575808776
3091,Z05,12D05,LOS RIOS,VINCES,001201,BALZAR DE VINCES,CENTRO DE SALUD A,1,ODONTOLOGIA,166,-1.55,-79.755
3092,Z05,12D05,LOS RIOS,VINCES,001202,NICARAGUA,CENTRO DE SALUD B,1,ODONTOLOGIA,166,-1.54892313234932,-79.7495444015781
3093,Z05,12D05,LOS RIOS,VINCES,001203,ANTONIO SOTOMAYOR,CENTRO DE SALUD A,1,ODONTOLOGIA,166,-1.64555719440164,-79.8024004989886
3094,Z05,12D05,LOS RIOS,VINCES,001204,BAGATELA,CENTRO DE SALUD A,1,ODONTOLOGIA,166,-1.67981746873968,-79.8269008898249
3095,Z05,12D05,LOS RIOS,VINCES,001205,CLARISA,CENTRO DE SALUD A,1,ODONTOLOGIA,166,-1.72017054169594,-79.7587776357808
3096,Z05,12D05,LOS RIOS,VINCES,001206,MATECITO,CENTRO DE SALUD A,1,ODONTOLOGIA,166,-1.69706534651268,-79.7525813921618
3097,Z05,12D05,LOS RIOS,PALENQUE,001207,PALENQUE,CENTRO DE SALUD B,1,ODONTOLOGIA,166,-1.43839348590028,-79.7519076671804
3098,Z05,12D05,LOS RIOS,PALENQUE,001208,JAUNECHE,CENTRO DE SALUD A,1,ODONTOLOGIA,166,-1.23927124090605,-79.6712821991829
3099,Z05,12D02,LOS RIOS,URDANETA,001209,SALAMPE,CENTRO DE SALUD A,1,ODONTOLOGIA,166,-1.54262255427952,-79.3701121939645
3100,Z05,12D02,LOS RIOS,URDANETA,001211,SANTO DOMINGO,PUESTO DE SALUD,1,ODONTOLOGIA,166,-1.5229522781,-79.34447798884
3101,Z05,12D02,LOS RIOS,URDANETA,001212,LA INDUSTRIA,CENTRO DE SALUD A,1,ODONTOLOGIA,166,-1.55228194125356,-79.3138958832071
3102,Z05,12D02,LOS RIOS,URDANETA,001213,CATARAMA,CENTRO DE SALUD A,1,ODONTOLOGIA,166,-1.56987722423152,-79.4737974443525
3103,Z05,12D02,LOS RIOS,URDANETA,001214,LOS SAUCES,CENTRO DE SALUD A,1,ODONTOLOGIA,166,-1.56406139652252,-79.473082705512
3104,Z05,12D02,LOS RIOS,PUEBLOVIEJO,001215,PUEBLO VIEJO,CENTRO DE SALUD B,1,ODONTOLOGIA,167,-1.55179391797067,-79.5312190299813
3105,Z05,12D02,LOS RIOS,PUEBLOVIEJO,001217,PUERTO PECHICHE,CENTRO DE SALUD A,1,ODONTOLOGIA,167,-1.42584474435403,-79.5616411756931
3106,Z05,12D02,LOS RIOS,PUEBLOVIEJO,001218,SAN JUAN,CENTRO DE SALUD A,1,ODONTOLOGIA,167,-1.62647728621566,-79.5630177466623
3107,Z05,12D02,LOS RIOS,PUEBLOVIEJO,001219,NUEVO SAN JUAN,CENTRO DE SALUD A,1,ODONTOLOGIA,167,-1.63392643693319,-79.5582760371337
3108,Z05,12D04,LOS RIOS,VENTANAS,001222,ZAPOTAL VIEJO (C. JUMENEZ B),CENTRO DE SALUD B,1,ODONTOLOGIA,167,-1.35471733162329,-79.4003304699186
3109,Z05,12D04,LOS RIOS,VENTANAS,001223,ZAPOTAL NUEVO,CENTRO DE SALUD A,1,ODONTOLOGIA,167,-1.35891563546473,-79.417014290958
3110,Z05,12D04,LOS RIOS,VENTANAS,001224,AGUAS FRIAS DE MEDELLIN,CENTRO DE SALUD A,1,ODONTOLOGIA,167,-1.36690968710594,-79.4714819350244
3111,Z05,12D04,LOS RIOS,VENTANAS,001225,LOS ANGELES,CENTRO DE SALUD A,1,ODONTOLOGIA,167,-1.42815377753236,-79.3768007092443
3112,Z05,12D04,LOS RIOS,VENTANAS,001226,PASAJE (E. ORTEGA),CENTRO DE SALUD A,1,ODONTOLOGIA,167,-1.35282303552377,-79.3145918687052
3113,Z05,12D04,LOS RIOS,QUINSALOMA,001228,ORO VERDE,CENTRO DE SALUD A,1,ODONTOLOGIA,167,-1.09147010671884,-79.3297409549098
3114,Z05,12D01,LOS RIOS,BABA,001229,GUARE,CENTRO DE SALUD A,1,ODONTOLOGIA,167,-1.67387865525934,-79.7046254130857
3115,Z05,12D01,LOS RIOS,BABA,001230,LA CARMELA,CENTRO DE SALUD A,1,ODONTOLOGIA,167,-1.64419931879323,-79.713956425607
3116,Z05,12D01,LOS RIOS,BABA,001231,ISLA DE BEJUCAL,CENTRO DE SALUD A,1,ODONTOLOGIA,167,-1.677596,-79.64510345
3117,Z05,24D02,SANTA ELENA,SALINAS,002086,ANCONCITO,CENTRO DE SALUD A,1,ODONTOLOGIA,167,-2.31963247812515,-80.8861441666584
3118,Z05,24D01,SANTA ELENA,SANTA ELENA,002082,PECHICHE,CENTRO DE SALUD A,1,ODONTOLOGIA,167,-2.35961467896231,-80.7169408207393
3119,Z05,24D01,SANTA ELENA,SANTA ELENA,002083,ZAPOTAL,CENTRO DE SALUD A,1,ODONTOLOGIA,167,-2.31614150149921,-80.5663742090982
3120,Z05,24D01,SANTA ELENA,SANTA ELENA,002087,OLON,CENTRO DE SALUD A,1,ODONTOLOGIA,167,-1.79951548443999,-80.7560438112247
3121,Z05,24D01,SANTA ELENA,SANTA ELENA,002088,COLONCHE,CENTRO DE SALUD A,1,ODONTOLOGIA,167,-2.02174243787068,-80.6675472650372
3122,Z05,24D01,SANTA ELENA,SANTA ELENA,002089,MANANTIAL DE GUANGALA,CENTRO DE SALUD A,1,ODONTOLOGIA,167,-1.99837400669641,-80.5885303941706
3123,Z05,24D01,SANTA ELENA,SANTA ELENA,002090,BAMBIL DESECHO,CENTRO DE SALUD A,1,ODONTOLOGIA,168,-1.96577384459228,-80.6503301215649
3124,Z05,24D01,SANTA ELENA,SANTA ELENA,002091,VALDIVIA,CENTRO DE SALUD A,1,ODONTOLOGIA,168,-1.941977,-80.723148
3125,Z05,24D01,SANTA ELENA,SANTA ELENA,002095,JULIO MORENO,CENTRO DE SALUD A,1,ODONTOLOGIA,168,-2.18530386252548,-80.3614569492852
3126,Z05,24D01,SANTA ELENA,SANTA ELENA,002096,SAN JOSE DE ANCON,CENTRO DE SALUD A,1,ODONTOLOGIA,168,-2.323718,-80.848162
3127,Z05,24D01,SANTA ELENA,SANTA ELENA,002097,JUAN MONTALVO,CENTRO DE SALUD A,1,ODONTOLOGIA,168,-2.27593387315818,-80.6945182205357
3128,Z05,24D01,SANTA ELENA,SANTA ELENA,002098,SAN PABLO,CENTRO DE SALUD A,1,ODONTOLOGIA,168,-2.14095698876783,-80.7759583836547
3129,Z05,24D01,SANTA ELENA,SANTA ELENA,002099,ATAHUALPA,CENTRO DE SALUD A,1,ODONTOLOGIA,168,-2.31620812151855,-80.773620440051
3130,Z05,24D01,SANTA ELENA,SANTA ELENA,002100,CHANDUY,CENTRO DE SALUD A,1,ODONTOLOGIA,168,-2.40485036174353,-80.6783542158211
3131,Z05,24D01,SANTA ELENA,SANTA ELENA,002101,PUERTO CHANDUY,CENTRO DE SALUD A,1,ODONTOLOGIA,168,-2.40585805918863,-80.6933837679931
3132,Z05,24D01,SANTA ELENA,SANTA ELENA,002103,AYANGUE,CENTRO DE SALUD A,1,ODONTOLOGIA,168,-1.97766193519358,-80.7517747489484
3133,Z05,24D01,SANTA ELENA,SANTA ELENA,002104,MONTEVERDE,CENTRO DE SALUD A,1,ODONTOLOGIA,168,-2.06025039833415,-80.7353690175942
3134,Z05,24D01,SANTA ELENA,SANTA ELENA,002741,SINCHAL,CENTRO DE SALUD A,1,ODONTOLOGIA,168,-1.941085,-80.700455
3135,Z05,24D01,SANTA ELENA,SANTA ELENA,002916,BAJADA DE CHANDUY,CENTRO DE SALUD A,1,ODONTOLOGIA,168,-2.312,-80.291
3136,Z05,24D01,SANTA ELENA,SANTA ELENA,002918,SAN ANTONIO,CENTRO DE SALUD A,1,ODONTOLOGIA,168,-1.86957322762743,-80.7335108330413
3137,Z05,09D21,GUAYAS,EL TRIUNFO,002115,EL PIEDRERO,CENTRO DE SALUD A,1,ODONTOLOGIA,168,-2.34338756007171,-79.3065280960295
3138,Z05,09D21,GUAYAS,NARANJITO,002773,SAN ANTONIO,CENTRO DE SALUD A,1,ODONTOLOGIA,168,-2.16517321383067,-79.3807074938007
3139,Z05,12D01,LOS RIOS,MONTALVO,002797,SAN JOAQUIN,CENTRO DE SALUD A,1,ODONTOLOGIA,168,-1.81847965989009,-79.3519532580056
3140,Z05,09D19,GUAYAS,SANTA LUCIA,002800,CENTRO DE SALUD MATERNO INFANTIL SANTA LUCIA,CENTRO DE SALUD C,1,ODONTOLOGIA,168,-1.71655284838773,-79.9882782063173
3141,Z05,12D01,LOS RIOS,BABA,002872,CENTRO DE SALUD BABA,CENTRO DE SALUD A,1,ODONTOLOGIA,168,-1.78500330040797,-79.6778445477278
3142,Z05,20D01,GALAPAGOS,SAN CRISTOBAL,002875,VELASCO IBARRA,PUESTO DE SALUD,1,ODONTOLOGIA,169,-1.275221,-90.484
3143,Z05,20D01,GALAPAGOS,SANTA CRUZ,002886,BELLAVISTA,CENTRO DE SALUD A,1,ODONTOLOGIA,169,-0.695817,-90.325738
3144,Z05,20D01,GALAPAGOS,SAN CRISTOBAL,002888,PROGRESO,CENTRO DE SALUD A,1,ODONTOLOGIA,169,-0.906027594681347,-89.5562432875272
3145,Z05,20D01,GALAPAGOS,SANTA CRUZ,002889,SANTA ROSA,PUESTO DE SALUD,1,ODONTOLOGIA,169,-0.651676,-90.407613
3146,Z05,20D01,GALAPAGOS,ISABELA,002890,SANTO TOMAS,PUESTO DE SALUD,1,ODONTOLOGIA,169,-0.854158,-91.026499
3147,Z05,20D01,GALAPAGOS,SAN CRISTOBAL,003095,CENTRO DE SALUD SAN CRISTOBAL,CENTRO DE SALUD A,1,ODONTOLOGIA,169,-0.905152,-89.6153364
3148,Z05,20D01,GALAPAGOS,SANTA CRUZ,003096,CENTRO DE SALUD SANTA CRUZ,CENTRO DE SALUD A,1,ODONTOLOGIA,169,-0.736144,-90.3162723854433
3149,Z05,09D15,GUAYAS,EL EMPALME,004445,CENTRO DE SALUD URBANO EL EMPALME,CENTRO DE SALUD B,1,ODONTOLOGIA,169,-1.050085,-79.644457
3150,Z05,02D03,BOLIVAR,SAN MIGUEL,019345,CENTRO DE SALUD SAN MIGUEL,CENTRO DE SALUD A,1,ODONTOLOGIA,169,-1.7092252568,-79.0444093867
3151,Z05,09D19,GUAYAS,DAULE,019537,CENTRO DE SALUD URBANO DAULE,CENTRO DE SALUD A,1,ODONTOLOGIA,169,-1.870401,-79.980561
3152,Z05,09D20,GUAYAS,SALITRE,019539,CENTRO DE SALUD SALITRE,CENTRO DE SALUD A,1,ODONTOLOGIA,169,-1.830128,-79.8135
3153,Z05,09D21,GUAYAS,EL TRIUNFO,019543,CENTRO DE SALUD EL TRIUNFO,CENTRO DE SALUD A,1,ODONTOLOGIA,169,-2.3327,-79.4049
3154,Z05,02D03,BOLIVAR,CHILLANES,020870,CENTRO DE SALUD CHILLANES,CENTRO DE SALUD A,1,ODONTOLOGIA,169,-1.9460656562,-79.06331549627
3155,Z05,09D13,GUAYAS,BALZAR,020938,CENTRO DE SALUD URBANO BALZAR,CENTRO DE SALUD B,1,ODONTOLOGIA,169,-1.36569,-79.90075
3156,Z05,12D04,LOS RIOS,QUINSALOMA,020939,ESTERO DE DAMAS,CENTRO DE SALUD A,1,ODONTOLOGIA,169,-1.28200,-79.36604
3157,Z05,20D01,GALAPAGOS,SANTA CRUZ,020959,CASCAJO,PUESTO DE SALUD,1,ODONTOLOGIA,169,,
3158,Z06,COORDINACION ZONAL 6,AZUAY,CUENCA,000002,ZHUCAY,PUESTO DE SALUD,1,ODONTOLOGIA,169,-2.96195290863218,-79.0518269243631
3159,Z06,COORDINACION ZONAL 6,AZUAY,CUENCA,000003,GULLANZHAPA,PUESTO DE SALUD,1,ODONTOLOGIA,169,-2.97972053225032,-78.9968905959759
3160,Z06,01D04,AZUAY,GUALACEO,000004,REMIGIO CRESPO,CENTRO DE SALUD A,1,ODONTOLOGIA,169,-2.914328,-78.7571
3161,Z06,01D04,AZUAY,CUENCA,000011,SIDCAY,CENTRO DE SALUD A,1,ODONTOLOGIA,170,-2.81729553364087,-78.9642117923807
3162,Z06,01D04,AZUAY,CUENCA,000012,LLACAO,CENTRO DE SALUD A,1,ODONTOLOGIA,170,-2.84033924054404,-78.9423570519474
3163,Z06,01D04,AZUAY,CUENCA,000013,NULTI,CENTRO DE SALUD A,1,ODONTOLOGIA,170,-2.86788056431583,-78.9283343405643
3164,Z06,01D04,AZUAY,CUENCA,000014,PACCHA,CENTRO DE SALUD A,1,ODONTOLOGIA,170,-2.90042783995935,-78.9376903932185
3165,Z06,01D04,AZUAY,CUENCA,000015,OCTAVIO CORDERO PALACIOS,CENTRO DE SALUD A,1,ODONTOLOGIA,170,-2.787828,-78.962503
3166,Z06,01D04,AZUAY,CUENCA,000021,CHIQUINTAD,CENTRO DE SALUD A,1,ODONTOLOGIA,170,-2.8145541358684,-78.9995188990066
3167,Z06,01D04,AZUAY,CUENCA,000022,CHECA,CENTRO DE SALUD A,1,ODONTOLOGIA,170,-2.80786101378669,-78.9929032238815
3168,Z06,01D04,AZUAY,CUENCA,000023,SININCAY,CENTRO DE SALUD B,1,ODONTOLOGIA,170,-2.8515320702022,-79.0139061298601
3169,Z06,01D04,AZUAY,CUENCA,000025,TIXAN,PUESTO DE SALUD,1,ODONTOLOGIA,170,-2.83331639098562,-78.9948917908522
3170,Z06,COORDINACION ZONAL 6,AZUAY,CUENCA,000029,EL VALLE,CENTRO DE SALUD B,1,ODONTOLOGIA,170,-2.93873804346665,-78.963609517334
3171,Z06,COORDINACION ZONAL 6,AZUAY,CUENCA,000030,QUINGEO,CENTRO DE SALUD A,1,ODONTOLOGIA,170,-3.03544403407096,-78.9350207493505
3172,Z06,COORDINACION ZONAL 6,AZUAY,CUENCA,000031,SANTA ANA,CENTRO DE SALUD A,1,ODONTOLOGIA,170,-2.94015074691767,-78.9209096050644
3173,Z06,01D04,AZUAY,CUENCA,000034,SAN JOAQUIN,CENTRO DE SALUD A,1,ODONTOLOGIA,170,-2.89673957932064,-79.0497543866759
3174,Z06,01D04,AZUAY,CUENCA,000036,SAYAUSI,CENTRO DE SALUD A,1,ODONTOLOGIA,170,-2.874020,-79.074429
3175,Z06,COORDINACION ZONAL 6,AZUAY,CUENCA,000037,TARQUI,CENTRO DE SALUD B,1,ODONTOLOGIA,170,-3.01457093666556,-79.0338093476906
3176,Z06,COORDINACION ZONAL 6,AZUAY,CUENCA,000038,VICTORIA DEL PORTETE,CENTRO DE SALUD A,1,ODONTOLOGIA,170,-3.05987012953132,-79.06356137039
3177,Z06,COORDINACION ZONAL 6,AZUAY,CUENCA,000040,MOLLETURO,CENTRO DE SALUD B,1,ODONTOLOGIA,170,-2.7628641693,-79.39264296447
3178,Z06,COORDINACION ZONAL 6,AZUAY,CUENCA,000042,SAN GABRIEL CHAUCHA,CENTRO DE SALUD A,1,ODONTOLOGIA,170,-2.91417722361626,-79.4332395296859
3179,Z06,01D08,AZUAY,SIGSIG,000044,JIMA,CENTRO DE SALUD A,1,ODONTOLOGIA,170,-3.19159413094929,-78.9576083571633
3180,Z06,01D08,AZUAY,SIGSIG,000045,SAN JOSE DE RARANGA,CENTRO DE SALUD A,1,ODONTOLOGIA,171,-3.13388188692212,-78.9659781964474
3181,Z06,01D04,AZUAY,CHORDELEG,000046,CHORDELEG,CENTRO DE SALUD B,1,ODONTOLOGIA,171,-2.92051173875516,-78.7744482490582
3182,Z06,01D04,AZUAY,CHORDELEG,000047,PRINCIPAL,CENTRO DE SALUD A,1,ODONTOLOGIA,171,-3.02668556305437,-78.7508462306672
3183,Z06,01D04,AZUAY,GUALACEO,000048,DANIEL CORDOVA,CENTRO DE SALUD A,1,ODONTOLOGIA,171,-2.87577166987898,-78.7424554144837
3184,Z06,01D04,AZUAY,GUALACEO,000049,JADAN,CENTRO DE SALUD A,1,ODONTOLOGIA,171,-2.88942131235484,-78.8772833880988
3185,Z06,01D04,AZUAY,GUALACEO,000051,SAN JUAN,CENTRO DE SALUD A,1,ODONTOLOGIA,171,-2.9653122994105,-78.8136275664218
3186,Z06,01D04,AZUAY,GUALACEO,000052,LUIS CORDERO,CENTRO DE SALUD A,1,ODONTOLOGIA,171,-2.89679411617655,-78.753670901819
3187,Z06,01D06,AZUAY,SEVILLA DE ORO,000053,SEVILLA DE ORO,CENTRO DE SALUD A,1,ODONTOLOGIA,171,-2.80261022916204,-78.6553838757578
3188,Z06,01D06,AZUAY,GUACHAPALA,000054,GUACHAPALA,CENTRO DE SALUD A,1,ODONTOLOGIA,171,-2.77286157882958,-78.7153421975868
3189,Z06,01D06,AZUAY,EL PAN,000055,EL PAN,CENTRO DE SALUD A,1,ODONTOLOGIA,171,-2.78871368739019,-78.6675477369016
3190,Z06,01D06,AZUAY,SEVILLA DE ORO,000059,PALMAS,CENTRO DE SALUD A,1,ODONTOLOGIA,171,-2.71950110859943,-78.6324446647699
3191,Z06,01D06,AZUAY,PAUTE,000060,SAN CRISTOBAL,CENTRO DE SALUD A,1,ODONTOLOGIA,171,-2.82714228015919,-78.8401737574802
3192,Z06,01D06,AZUAY,EL PAN,000061,SAN VICENTE,CENTRO DE SALUD A,1,ODONTOLOGIA,171,-2.81142031815463,-78.671647215747
3193,Z06,01D06,AZUAY,PAUTE,000062,BULAN,CENTRO DE SALUD A,1,ODONTOLOGIA,171,-2.73303705243611,-78.7755966991538
3194,Z06,01D06,AZUAY,PAUTE,000063,CHICAN,CENTRO DE SALUD A,1,ODONTOLOGIA,171,-2.82032807836892,-78.7605896419991
3195,Z06,01D06,AZUAY,PAUTE,000064,EL CABO,CENTRO DE SALUD A,1,ODONTOLOGIA,171,-2.85403879790252,-78.7791001646538
3196,Z06,01D06,AZUAY,EL PAN,000066,LA MERCED,CENTRO DE SALUD A,1,ODONTOLOGIA,171,-2.84206628858288,-78.6680259458943
3197,Z06,01D03,AZUAY,PUCARA,000069,SAN RAFAEL DE ZHARUG,CENTRO DE SALUD A,1,ODONTOLOGIA,171,-3.2774981494186,-79.5472262046292
3198,Z06,01D03,AZUAY,PUCARA,000070,CHILCAPLAYA,CENTRO DE SALUD A,1,ODONTOLOGIA,171,-3.31747836536047,-79.5756046802065
3199,Z06,01D03,AZUAY,SAN FERNANDO,000071,SAN FERNANDO,CENTRO DE SALUD A,1,ODONTOLOGIA,172,-3.148160,-79.252056
3200,Z06,01D03,AZUAY,GIRON,000073,ASUNCION,CENTRO DE SALUD A,1,ODONTOLOGIA,172,-3.21038239399611,-79.2594362777511
3201,Z06,01D03,AZUAY,SANTA ISABEL,000075,ZHAGLLY,CENTRO DE SALUD A,1,ODONTOLOGIA,172,-3.17090836247457,-79.3859765514266
3202,Z06,01D03,AZUAY,SANTA ISABEL,000076,ABDON CALDERON (LA UNION),CENTRO DE SALUD A,1,ODONTOLOGIA,172,-3.25934245294952,-79.2816025980884
3203,Z06,01D08,AZUAY,SIGSIG,000077,ZHIMBRUG,CENTRO DE SALUD A,1,ODONTOLOGIA,172,-3.021026,-78.799068
3204,Z06,01D08,AZUAY,SIGSIG,000078,CUTCHIL,CENTRO DE SALUD A,1,ODONTOLOGIA,172,-3.082423,-78.793259
3205,Z06,01D08,AZUAY,SIGSIG,000080,LUDO,CENTRO DE SALUD A,1,ODONTOLOGIA,172,-3.08327847773486,-78.8924878294964
3206,Z06,01D08,AZUAY,SIGSIG,000081,SARAR,CENTRO DE SALUD A,1,ODONTOLOGIA,172,-3.07638688877406,-78.8417966533792
3207,Z06,01D08,AZUAY,SIGSIG,002912,SAN BARTOLOME (CENTRO DE SALUD DE SIGSIG),CENTRO DE SALUD A,1,ODONTOLOGIA,172,-3.047910,-78.794072
3208,Z06,01D03,AZUAY,NABON,000083,NABON,CENTRO DE SALUD C,1,ODONTOLOGIA,172,-3.338672,-79.059130
3209,Z06,01D03,AZUAY,NABON,000084,ZHIÑA,PUESTO DE SALUD,1,ODONTOLOGIA,172,-3.28356383808042,-79.0257119022287
3210,Z06,01D03,AZUAY,NABON,000086,COCHAPATA,PUESTO DE SALUD,1,ODONTOLOGIA,172,-3.39010587495685,-79.0861854002857
3211,Z06,01D03,AZUAY,NABON,000087,EL PROGRESO,PUESTO DE SALUD,1,ODONTOLOGIA,172,-3.34164908583211,-79.2048635569883
3212,Z06,01D03,AZUAY,OÑA,000089,OÑA,CENTRO DE SALUD A,1,ODONTOLOGIA,172,-3.470283,-79.155335
3213,Z06,01D03,AZUAY,OÑA,000090,SUSUDEL,PUESTO DE SALUD,1,ODONTOLOGIA,172,-3.40546982493889,-79.1847617123928
3214,Z06,01D03,AZUAY,CAMILO PONCE ENRIQUEZ,000091,PONCE ENRIQUEZ,CENTRO DE SALUD C,1,ODONTOLOGIA,172,-3.06132331863751,-79.7451465255075
3215,Z06,01D03,AZUAY,CAMILO PONCE ENRIQUEZ,000092,ZHUMIRAL,CENTRO DE SALUD A,1,ODONTOLOGIA,172,-2.97905855112032,-79.6897411241685
3216,Z06,01D03,AZUAY,SANTA ISABEL,000093,CARMEN DE PIJILI,CENTRO DE SALUD A,1,ODONTOLOGIA,172,-2.96513466293735,-79.5221432509171
3217,Z06,03D01,CAÑAR,AZOGUES,000166,BAYAS,CENTRO DE SALUD A,1,ODONTOLOGIA,172,-2.72907673903585,-78.8293567049318
3218,Z06,03D01,CAÑAR,AZOGUES,000168,ZHAPACAL,PUESTO DE SALUD,1,ODONTOLOGIA,173,-2.7573697450456,-78.8370106489734
3219,Z06,03D01,CAÑAR,AZOGUES,000171,ZUMBAGUAICO,CENTRO DE SALUD A,1,ODONTOLOGIA,173,-2.82695903722335,-78.8976470560619
3220,Z06,03D01,CAÑAR,AZOGUES,000174,AGUILAN,CENTRO DE SALUD A,1,ODONTOLOGIA,173,-2.70787634212585,-78.8697973547248
3221,Z06,03D01,CAÑAR,AZOGUES,000175,ZHINDILIG,CENTRO DE SALUD A,1,ODONTOLOGIA,173,-2.7051157885345,-78.8629334691336
3222,Z06,03D01,CAÑAR,AZOGUES,000176,BUILL CHACAPAMBA,PUESTO DE SALUD,1,ODONTOLOGIA,173,-2.71682741706432,-78.8599820062243
3223,Z06,03D01,CAÑAR,AZOGUES,000177,COJITAMBO,CENTRO DE SALUD A,1,ODONTOLOGIA,173,-2.7584961942176,-78.8850195970727
3224,Z06,03D01,CAÑAR,DELEG,000179,SOLANO,CENTRO DE SALUD A,1,ODONTOLOGIA,173,-2.810922762751,-78.9342804014474
3225,Z06,03D01,CAÑAR,AZOGUES,000181,TADAY,CENTRO DE SALUD A,1,ODONTOLOGIA,173,-2.6402205513099,-78.6918058069782
3226,Z06,COORDINACION ZONAL 6,AZUAY,CUENCA,000163,MANTA REAL,PUESTO DE SALUD,1,ODONTOLOGIA,173,-2.55374502125713,-79.3651333244587
3227,Z06,03D01,CAÑAR,AZOGUES,000182,PINDILIG,CENTRO DE SALUD A,1,ODONTOLOGIA,173,-2.62404941657513,-78.6826220818488
3228,Z06,03D01,CAÑAR,AZOGUES,000183,RIVERA,CENTRO DE SALUD A,1,ODONTOLOGIA,173,-2.57881117378481,-78.6512815348711
3229,Z06,03D01,CAÑAR,AZOGUES,000184,SAN MIGUEL,CENTRO DE SALUD A,1,ODONTOLOGIA,173,-2.79652428681124,-78.8465327880198
3230,Z06,03D01,CAÑAR,BIBLIAN,000186,CENTRO DE SALUD DE BIBLIAN,CENTRO DE SALUD B,1,ODONTOLOGIA,173,-2.70906941109223,-78.8953375020227
3231,Z06,03D01,CAÑAR,BIBLIAN,000188,SAN CAMILO,PUESTO DE SALUD,1,ODONTOLOGIA,173,-2.69834540097115,-78.8893502975569
3232,Z06,03D02,CAÑAR,CAÑAR,000193,QUILLOAC,CENTRO DE SALUD A,1,ODONTOLOGIA,173,-2.55821317800623,-78.9520912567142
3233,Z06,03D02,CAÑAR,CAÑAR,000194,CHOROCOPTE,CENTRO DE SALUD A,1,ODONTOLOGIA,173,-2.58237242729729,-78.9470093189642
3234,Z06,03D02,CAÑAR,CAÑAR,000196,HONORATO VAZQUEZ,CENTRO DE SALUD A,1,ODONTOLOGIA,173,-2.557211,-78.921278
3235,Z06,03D02,CAÑAR,EL TAMBO,000198,EL TAMBO,CENTRO DE SALUD B,1,ODONTOLOGIA,173,-2.50857332475647,-78.9274302207754
3236,Z06,03D02,CAÑAR,EL TAMBO,000200,COYOCTOR,PUESTO DE SALUD,1,ODONTOLOGIA,173,-2.52777010557193,-78.9120278326436
3237,Z06,03D02,CAÑAR,CAÑAR,000201,SIDSID,PUESTO DE SALUD,1,ODONTOLOGIA,174,-2.53650530068395,-78.8907627788961
3238,Z06,03D02,CAÑAR,CAÑAR,000202,INGAPIRCA,CENTRO DE SALUD A,1,ODONTOLOGIA,174,-2.54586585216185,-78.8762296784886
3239,Z06,03D02,CAÑAR,CAÑAR,000203,ZHUYA,CENTRO DE SALUD A,1,ODONTOLOGIA,174,-2.53515424267168,-79.0368940806386
3240,Z06,03D02,CAÑAR,CAÑAR,000204,JUNCAL,PUESTO DE SALUD,1,ODONTOLOGIA,174,-2.48699849164143,-78.9721143429652
3241,Z06,03D02,CAÑAR,CAÑAR,000206,CHONTAMARCA,CENTRO DE SALUD A,1,ODONTOLOGIA,174,-2.44180679135579,-79.0932898414585
3242,Z06,03D02,CAÑAR,CAÑAR,000208,GENERAL MORALES,CENTRO DE SALUD A,1,ODONTOLOGIA,174,-2.40809611287836,-79.0227428622787
3243,Z06,03D02,CAÑAR,SUSCAL,000212,SUSCAL,CENTRO DE SALUD A,1,ODONTOLOGIA,174,-2.4376127921858,-79.0504147692278
3244,Z06,03D02,CAÑAR,CAÑAR,000213,DUCUR,CENTRO DE SALUD A,1,ODONTOLOGIA,174,-2.45921753639822,-79.1155425185246
3245,Z06,03D02,CAÑAR,CAÑAR,000214,JAVIN,PUESTO DE SALUD,1,ODONTOLOGIA,174,-2.47333740402551,-79.183543749913
3246,Z06,03D02,CAÑAR,CAÑAR,000215,GUALLETURO,CENTRO DE SALUD A,1,ODONTOLOGIA,174,-2.52471175821889,-79.1288992630774
3247,Z06,03D03,CAÑAR,LA TRONCAL,000218,CENTRO DE SALUD COCHANCAY,CENTRO DE SALUD A,1,ODONTOLOGIA,174,-2.46689155792127,-79.3003786993385
3248,Z06,03D03,CAÑAR,LA TRONCAL,000222,CENTRO DE SALUD MANUEL DE J CALLE,CENTRO DE SALUD A,1,ODONTOLOGIA,174,-2.3570329927782,-79.3970646868664
3249,Z06,03D03,CAÑAR,LA TRONCAL,000223,PUESTO DE SALUD PANCHO NEGRO,CENTRO DE SALUD A,1,ODONTOLOGIA,174,-2.5067607264,-79.494372975
3250,Z06,03D03,CAÑAR,LA TRONCAL,000224,CENTRO DE SALUD LA PUNTILLA,CENTRO DE SALUD A,1,ODONTOLOGIA,174,-2.45348037447013,-79.3799583836591
3251,Z06,03D02,CAÑAR,CAÑAR,000225,VENTURA,CENTRO DE SALUD A,1,ODONTOLOGIA,174,-2.24740748570291,-79.1261460850305
3252,Z06,03D02,CAÑAR,CAÑAR,000226,CUTUGUAY,PUESTO DE SALUD,1,ODONTOLOGIA,174,-2.29115236443752,-79.1454612861522
3253,Z06,03D03,CAÑAR,LA TRONCAL,000229,CENTRO DE SALUD EL PIEDRERO,CENTRO DE SALUD A,1,ODONTOLOGIA,174,-2.34379005,-79.30158374
3254,Z06,COORDINACION ZONAL 6,AZUAY,CUENCA,000719,JESUS DEL GRAN PODER,PUESTO DE SALUD,1,ODONTOLOGIA,174,-2.5301248278204,-79.409564981637
3255,Z06,COORDINACION ZONAL 6,AZUAY,CUENCA,000720,TAMARINDO,CENTRO DE SALUD A,1,ODONTOLOGIA,174,-2.61799774518042,-79.4640148398609
3256,Z06,COORDINACION ZONAL 6,AZUAY,CUENCA,000721,ABDON CALDERON,CENTRO DE SALUD A,1,ODONTOLOGIA,175,-2.8995,-79.616225
3257,Z06,01D03,AZUAY,SANTA ISABEL,000722,RIO BALAO,CENTRO DE SALUD A,1,ODONTOLOGIA,175,-2.95342154577132,-79.6411919569771
3258,Z06,COORDINACION ZONAL 6,AZUAY,CUENCA,000723,LUZ Y GUIA,PUESTO DE SALUD,1,ODONTOLOGIA,175,-2.84937807948848,-79.6225161700592
3259,Z06,14D04 MORONA,MORONA SANTIAGO,GUALAQUIZA,001434,CHIGUINDA,CENTRO DE SALUD A,1,ODONTOLOGIA,175,-3.230863,-78.717718
3260,Z06,14D04 MORONA,MORONA SANTIAGO,SAN JUAN BOSCO,001435,NUMPATKAIME,PUESTO DE SALUD,1,ODONTOLOGIA,175,-3.282093,-78.241198
3261,Z06,14D05 MORONA,MORONA SANTIAGO,TAISHA,001438,WASAKENTSA,CENTRO DE SALUD A,1,ODONTOLOGIA,175,-2.54343653399333,-77.196373615377
3262,Z06,14D01 MORONA,MORONA SANTIAGO,MORONA,001439,27 DE FEBRERO,CENTRO DE SALUD A,1,ODONTOLOGIA,175,-2.305364,-78.125027
3263,Z06,14D01 MORONA,MORONA SANTIAGO,MORONA,001441,CENTRO DE SALUD INNFA 24HD,CENTRO DE SALUD B,1,ODONTOLOGIA,175,-2.30829871771519,-78.1166044897958
3264,Z06,14D01 MORONA,MORONA SANTIAGO,PABLO SEXTO,001443,PABLO VI,CENTRO DE SALUD A,1,ODONTOLOGIA,175,-1.92806300979651,-78.0251282601419
3265,Z06,14D01 MORONA,MORONA SANTIAGO,MORONA,001444,SEVILLA DON BOSCO,CENTRO DE SALUD A,1,ODONTOLOGIA,175,-2.3162037697593,-78.098443772404
3266,Z06,14D01 MORONA,MORONA SANTIAGO,MORONA,001445,SANTA ROSA,CENTRO DE SALUD A,1,ODONTOLOGIA,175,-2.19748936479232,-78.0725966258482
3267,Z06,14D01 MORONA,MORONA SANTIAGO,MORONA,001446,SINAI,CENTRO DE SALUD A,1,ODONTOLOGIA,175,-2.09278259889918,-78.0506131811567
3268,Z06,14D01 MORONA,MORONA SANTIAGO,MORONA,001447,EBENEZER,CENTRO DE SALUD A,1,ODONTOLOGIA,175,-2.11548798973054,-77.9167456878086
3269,Z06,14D01 MORONA,MORONA SANTIAGO,MORONA,001451,NUEVE DE OCTUBRE,CENTRO DE SALUD A,1,ODONTOLOGIA,175,-2.22214524112482,-78.2493125951283
3270,Z06,14D01 MORONA,MORONA SANTIAGO,MORONA,001452,SAN LUIS DE IÑINKIS,PUESTO DE SALUD,1,ODONTOLOGIA,175,-2.39189694751018,-78.120987277115
3271,Z06,14D01 MORONA,MORONA SANTIAGO,HUAMBOYA,001456,NAMAKIM,PUESTO DE SALUD,1,ODONTOLOGIA,175,-1.88003622768991,-77.9182625163395
3272,Z06,14D01 MORONA,MORONA SANTIAGO,HUAMBOYA,001458,SHANKAIM,PUESTO DE SALUD,1,ODONTOLOGIA,175,-1.96360310260351,-77.8804915052862
3273,Z06,14D05 MORONA,MORONA SANTIAGO,TAISHA,001459,MAMAYAK,PUESTO DE SALUD,1,ODONTOLOGIA,175,-2.03857720767873,-77.7019610557
3274,Z06,14D04 MORONA,MORONA SANTIAGO,GUALAQUIZA,001462,BOMBOIZA,CENTRO DE SALUD A,1,ODONTOLOGIA,175,-3.45143426064116,-78.5512628144907
3275,Z06,14D04 MORONA,MORONA SANTIAGO,GUALAQUIZA,001463,NUEVA TARQUI,CENTRO DE SALUD A,1,ODONTOLOGIA,176,-3.45754411843075,-78.6617528657151
3276,Z06,14D04 MORONA,MORONA SANTIAGO,GUALAQUIZA,001466,GANASHUMA,PUESTO DE SALUD,1,ODONTOLOGIA,176,-3.37496263713462,-78.7703078568972
3277,Z06,14D04 MORONA,MORONA SANTIAGO,GUALAQUIZA,001467,LA PRADERA,PUESTO DE SALUD,1,ODONTOLOGIA,176,-3.31465977899871,-78.6438286181927
3278,Z06,14D04 MORONA,MORONA SANTIAGO,SAN JUAN BOSCO,001468,SAN JUAN BOSCO,CENTRO DE SALUD A,1,ODONTOLOGIA,176,-3.11684988056243,-78.5295001536563
3279,Z06,14D06 MORONA,MORONA SANTIAGO,LIMON INDANZA,001472,SAN MIGUEL DE CONCHAY,CENTRO DE SALUD A,1,ODONTOLOGIA,176,-3.12596093163293,-78.4468569312321
3280,Z06,14D04 MORONA,MORONA SANTIAGO,SAN JUAN BOSCO,001475,SANTIAGO DE PANANZA,PUESTO DE SALUD,1,ODONTOLOGIA,176,-3.15628101402905,-78.4863998090298
3281,Z06,14D01 MORONA,MORONA SANTIAGO,PALORA,001477,CENTRO DE SALUD HOSPITAL PALORA,CENTRO DE SALUD B,1,ODONTOLOGIA,176,-1.71045855298402,-77.963920828033
3282,Z06,14D01 MORONA,MORONA SANTIAGO,PALORA,001478,SANGAY,CENTRO DE SALUD A,1,ODONTOLOGIA,176,-1.78545762876616,-77.9826550507206
3283,Z06,14D06 MORONA,MORONA SANTIAGO,SANTIAGO,001483,PATUCA,CENTRO DE SALUD A,1,ODONTOLOGIA,176,-2.75692077494938,-78.2620692592167
3284,Z06,14D06 MORONA,MORONA SANTIAGO,SANTIAGO,001486,CHINIMBIMI,CENTRO DE SALUD A,1,ODONTOLOGIA,176,-2.67766548927243,-78.21295060417
3285,Z06,14D06 MORONA,MORONA SANTIAGO,TIWINTZA,001487,SANTIAGO,CENTRO DE SALUD A,1,ODONTOLOGIA,176,-3.04816468234564,-78.0051075964994
3286,Z06,14D06 MORONA,MORONA SANTIAGO,TIWINTZA,001488,SAN JOSE DE MORONA,CENTRO DE SALUD A,1,ODONTOLOGIA,176,-2.88229721134909,-77.6690466023639
3287,Z06,14D03 MORONA,MORONA SANTIAGO,SUCUA,001490,CENTRO DE SALUD FEDERACION SHUAR,CENTRO DE SALUD A,1,ODONTOLOGIA,176,-2.45920350283317,-78.1712259177101
3288,Z06,14D03 MORONA,MORONA SANTIAGO,SUCUA,001491,INNFA SUCUA,CENTRO DE SALUD A,1,ODONTOLOGIA,176,-2.4535,-78.1677
3289,Z06,14D03 MORONA,MORONA SANTIAGO,LOGROÑO,001492,LOGROÑO,CENTRO DE SALUD A,1,ODONTOLOGIA,176,-2.62601600286879,-78.2020142133674
3290,Z06,14D03 MORONA,MORONA SANTIAGO,SUCUA,001493,HUAMBI,CENTRO DE SALUD A,1,ODONTOLOGIA,176,-2.53423411845843,-78.1648301140547
3291,Z06,14D03 MORONA,MORONA SANTIAGO,LOGROÑO,001494,YAUPI,CENTRO DE SALUD A,1,ODONTOLOGIA,176,-2.86987076981094,-77.9327422950151
3292,Z06,14D03 MORONA,MORONA SANTIAGO,SUCUA,001495,KUMPAS,PUESTO DE SALUD,1,ODONTOLOGIA,176,-2.5684731589876,-78.1453393244843
3293,Z06,14D03 MORONA,MORONA SANTIAGO,SUCUA,001496,YUKUTEIS,PUESTO DE SALUD,1,ODONTOLOGIA,176,-2.50973311624427,-78.1381193532372
3294,Z06,14D03 MORONA,MORONA SANTIAGO,LOGROÑO,001497,YAAPI,PUESTO DE SALUD,1,ODONTOLOGIA,177,-2.82525756679623,-77.9316923998542
3295,Z06,14D03 MORONA,MORONA SANTIAGO,LOGROÑO,001498,SHIMPIS,PUESTO DE SALUD,1,ODONTOLOGIA,177,-2.63685455086978,-78.1838665029147
3296,Z06,14D05 MORONA,MORONA SANTIAGO,TAISHA,001499,TUUTINENTZA,CENTRO DE SALUD A,1,ODONTOLOGIA,177,-2.54793043350735,-77.4699377229667
3297,Z06,14D05 MORONA,MORONA SANTIAGO,TAISHA,001503,IPIAK,PUESTO DE SALUD,1,ODONTOLOGIA,177,-2.46795181792503,-77.1435681344989
3298,Z06,14D05 MORONA,MORONA SANTIAGO,TAISHA,001504,WAMPUIK,CENTRO DE SALUD A,1,ODONTOLOGIA,177,-2.61822528986372,-77.0226586693204
3299,Z06,14D05 MORONA,MORONA SANTIAGO,TAISHA,001505,WICHIMI,PUESTO DE SALUD,1,ODONTOLOGIA,177,-2.73989221142537,-77.3691668536996
3300,Z06,14D05 MORONA,MORONA SANTIAGO,TAISHA,001506,PUMPUENTSA,PUESTO DE SALUD,1,ODONTOLOGIA,177,-2.47640204513562,-77.3303715820047
3301,Z06,14D05 MORONA,MORONA SANTIAGO,TAISHA,001507,TUKUPI,PUESTO DE SALUD,1,ODONTOLOGIA,177,-2.78332795047594,-77.4808775145206
3302,Z06,14D05 MORONA,MORONA SANTIAGO,TAISHA,001509,NUNKI NUNKA,PUESTO DE SALUD,1,ODONTOLOGIA,177,-2.63503567563764,-77.4268130259776
3303,Z06,03D03,CAÑAR,LA TRONCAL,002114,PUESTO DE SALUD PLAYA SECA,PUESTO DE SALUD,1,ODONTOLOGIA,177,-2.399,-79.295
3304,Z06,01D06,AZUAY,PAUTE,002735,LA DOLOROSA,PUESTO DE SALUD,1,ODONTOLOGIA,177,-2.82971808594731,-78.8738235787698
3305,Z06,14D04 MORONA,MORONA SANTIAGO,GUALAQUIZA,002816,PROVEDURIA,CENTRO DE SALUD A,1,ODONTOLOGIA,177,-3.407441667,-78.4855083
3306,Z06,14D01 MORONA,MORONA SANTIAGO,PALORA,002819,16 DE AGOSTO,PUESTO DE SALUD,1,ODONTOLOGIA,177,-1.74388716935543,-77.9094522229416
3307,Z06,14D05 MORONA,MORONA SANTIAGO,TAISHA,002820,TSUNKINTZA,PUESTO DE SALUD,1,ODONTOLOGIA,177,-2.65882949170401,-77.1125590048612
3308,Z06,14D04 MORONA,MORONA SANTIAGO,GUALAQUIZA,002847,CENTRO DE SALUD DE GUALAQUIZA,CENTRO DE SALUD A,1,ODONTOLOGIA,177,-3.4024066294808,-78.5755823936517
3309,Z06,14D06 MORONA,MORONA SANTIAGO,LIMON INDANZA,002848,CENTRO DE SALUD DE LIMON INDANZA,CENTRO DE SALUD A,1,ODONTOLOGIA,177,-2.96527959418879,-78.4302090588757
3310,Z06,14D06 MORONA,MORONA SANTIAGO,SANTIAGO,002849,CENTRO DE SALUD DE MENDEZ,CENTRO DE SALUD A,1,ODONTOLOGIA,177,-2.715990,-78.320557
3311,Z06,01D06,AZUAY,PAUTE,002858,CENTRO DE SALUD DE PAUTE,CENTRO DE SALUD A,1,ODONTOLOGIA,177,-2.78005600,-78.7572780
3312,Z06,01D03,AZUAY,SANTA ISABEL,002859,CENTRO DE SALUD DE SANTA ISABEL,CENTRO DE SALUD A,1,ODONTOLOGIA,177,-3.276043,-79.314163
3313,Z06,01D08,AZUAY,SIGSIG,002912,CENTRO DE SALUD DE SIGSIG,CENTRO DE SALUD A,1,ODONTOLOGIA,178,-3.047910,-78.794072
3314,Z06,14D05 MORONA,MORONA SANTIAGO,TAISHA,002972,CENTRO DE SALUD DE TAISHA,CENTRO DE SALUD A,1,ODONTOLOGIA,178,-2.39551821412295,-77.5064577945036
3315,Z06,14D05 MORONA,MORONA SANTIAGO,TAISHA,061055,PUESTO DE SALUD ITINERANTE YUWINTS,PUESTO DE SALUD,1,ODONTOLOGIA,178,-2.162746,-77.580453
3316,Z06,14D05 MORONA,MORONA SANTIAGO,TAISHA,061056,PUESTO DE SALUD ITINERANTE KUSUTKA,PUESTO DE SALUD,1,ODONTOLOGIA,178,-2.09658779,-77.64032462
3317,Z06,14D05 MORONA,MORONA SANTIAGO,TAISHA,061057,PUESTO DE SALUD ITINERANTE WACHIRPAS,PUESTO DE SALUD,1,ODONTOLOGIA,178,-2.57243,-76.80817
3318,Z06,14D05 MORONA,MORONA SANTIAGO,TAISHA,061058,PUESTO DE SALUD ITINERANTE SAAPAPENTSA,PUESTO DE SALUD,1,ODONTOLOGIA,178,-2.82861,-77.37517
3319,Z06,14D04 MORONA,MORONA SANTIAGO,SAN JUAN BOSCO,064305,PUESTO DE SALUD SAN CARLOS DE LIMON,PUESTO DE SALUD,1,ODONTOLOGIA,178,-3.33048,-78.317491
3320,Z07,07D01,EL ORO,EL GUABO,000505,BARBONES,CENTRO DE SALUD A,1,ODONTOLOGIA,178,-3.18814202778624,-79.8537080398523
3321,Z07,07D01,EL ORO,EL GUABO,000509,TENDALES,CENTRO DE SALUD A,1,ODONTOLOGIA,178,-3.11982555285228,-79.8474031454408
3322,Z07,07D01,EL ORO,EL GUABO,000510,BAJO ALTO,CENTRO DE SALUD A,1,ODONTOLOGIA,178,-3.11331466636278,-79.8909164670443
3323,Z07,07D01,EL ORO,PASAJE,000511,BUENAVISTA,CENTRO DE SALUD A,1,ODONTOLOGIA,178,,
3324,Z07,07D01,EL ORO,PASAJE,000516,LA PEAÑA,CENTRO DE SALUD A,1,ODONTOLOGIA,178,-3.31308991024229,-79.8514250115765
3325,Z07,07D01,EL ORO,PASAJE,000521,ROSA DE ORO,PUESTO DE SALUD,1,ODONTOLOGIA,178,-3.28094100329614,-79.7884294433541
3326,Z07,07D03,EL ORO,ZARUMA,000569,ARCAPAMBA,PUESTO DE SALUD,1,ODONTOLOGIA,178,-3.64789622043512,-79.6144653748427
3327,Z07,07D03,EL ORO,ZARUMA,000572,HUERTAS,CENTRO DE SALUD A,1,ODONTOLOGIA,178,-3.6124596515237,-79.6316590499073
3328,Z07,07D03,EL ORO,ZARUMA,000573,MALVAS,CENTRO DE SALUD A,1,ODONTOLOGIA,178,-3.65816502762676,-79.6284753166618
3329,Z07,07D03,EL ORO,ZARUMA,000575,SINSAO,CENTRO DE SALUD A,1,ODONTOLOGIA,178,-3.66371480141266,-79.5800071664108
3330,Z07,07D03,EL ORO,ATAHUALPA,000576,AYAPAMBA,CENTRO DE SALUD A,1,ODONTOLOGIA,178,-3.61077295571122,-79.6773558455882
3331,Z07,07D03,EL ORO,PORTOVELO,000582,PORTOVELO,CENTRO DE SALUD B,1,ODONTOLOGIA,178,-3.7161311673,-79.619836453
3332,Z07,07D04,EL ORO,PIÑAS,000557,CAPIRO,CENTRO DE SALUD A,1,ODONTOLOGIA,179,-3.74812637356184,-79.7157785057627
3333,Z07,07D04,EL ORO,PIÑAS,000559,LA BOCANA,CENTRO DE SALUD A,1,ODONTOLOGIA,179,-3.68767073044469,-79.9035853011196
3334,Z07,07D04,EL ORO,PIÑAS,000561,MOROMORO,CENTRO DE SALUD A,1,ODONTOLOGIA,179,-3.68185980023377,-79.7436395695142
3335,Z07,07D04,EL ORO,PIÑAS,000562,PIEDRAS,PUESTO DE SALUD,1,ODONTOLOGIA,179,-3.63695626103043,-79.9130642834525
3336,Z07,07D04,EL ORO,PIÑAS,000563,ZARACAY,CENTRO DE SALUD A,1,ODONTOLOGIA,179,-3.64419462353894,-79.8636643716904
3337,Z07,07D04,EL ORO,PIÑAS,000564,PIÑAS GRANDE,PUESTO DE SALUD,1,ODONTOLOGIA,179,-3.66700349781324,-79.6962065043992
3338,Z07,07D04,EL ORO,MARCABELI,000566,MARCABELI,CENTRO DE SALUD A,1,ODONTOLOGIA,179,-3.78655424381183,-79.9111884898103
3339,Z07,07D04,EL ORO,PIÑAS,000584,SAN ROQUE,CENTRO DE SALUD A,1,ODONTOLOGIA,179,-3.72370129032203,-79.6702213398002
3340,Z07,07D05,EL ORO,ARENILLAS,000544,LA CUCA,CENTRO DE SALUD A,1,ODONTOLOGIA,179,-3.49647921964985,-80.0695940047872
3341,Z07,07D05,EL ORO,ARENILLAS,000546,CHACRAS,CENTRO DE SALUD A,1,ODONTOLOGIA,179,-3.54995525443875,-80.2017392299568
3342,Z07,07D05,EL ORO,LAS LAJAS,000553,SAN ISIDRO RURAL,PUESTO DE SALUD,1,ODONTOLOGIA,179,-3.73555522992548,-80.0008081559328
3343,Z07,07D06,EL ORO,SANTA ROSA,000525,VALLE HERMOSO,PUESTO DE SALUD,1,ODONTOLOGIA,179,-3.51283084091407,-79.8411778309308
3344,Z07,07D06,EL ORO,SANTA ROSA,000526,BELLAMARIA,CENTRO DE SALUD A,1,ODONTOLOGIA,179,-3.50205624739127,-79.8917895859365
3345,Z07,07D06,EL ORO,SANTA ROSA,000527,SAN JOSE,PUESTO DE SALUD,1,ODONTOLOGIA,179,-3.49000233416353,-80.0078011954135
3346,Z07,07D06,EL ORO,SANTA ROSA,000528,BELLAVISTA,CENTRO DE SALUD A,1,ODONTOLOGIA,179,-3.49990009212179,-79.9677768010265
3347,Z07,07D06,EL ORO,SANTA ROSA,000529,SAN AGUSTIN,PUESTO DE SALUD,1,ODONTOLOGIA,179,-3.5112415027162,-80.016375943139
3348,Z07,07D06,EL ORO,SANTA ROSA,000533,LA AVANZADA,CENTRO DE SALUD A,1,ODONTOLOGIA,179,-3.53835910210671,-79.9575168339467
3349,Z07,07D06,EL ORO,SANTA ROSA,000538,SAN ANTONIO,CENTRO DE SALUD A,1,ODONTOLOGIA,179,-3.53156580052264,-80.0237365933021
3350,Z07,11D03,LOJA,CATAMAYO,001022,EL TAMBO,CENTRO DE SALUD A,1,ODONTOLOGIA,179,-4.07350171661182,-79.3079998379238
3351,Z07,11D03,LOJA,CATAMAYO,001026,ZAMBI,PUESTO DE SALUD,1,ODONTOLOGIA,180,-3.9142347200689,-79.5364116812527
3352,Z07,11D03,LOJA,CHAGUARPAMBA,001033,BUENA VISTA,PUESTO DE SALUD,1,ODONTOLOGIA,180,-3.89098478247986,-79.714647579936
3353,Z07,11D03,LOJA,CHAGUARPAMBA,001034,CHAGUARPAMBA,CENTRO DE SALUD A,1,ODONTOLOGIA,180,-3.8766322337937,-79.6460794640523
3354,Z07,11D03,LOJA,CHAGUARPAMBA,001035,EL ROSARIO,PUESTO DE SALUD,1,ODONTOLOGIA,180,-3.78490388554551,-79.6061662997577
3355,Z07,11D03,LOJA,OLMEDO,001052,LA TINGUE,PUESTO DE SALUD,1,ODONTOLOGIA,180,-3.91077016930742,-79.5779295160527
3356,Z07,11D03,LOJA,OLMEDO,001053,OLMEDO,CENTRO DE SALUD A,1,ODONTOLOGIA,180,-3.93604249401132,-79.6447144647859
3357,Z07,11D03,LOJA,PALTAS,001054,CANGONAMA,PUESTO DE SALUD,1,ODONTOLOGIA,180,-3.96545801097472,-79.7029970518769
3358,Z07,11D03,LOJA,PALTAS,001055,CASANGA,PUESTO DE SALUD,1,ODONTOLOGIA,180,-4.01321461823389,-79.762004734425
3359,Z07,11D03,LOJA,PALTAS,001056,LAURO GUERRERO,CENTRO DE SALUD A,1,ODONTOLOGIA,180,-3.96740363200205,-79.7625146303559
3360,Z07,11D03,LOJA,PALTAS,001059,LAS COCHAS,PUESTO DE SALUD,1,ODONTOLOGIA,180,-4.05399355125426,-79.5581398701233
3361,Z07,11D03,LOJA,PALTAS,001060,EL HUATO,PUESTO DE SALUD,1,ODONTOLOGIA,180,-4.13561244900158,-79.6645334612803
3362,Z07,11D03,LOJA,PALTAS,001061,ORIANGA,PUESTO DE SALUD,1,ODONTOLOGIA,180,-3.89670094498373,-79.8718918428679
3363,Z07,11D03,LOJA,PALTAS,002853,CENTRO DE SALUD DE CATACOCHA,CENTRO DE SALUD B,1,ODONTOLOGIA,180,-4.05113010660289,-79.6490739606158
3364,Z07,11D04,LOJA,CELICA,001027,SAN JUAN DE POZUL,CENTRO DE SALUD A,1,ODONTOLOGIA,180,-4.12228084223025,-80.0547148458346
3365,Z07,11D04,LOJA,CELICA,001028,CELICA,CENTRO DE SALUD A,1,ODONTOLOGIA,180,-4.09870761680246,-79.9598853334483
3366,Z07,11D04,LOJA,CELICA,001030,SABANILLA,CENTRO DE SALUD A,1,ODONTOLOGIA,180,-4.19952133855783,-80.1244294782014
3367,Z07,11D04,LOJA,PINDAL,001064,CHAQUINAL,PUESTO DE SALUD,1,ODONTOLOGIA,180,-4.04646011468905,-80.0391209750856
3368,Z07,11D04,LOJA,PINDAL,001065,PINDAL,CENTRO DE SALUD A,1,ODONTOLOGIA,180,-4.11391970735835,-80.106920842316
3369,Z07,11D04,LOJA,PUYANGO,001067,MERCADILLO,PUESTO DE SALUD,1,ODONTOLOGIA,180,-4.02591363621995,-79.9766331982239
3370,Z07,11D04,LOJA,PUYANGO,001069,EL ARENAL,PUESTO DE SALUD,1,ODONTOLOGIA,181,-3.96029831542539,-79.984172009731
3371,Z07,11D05,LOJA,ESPINDOLA,001036,27 DE ABRIL (LA NARANJA),CENTRO DE SALUD A,1,ODONTOLOGIA,181,-4.44262680113651,-79.4579497797401
3372,Z07,11D05,LOJA,ESPINDOLA,001037,JIMBURA,CENTRO DE SALUD A,1,ODONTOLOGIA,181,-4.62726217590597,-79.463722807592
3373,Z07,11D05,LOJA,ESPINDOLA,001039,TUNDURAMA,PUESTO DE SALUD,1,ODONTOLOGIA,181,-4.50203631036227,-79.4047235969168
3374,Z07,11D05,LOJA,ESPINDOLA,001040,SANTA TERESITA,CENTRO DE SALUD A,1,ODONTOLOGIA,181,-4.57083727051214,-79.4087179847289
3375,Z07,11D05,LOJA,ESPINDOLA,001041,EL INGENIO,CENTRO DE SALUD A,1,ODONTOLOGIA,181,-4.41746655492916,-79.4315304016003
3376,Z07,11D05,LOJA,ESPINDOLA,002784,EL AIRO,CENTRO DE SALUD A,1,ODONTOLOGIA,181,-4.4767468227736,-79.3902895480183
3377,Z07,11D06,LOJA,CALVAS,001016,COLAISACA,CENTRO DE SALUD A,1,ODONTOLOGIA,181,-4.31626746652483,-79.6920283929454
3378,Z07,11D06,LOJA,CALVAS,001017,EL BATAN,PUESTO DE SALUD,1,ODONTOLOGIA,181,-4.25951088074379,-79.7173055631864
3379,Z07,11D06,LOJA,CALVAS,001020,LUCERO,CENTRO DE SALUD A,1,ODONTOLOGIA,181,-4.40182886093213,-79.4698011242726
3380,Z07,11D06,LOJA,GONZANAMA,001042,PURUNUMA (EGUIGUREN),CENTRO DE SALUD A,1,ODONTOLOGIA,181,-4.21275254454969,-79.3753206672761
3381,Z07,11D06,LOJA,GONZANAMA,001043,SACAPALCA,CENTRO DE SALUD A,1,ODONTOLOGIA,181,-4.15454126227943,-79.5173363498133
3382,Z07,11D06,LOJA,GONZANAMA,001044,POTRERILLOS,PUESTO DE SALUD,1,ODONTOLOGIA,181,-4.16227709045576,-79.4718712754463
3383,Z07,11D06,LOJA,GONZANAMA,001047,NAMBACOLA,CENTRO DE SALUD A,1,ODONTOLOGIA,181,-4.14037984099469,-79.4335893178337
3384,Z07,11D06,LOJA,QUILANGA,001071,SAN ANTONIO DE LAS ARADAS,CENTRO DE SALUD A,1,ODONTOLOGIA,181,-4.36600319959075,-79.3985827946264
3385,Z07,11D06,LOJA,QUILANGA,001072,QUILANGA,CENTRO DE SALUD A,1,ODONTOLOGIA,181,-4.29934044199087,-79.4006238318188
3386,Z07,11D06,LOJA,CALVAS,002850,CENTRO DE SALUD DE CARIAMANGA,CENTRO DE SALUD A,1,ODONTOLOGIA,181,-4.32621186336847,-79.5553347345156
3387,Z07,11D07,LOJA,MACARA,001048,LARAMA,CENTRO DE SALUD A,1,ODONTOLOGIA,181,-4.26866173697762,-79.9023033345746
3388,Z07,11D07,LOJA,MACARA,001049,LA VICTORIA,PUESTO DE SALUD,1,ODONTOLOGIA,181,-4.43160830257685,-79.7911964640139
3389,Z07,11D07,LOJA,MACARA,001050,SABIANGO (LA CAPILLA),CENTRO DE SALUD A,1,ODONTOLOGIA,182,-4.36659253000953,-79.8126297977309
3390,Z07,11D07,LOJA,MACARA,001051,FRONTERAS SALUDABLES,CENTRO DE SALUD A,1,ODONTOLOGIA,182,-4.38586730674373,-79.9452359606709
3391,Z07,11D07,LOJA,SOZORANGA,001076,TACAMOROS,CENTRO DE SALUD A,1,ODONTOLOGIA,182,-4.42320847241987,-79.7439726523226
3392,Z07,11D07,LOJA,SOZORANGA,001077,NUEVA FATIMA,PUESTO DE SALUD,1,ODONTOLOGIA,182,-4.27009953396725,-79.8228165955556
3393,Z07,11D07,LOJA,SOZORANGA,001078,CURICHANGA,PUESTO DE SALUD,1,ODONTOLOGIA,182,-4.34700453,-79.85798831
3394,Z07,11D08,LOJA,SARAGURO,001115,LLUZHAPA,PUESTO DE SALUD,1,ODONTOLOGIA,182,-3.49371091420537,-79.3382200097518
3395,Z07,11D08,LOJA,SARAGURO,001118,ONACAPAC,PUESTO DE SALUD,1,ODONTOLOGIA,182,-3.64750384601946,-79.2093402350421
3396,Z07,11D08,LOJA,SARAGURO,001119,GERA,PUESTO DE SALUD,1,ODONTOLOGIA,182,-3.57066792881229,-79.2412420113087
3397,Z07,11D08,LOJA,SARAGURO,001124,SUMAIPAMBA,CENTRO DE SALUD A,1,ODONTOLOGIA,182,-3.35687881792822,-79.3490560463875
3398,Z07,11D08,LOJA,SARAGURO,001127,LLACO,PUESTO DE SALUD,1,ODONTOLOGIA,182,-3.64342903801179,-79.2946113671152
3399,Z07,11D08,LOJA,SARAGURO,001131,URDANETA (PAQUISHAPA),CENTRO DE SALUD A,1,ODONTOLOGIA,182,-3.6062258336841,-79.2099344897064
3400,Z07,11D08,LOJA,SARAGURO,001134,SAN SEBASTIAN DE YULUC,PUESTO DE SALUD,1,ODONTOLOGIA,182,-3.37131409037895,-79.4377047816928
3401,Z07,11D08,LOJA,SARAGURO,002855,CENTRO DE SALUD DE SARAGURO,CENTRO DE SALUD A,1,ODONTOLOGIA,182,-3.62127855314485,-79.2405419724476
3402,Z07,11D09,LOJA,ZAPOTILLO,001080,CAZADEROS,CENTRO DE SALUD A,1,ODONTOLOGIA,182,-4.08776392915203,-80.4813473205105
3403,Z07,11D09,LOJA,ZAPOTILLO,001081,PALETILLAS,CENTRO DE SALUD A,1,ODONTOLOGIA,182,-4.16405966478979,-80.2730714367073
3404,Z07,11D09,LOJA,ZAPOTILLO,001082,MANGAHURCO,CENTRO DE SALUD A,1,ODONTOLOGIA,182,-4.15430238969393,-80.4312904817614
3405,Z07,11D09,LOJA,ZAPOTILLO,001137,ZAPOTILLO - 24 HD,CENTRO DE SALUD B,1,ODONTOLOGIA,182,-4.38231035586649,-80.2415666126198
3406,Z07,11D09,LOJA,ZAPOTILLO,002745,TRONCO QUEMADO,PUESTO DE SALUD,1,ODONTOLOGIA,182,-4.44835850163135,-80.3913239500886
3407,Z07,COORDINACION ZONAL 7,LOJA,LOJA,001084,OBRAPIA,CENTRO DE SALUD A,1,ODONTOLOGIA,182,-3.99925315960797,-79.2240972652078
3408,Z07,COORDINACION ZONAL 7,LOJA,LOJA,001086,TIERRAS COLORADAS,CENTRO DE SALUD A,1,ODONTOLOGIA,183,-4.01210820605313,-79.243374997243
3409,Z07,COORDINACION ZONAL 7,LOJA,LOJA,001090,MOTUPE,CENTRO DE SALUD A,1,ODONTOLOGIA,183,-3.94541160394393,-79.2230509446182
3410,Z07,COORDINACION ZONAL 7,LOJA,LOJA,001101,CHUQUIRIBAMBA,CENTRO DE SALUD A,1,ODONTOLOGIA,183,-3.84437901832254,-79.3439730699718
3411,Z07,COORDINACION ZONAL 7,LOJA,LOJA,002736,CARIGAN,PUESTO DE SALUD,1,ODONTOLOGIA,183,-3.95950363711023,-79.2417038886743
3412,Z07,19D01 ZAMORA,ZAMORA CHINCHIPE,ZAMORA,001910,NAMBIJA,PUESTO DE SALUD,1,ODONTOLOGIA,183,-4.072722,-78.789587
3413,Z07,19D01 ZAMORA,ZAMORA CHINCHIPE,ZAMORA,001915,CUMBARATZA,CENTRO DE SALUD A,1,ODONTOLOGIA,183,-3.992353,-78.866782
3414,Z07,19D01 ZAMORA,ZAMORA CHINCHIPE,ZAMORA,001918,GUADALUPE,CENTRO DE SALUD A,1,ODONTOLOGIA,183,-3.848566,-78.888756
3415,Z07,19D01 ZAMORA,ZAMORA CHINCHIPE,ZAMORA,001919,SAN ANTONIO,PUESTO DE SALUD,1,ODONTOLOGIA,183,-3.80412,-78.897616
3416,Z07,19D01 ZAMORA,ZAMORA CHINCHIPE,ZAMORA,001920,TIMBARA,PUESTO DE SALUD,1,ODONTOLOGIA,183,-4.031176,-78.898307
3417,Z07,19D01 ZAMORA,ZAMORA CHINCHIPE,YACUAMBI,001928,LA ESPERANZA,PUESTO DE SALUD,1,ODONTOLOGIA,183,-3.57661735154371,-78.9381660014317
3418,Z07,19D01 ZAMORA,ZAMORA CHINCHIPE,YACUAMBI,001929,CHAPINTZA,PUESTO DE SALUD,1,ODONTOLOGIA,183,-3.767857,-78.871226
3419,Z07,19D01 ZAMORA,ZAMORA CHINCHIPE,ZAMORA,001936,EL LIMON,PUESTO DE SALUD,1,ODONTOLOGIA,183,-4.05941,-78.966058
3420,Z07,19D02 ZAMORA,ZAMORA CHINCHIPE,PAQUISHA,001899,PAQUISHA,CENTRO DE SALUD B,1,ODONTOLOGIA,183,-3.9363223668,-78.676032864
3421,Z07,19D02 ZAMORA,ZAMORA CHINCHIPE,CENTINELA DEL CONDOR,001900,ZUMBI,CENTRO DE SALUD A,1,ODONTOLOGIA,183,-3.89395380169761,-78.780004274428
3422,Z07,19D02 ZAMORA,ZAMORA CHINCHIPE,NANGARITZA,001906,NUEVO PARAISO,PUESTO DE SALUD,1,ODONTOLOGIA,183,-4.37384771473723,-78.6589102728066
3423,Z07,19D02 ZAMORA,ZAMORA CHINCHIPE,NANGARITZA,001925,SANTA ELENA,PUESTO DE SALUD,1,ODONTOLOGIA,183,-4.07919614485986,-78.6412685540379
3424,Z07,19D02 ZAMORA,ZAMORA CHINCHIPE,PAQUISHA,001941,BELLAVISTA,PUESTO DE SALUD,1,ODONTOLOGIA,183,-3.87024191373198,-78.6759532286841
3425,Z07,19D03 ZAMORA,ZAMORA CHINCHIPE,CHINCHIPE,001922,LA DIVERSION,CENTRO DE SALUD A,1,ODONTOLOGIA,183,-4.86556496598875,-79.1969399898467
3426,Z07,19D03 ZAMORA,ZAMORA CHINCHIPE,PALANDA,001937,EL PORVENIR DEL CARMEN,PUESTO DE SALUD,1,ODONTOLOGIA,183,-4.54619233625615,-79.034454307647
3427,Z07,19D03 ZAMORA,ZAMORA CHINCHIPE,PALANDA,001944,PALANDA,CENTRO DE SALUD B,1,ODONTOLOGIA,184,-4.6478112254297,-79.1315956507035
3428,Z07,19D03 ZAMORA,ZAMORA CHINCHIPE,PALANDA,001945,VALLADOLID,CENTRO DE SALUD A,1,ODONTOLOGIA,184,-4.55240332694376,-79.1326553102045
3429,Z07,19D04 ZAMORA,ZAMORA CHINCHIPE,EL PANGUI,001914,TUNDAYME,PUESTO DE SALUD,1,ODONTOLOGIA,184,-3.57641570829801,-78.4891360267503
3430,Z07,19D04 ZAMORA,ZAMORA CHINCHIPE,EL PANGUI,001934,CHUCHUMBLETZA,PUESTO DE SALUD,1,ODONTOLOGIA,184,-3.5344,-78.53093
3431,Z07,19D04 ZAMORA,ZAMORA CHINCHIPE,YANTZAZA,001938,EL ZARZA (JARDIN DEL CONDOR),PUESTO DE SALUD,1,ODONTOLOGIA,184,-3.84050271544053,-78.572571211993
3432,Z07,19D04 ZAMORA,ZAMORA CHINCHIPE,YANTZAZA,001939,EL PINCHO,PUESTO DE SALUD,1,ODONTOLOGIA,184,-3.7163622260,-78.59522875
3433,Z08,09D01,GUAYAS,GUAYAQUIL,000904,PUNA,CENTRO DE SALUD A,1,ODONTOLOGIA,184,-2.73918692693899,-79.9085551451936
3434,Z08,09D01,GUAYAS,GUAYAQUIL,000905,PUERTO SALINAS,PUESTO DE SALUD,1,ODONTOLOGIA,184,-2.5792516309,-80.0051091664
3435,Z08,09D01,GUAYAS,GUAYAQUIL,000907,CERRITO DE LOS MORREÑOS,PUESTO DE SALUD,1,ODONTOLOGIA,184,-2.4651333699,-79.9097523967
3436,Z08,09D01,GUAYAS,GUAYAQUIL,000908,PUERTO LA CRUZ,PUESTO DE SALUD,1,ODONTOLOGIA,184,-2.599930854,-79.8575508424
3437,Z08,09D01,GUAYAS,GUAYAQUIL,000910,PUERTO ROMA,PUESTO DE SALUD,1,ODONTOLOGIA,184,-2.5107685206,-79.8922734969
3438,Z08,09D01,GUAYAS,GUAYAQUIL,002836,CAMPO ALEGRE,PUESTO DE SALUD,1,ODONTOLOGIA,184,-2.821101,-80.134749
3439,Z08,09D04,GUAYAS,GUAYAQUIL,000828,SAN RAFAEL,CENTRO DE SALUD A,1,ODONTOLOGIA,184,-2.9670699688788,-79.7722713467783
3440,Z08,09D04,GUAYAS,GUAYAQUIL,056390,CENTRO DE SALUD TIPO C SAN FRANCISCO DE TENGUEL,CENTRO DE SALUD C,1,ODONTOLOGIA,184,-2.99692035417424,-79.7901691335901
3441,Z08,09D08,GUAYAS,GUAYAQUIL,000801,CERECITA,CENTRO DE SALUD A,1,ODONTOLOGIA,184,-2.33510768521332,-80.2710875294247
3442,Z08,09D08,GUAYAS,GUAYAQUIL,000802,CONSUELO,CENTRO DE SALUD A,1,ODONTOLOGIA,184,-2.28410474938865,-80.188719389248
3443,Z08,09D08,GUAYAS,GUAYAQUIL,000808,FLOR DEL BASTION 2,CENTRO DE SALUD A,1,ODONTOLOGIA,184,-2.100889,-79.960417
3444,Z08,09D08,GUAYAS,GUAYAQUIL,000813,PASCUALES,CENTRO DE SALUD B,1,ODONTOLOGIA,184,-2.06839687432318,-79.9314034827279
3445,Z08,09D08,GUAYAS,GUAYAQUIL,000884,PROGRESO,CENTRO DE SALUD A,1,ODONTOLOGIA,184,-2.41072872772379,-80.3648465039021
3446,Z08,09D08,GUAYAS,GUAYAQUIL,000885,PUERTO DEL MORRO,CENTRO DE SALUD A,1,ODONTOLOGIA,185,-2.61073423039701,-80.3037610205165
3447,Z08,09D08,GUAYAS,GUAYAQUIL,000886,POCITOS,PUESTO DE SALUD,1,ODONTOLOGIA,185,-2.5933725592302,-80.3517423643866
3448,Z08,09D08,GUAYAS,GUAYAQUIL,002785,MONTE SINAI,CENTRO DE SALUD B,1,ODONTOLOGIA,185,-2.119667,-79.997222
3449,Z08,09D08,GUAYAS,GUAYAQUIL,002789,POSORJA,CENTRO DE SALUD C,1,ODONTOLOGIA,185,-2.70194061111414,-80.2731685634898
3450,Z08,09D08,GUAYAS,GUAYAQUIL,047843,CIUDAD VICTORIA,CENTRO DE SALUD C,1,ODONTOLOGIA,185,-2.086028,-79.991556
3451,Z08,09D08,GUAYAS,GUAYAQUIL,065573,CENTRO DE SALUD NUEVA PROSPERINA,CENTRO DE SALUD A,1,ODONTOLOGIA,185,-2.122745,-79.970181
3452,Z09,17D03,PICHINCHA,DISTRITO METROPOLITANO DE QUITO,001685,NONO,CENTRO DE SALUD A,1,ODONTOLOGIA,185,-0.0672805,-78.579186373
3453,Z09,17D03,PICHINCHA,DISTRITO METROPOLITANO DE QUITO,001729,GUALEA,CENTRO DE SALUD A,1,ODONTOLOGIA,185,0.113527964827018,-78.7498113066275
3454,Z09,17D03,PICHINCHA,DISTRITO METROPOLITANO DE QUITO,001730,NANEGAL,CENTRO DE SALUD A,1,ODONTOLOGIA,185,0.138607613387596,-78.6762395618105
3455,Z09,17D03,PICHINCHA,DISTRITO METROPOLITANO DE QUITO,001731,PACTO,CENTRO DE SALUD A,2,ODONTOLOGIA,185,0.141626885248189,-78.7672567179554
3456,Z09,17D03,PICHINCHA,DISTRITO METROPOLITANO DE QUITO,001732,SAGUANGAL,CENTRO DE SALUD A,2,ODONTOLOGIA,185,0.229395832433614,-78.7977778621638
3457,Z09,17D03,PICHINCHA,DISTRITO METROPOLITANO DE QUITO,001733,LAS TOLAS,PUESTO DE SALUD,1,ODONTOLOGIA,185,0.0794473252259073,-78.772792984931
3458,Z09,17D03,PICHINCHA,DISTRITO METROPOLITANO DE QUITO,001734,BELLAVISTA,PUESTO DE SALUD,1,ODONTOLOGIA,185,0.198521187812746,-78.7238328531971
3459,Z09,17D03,PICHINCHA,DISTRITO METROPOLITANO DE QUITO,001757,CENTRO DE SALUD ATAHUALPA,CENTRO DE SALUD A,2,ODONTOLOGIA,185,0.134888303768008,-78.3731138854487
3460,Z09,17D03,PICHINCHA,DISTRITO METROPOLITANO DE QUITO,001759,GUAYLLABAMBA,CENTRO DE SALUD A,1,ODONTOLOGIA,185,-0.0655772279139284,-78.3612066628475
3461,Z09,17D03,PICHINCHA,DISTRITO METROPOLITANO DE QUITO,001760,PERUCHO,CENTRO DE SALUD A,1,ODONTOLOGIA,186,0.107679801207973,-78.4212355309755
3462,Z09,17D03,PICHINCHA,DISTRITO METROPOLITANO DE QUITO,001761,PUELLARO,CENTRO DE SALUD A,1,ODONTOLOGIA,186,0.0647477765617385,-78.3998809126569
3463,Z09,17D03,PICHINCHA,DISTRITO METROPOLITANO DE QUITO,001762,SAN JOSE DE MINAS,CENTRO DE SALUD A,1,ODONTOLOGIA,186,0.174857951553483,-78.4070525273814
3464,Z09,17D03,PICHINCHA,DISTRITO METROPOLITANO DE QUITO,001791,CENTRO DE SALUD TIPO C HOSPITAL BASICO DE NANEGALITO,CENTRO DE SALUD C,1,ODONTOLOGIA,186,0.063387381587785,-78.6793068555525
3465,Z09,17D06,PICHINCHA,DISTRITO METROPOLITANO DE QUITO,001642,LLOA,CENTRO DE SALUD A,1,ODONTOLOGIA,186,-0.247719037467443,-78.5801934788887
3466,Z09,17D06,PICHINCHA,DISTRITO METROPOLITANO DE QUITO,001708,EL QUINCHE,CENTRO DE SALUD A,2,ODONTOLOGIA,186,-0.110903950152737,-78.2935264473774
3467,Z09,17D06,PICHINCHA,DISTRITO METROPOLITANO DE QUITO,001710,PIFO,CENTRO DE SALUD A,1,ODONTOLOGIA,186,-0.224454819055331,-78.3372013485157
3468,Z09,17D06,PICHINCHA,DISTRITO METROPOLITANO DE QUITO,001711,TABABELA,CENTRO DE SALUD A,1,ODONTOLOGIA,186,-0.184718157493905,-78.3446947653444
3469,Z09,17D06,PICHINCHA,DISTRITO METROPOLITANO DE QUITO,001776,TOLONTAG,CENTRO DE SALUD A,1,ODONTOLOGIA,186,-0.335620570317101,-78.3546907575257
3470,Z09,17D06,PICHINCHA,DISTRITO METROPOLITANO DE QUITO,002992,MANGAHUANTAG,PUESTO DE SALUD,1,ODONTOLOGIA,186,-0.168788526078025,-78.3705602465267
3471,Z03,16D01,PASTAZA,PASTAZA,001575,SHELL,CENTRO DE SALUD A,1,ODONTOLOGIA,186,-1.49974688604711,-78.0621318322278
3472,Z09,17D03,PICHINCHA,DISTRITO METROPOLITANO DE QUITO,001673,COCOTOG,CENTRO DE SALUD A,1,ODONTOLOGIA,186,-0.13961190120488,-78.4260354796281
3473,Z09,17D03,PICHINCHA,DISTRITO METROPOLITANO DE QUITO,002124,TANDA,CENTRO DE SALUD A,1,ODONTOLOGIA,186,-0.180384619064714,-78.4382939434973
3474,Z09,17D03,PICHINCHA,DISTRITO METROPOLITANO DE QUITO,001670,COMITÉ DEL PUEBLO,CENTRO DE SALUD A,1,ODONTOLOGIA,187,-0.120156672979262,-78.4669492083696
3475,Z09,17D03,PICHINCHA,DISTRITO METROPOLITANO DE QUITO,001667,PISULI,CENTRO DE SALUD A,1,ODONTOLOGIA,187,-0.0899990515692118,-78.518432045848
3476,Z09,17D03,PICHINCHA,DISTRITO METROPOLITANO DE QUITO,001669,SAN ANTONIO DE PICHINCHA,CENTRO DE SALUD A,1,ODONTOLOGIA,187,-0.00823385973118693,-78.445892720884
3477,Z09,17D03,PICHINCHA,DISTRITO METROPOLITANO DE QUITO,001658,COTOCOLLAO,CENTRO DE SALUD A,1,ODONTOLOGIA,187,-0.11195191762181,-78.4914778612484
3478,Z09,17D06,PICHINCHA,DISTRITO METROPOLITANO DE QUITO,001705,LUMBISI,CENTRO DE SALUD A,1,ODONTOLOGIA,187,-0.232482690337699,-78.4483048432898
3479,6,14D05 MORONA,MORONA SANTIAGO,TAISHA,002972,CENTRO DE SALUD DE TAISHA (HOSPITAL BÁSICO SAN JOSÉ DE TAISHA),HOSPITAL BASICO,1,ODONTOLOGIA,187,-2.39551821412295,-77.5064577945036
3480,Z01,04D01,CARCHI,TULCAN,000288,CHICAL,CENTRO DE SALUD A,1,OBSTETRICIA,187,0.936750766371475,-78.1862325313026
3481,Z01,04D01,CARCHI,TULCAN,000287,MALDONADO,CENTRO DE SALUD A,1,OBSTETRICIA,187,0.911719538449281,-78.1062163332705
3482,Z01,04D01,CARCHI,TULCAN,002994,SAN MARCOS,CENTRO DE SALUD A,1,OBSTETRICIA,187,1.09736123322,-78.2724239770367
3483,Z01,04D02,CARCHI,BOLIVAR,000250,MONTE OLIVO,PUESTO DE SALUD,1,OBSTETRICIA,187,0.38631372392543,-77.8629500515659
3484,Z01,04D02,CARCHI,MONTUFAR,000251,PIARTAL,CENTRO DE SALUD A,1,OBSTETRICIA,187,0.566806113678589,-77.7718259413319
3485,Z01,08D01,ESMERALDAS,RIOVERDE,000639,CAPULI,PUESTO DE SALUD,1,OBSTETRICIA,187,0.75901043,-79.36686956
3486,Z01,08D01,ESMERALDAS,ESMERALDAS,000618,CARLOS CONCHA,CENTRO DE SALUD A,1,OBSTETRICIA,187,0.710583997,-79.689235430
3487,Z01,08D01,ESMERALDAS,ESMERALDAS,000612,CHAFLU,CENTRO DE SALUD A,1,OBSTETRICIA,187,0.739283064,-79.582706047
3488,Z01,08D01,ESMERALDAS,RIOVERDE,000632,CHONTADURO,CENTRO DE SALUD A,1,OBSTETRICIA,187,0.930385,-79.435101
3489,Z01,08D01,ESMERALDAS,RIOVERDE,000633,CHUMUNDE,CENTRO DE SALUD A,1,OBSTETRICIA,187,,
3490,Z01,08D01,ESMERALDAS,ESMERALDAS,000619,MAJUA,CENTRO DE SALUD A,1,OBSTETRICIA,188,0.703805112,-79.52884135
3491,Z01,08D01,ESMERALDAS,RIOVERDE,000640,PROGRESO,PUESTO DE SALUD,1,OBSTETRICIA,188,0.960959999979283,-79.3337599999942
3492,Z01,08D01,ESMERALDAS,RIOVERDE,000637,SAN VICENTE DE RIO VERDE,PUESTO DE SALUD,1,OBSTETRICIA,188,1.01246717986423,-79.4200502780431
3493,Z01,08D01,ESMERALDAS,ESMERALDAS,000614,TABIAZO,CENTRO DE SALUD A,1,OBSTETRICIA,188,0.824970000028296,-79.701209999984
3494,Z01,08D01,ESMERALDAS,RIOVERDE,000638,VENADO,PUESTO DE SALUD,1,OBSTETRICIA,188,0.884579,-79.393301
3495,Z01,08D02,ESMERALDAS,ELOY ALFARO,002743,HOJA BLANCA,CENTRO DE SALUD A,1,OBSTETRICIA,188,0.557108875377185,-79.1968263964763
3496,Z01,08D02,ESMERALDAS,ELOY ALFARO,000682,PLAYA DE ORO,CENTRO DE SALUD A,1,OBSTETRICIA,188,0.875420000009707,-78.794660000018
3497,Z01,08D02,ESMERALDAS,ELOY ALFARO,000679,SAN FRANCISCO DE ONZOLE,CENTRO DE SALUD B,1,OBSTETRICIA,188,0.89004999997536,-79.0760599999919
3498,Z01,08D02,ESMERALDAS,ELOY ALFARO,000687,TIMBIRE,CENTRO DE SALUD A,1,OBSTETRICIA,188,0.961799999974408,-78.8631599999817
3499,Z01,08D02,ESMERALDAS,ELOY ALFARO,000677,ZAPALLO GRANDE,CENTRO DE SALUD A,1,OBSTETRICIA,188,0.797829999967056,-78.9153300000001
3500,Z01,08D03,ESMERALDAS,MUISNE,000644,ESTERO DE PLATANO,CENTRO DE SALUD A,1,OBSTETRICIA,188,0.7765443099,-80.088598900
3501,Z01,08D03,ESMERALDAS,MUISNE,000606,MOMPICHE,PUESTO DE SALUD,1,OBSTETRICIA,188,0.508590000024866,-80.0197200000029
3502,Z01,08D03,ESMERALDAS,MUISNE,000697,SAN MIGUEL DE BILSA,PUESTO DE SALUD,1,OBSTETRICIA,188,0.629590000027993,-79.9033400000441
3503,Z01,08D03,ESMERALDAS,MUISNE,000699,SAN SALVADOR,CENTRO DE SALUD A,1,OBSTETRICIA,188,0.478530000025774,-79.8573199999896
3504,Z01,08D04,ESMERALDAS,QUININDE,000655,CHUCAPLE,CENTRO DE SALUD A,1,OBSTETRICIA,188,0.560609999537587,-79.5593699999649
3505,Z01,08D04,ESMERALDAS,QUININDE,000654,CUBE,CENTRO DE SALUD A,1,OBSTETRICIA,188,0.581579999977756,-79.6380799999894
3506,Z01,08D04,ESMERALDAS,QUININDE,000605,EL TRIUNFO DEL CALVARIO,CENTRO DE SALUD A,1,OBSTETRICIA,188,0.538060000043567,-79.4420500000339
3507,Z01,08D04,ESMERALDAS,QUININDE,000663,NARANJAL DE CANANDE,CENTRO DE SALUD A,1,OBSTETRICIA,188,0.447619999989152,-79.298519999996
3508,Z01,08D04,ESMERALDAS,QUININDE,000664,VALLE DEL SADE,CENTRO DE SALUD A,1,OBSTETRICIA,188,0.525010000014091,-79.3354500000302
3509,Z01,08D04,ESMERALDAS,QUININDE,000657,ZAPALLO,CENTRO DE SALUD A,1,OBSTETRICIA,189,0.417629999962132,-79.2455900000144
3510,Z01,08D05,ESMERALDAS,SAN LORENZO,000674,ALTO TAMBO,CENTRO DE SALUD A,1,OBSTETRICIA,189,0.917909999968231,-78.5408599999774
3511,Z01,08D05,ESMERALDAS,SAN LORENZO,000668,CALDERON,CENTRO DE SALUD A,1,OBSTETRICIA,189,1.170237,-78.767004
3512,Z01,08D05,ESMERALDAS,SAN LORENZO,000666,URBINA,CENTRO DE SALUD A,1,OBSTETRICIA,189,1.04228999999566,-78.7667800000067
3513,Z01,08D05,ESMERALDAS,SAN LORENZO,000686,WIMBI ( 5 DE JUNIO ),CENTRO DE SALUD A,1,OBSTETRICIA,189,0.96179000002294,-78.7694499999998
3514,Z01,10D03,IMBABURA,COTACACHI,000989,APUELA,CENTRO DE SALUD A,1,OBSTETRICIA,189,0.3573459024,-78.511428845
3515,Z01,10D03,IMBABURA,COTACACHI,000995,CHONTAL,PUESTO DE SALUD,1,OBSTETRICIA,189,0.240417240148814,-78.7484310726588
3516,Z01,10D03,IMBABURA,COTACACHI,000990,CUELLAJE,CENTRO DE SALUD A,1,OBSTETRICIA,189,0.401160784036612,-78.5251893158886
3517,Z01,10D03,IMBABURA,COTACACHI,000991,GARCIA MORENO,CENTRO DE SALUD A,1,OBSTETRICIA,189,0.233291747082117,-78.6285744116765
3518,Z01,10D03,IMBABURA,COTACACHI,000996,LA MAGDALENA,CENTRO DE SALUD A,1,OBSTETRICIA,189,0.244075442626219,-78.7838743438231
3519,Z01,10D03,IMBABURA,COTACACHI,002116,LAS GOLONDRINAS,CENTRO DE SALUD A,1,OBSTETRICIA,189,0.319837315264828,-79.2106173311358
3520,Z01,10D03,IMBABURA,COTACACHI,002113,NARANJAL,CENTRO DE SALUD A,1,OBSTETRICIA,189,0.279390158582178,-78.9978697058474
3521,Z01,10D03,IMBABURA,COTACACHI,000992,PEÑAHERRERA,CENTRO DE SALUD A,1,OBSTETRICIA,189,0.353411045917006,-78.5338580975443
3522,Z01,10D03,IMBABURA,COTACACHI,000993,PLAZA GUTIERREZ,PUESTO DE SALUD,1,OBSTETRICIA,189,0.353462567286603,-78.4903128941418
3523,Z01,10D03,IMBABURA,COTACACHI,000994,VACAS GALINDO,PUESTO DE SALUD,1,OBSTETRICIA,189,0.306407165918595,-78.5655910824149
3524,Z01,21D02,SUCUMBIOS,GONZALO PIZARRO,001993,EL REVENTADOR,CENTRO DE SALUD A,1,OBSTETRICIA,189,-0.0455720000407319,-77.5302809999709
3525,Z01,21D02,SUCUMBIOS,SUCUMBIOS,001959,LA BONITA,CENTRO DE SALUD A,1,OBSTETRICIA,189,0.474033000016212,-77.5441840000385
3526,Z01,21D02,SUCUMBIOS,LAGO AGRIO,001970,PACAYACU,CENTRO DE SALUD A,1,OBSTETRICIA,189,,
3527,Z01,21D02,SUCUMBIOS,CUYABENO,002955,PLAYAS DE CUYABENO,CENTRO DE SALUD A,1,OBSTETRICIA,189,-0.320881932703767,-75.9907378243167
3528,Z01,21D02,SUCUMBIOS,SUCUMBIOS,001998,PLAYON DE SAN FRANCISCO,CENTRO DE SALUD A,1,OBSTETRICIA,190,0.638228999956584,-77.6236649999886
3529,Z01,21D02,SUCUMBIOS,SUCUMBIOS,001958,SANTA BARBARA,CENTRO DE SALUD A,1,OBSTETRICIA,190,0.646251000041727,-77.5230690000029
3530,Z01,21D02,SUCUMBIOS,CUYABENO,001969,TARAPOA,CENTRO DE SALUD B,1,OBSTETRICIA,190,-0.125949000027764,-76.342140000284
3531,Z01,21D02,SUCUMBIOS,PUTUMAYO,001968,UNION Y PROGRESO,CENTRO DE SALUD A,1,OBSTETRICIA,190,0.150366000016862,-76.2596910003165
3532,Z01,21D04,SUCUMBIOS,SHUSHUFINDI,001976,MISS ECUADOR,CENTRO DE SALUD A,1,OBSTETRICIA,190,-0.166663000016983,-76.5441730001594
3533,Z01,21D04,SUCUMBIOS,SHUSHUFINDI,001957,PAÑACOCHA,PUESTO DE SALUD,1,OBSTETRICIA,190,-0.449951999953666,-76.0706240004227
3534,Z01,COORDINACION ZONAL 1,IMBABURA,SAN MIGUEL DE URCUQUI,000978,BUENOS AIRES,CENTRO DE SALUD A,1,OBSTETRICIA,190,0.616815217449341,-78.3162316785118
3535,Z01,COORDINACION ZONAL 1,IMBABURA,PIMAMPIRO,000975,CHUGA,PUESTO DE SALUD,1,OBSTETRICIA,190,0.375176662464384,-77.90455671187
3536,Z01,COORDINACION ZONAL 1,IMBABURA,IBARRA,000964,LA CAROLINA,CENTRO DE SALUD A,1,OBSTETRICIA,190,0.742697,-78.244245
3537,Z01,COORDINACION ZONAL 1,IMBABURA,IBARRA,000965,LITA,CENTRO DE SALUD A,1,OBSTETRICIA,190,0.871491,-78.451543
3538,Z01,COORDINACION ZONAL 1,IMBABURA,PIMAMPIRO,000972,MARIANO ACOSTA,CENTRO DE SALUD A,1,OBSTETRICIA,190,0.296826308304416,-77.9815654152743
3539,Z01,COORDINACION ZONAL 1,IMBABURA,SAN MIGUEL DE URCUQUI,000979,PABLO ARENAS,CENTRO DE SALUD A,1,OBSTETRICIA,190,0.497887,-78.194831
3540,Z01,COORDINACION ZONAL 1,IMBABURA,PIMAMPIRO,000973,SIGSIPAMBA,CENTRO DE SALUD A,1,OBSTETRICIA,190,0.29772145985333,-77.9119024414945
3541,Z01,21D02,SUCUMBIOS,CASCALES,081340,PUERTO MADERO,CENTRO DE SALUD A,1,OBSTETRICIA,190,-0.093537,-77.191891
3542,Z02,15D02,NAPO,QUIJOS,001541,CUYUJA,PUESTO DE SALUD,1,OBSTETRICIA,190,-0.414320077303817,-78.026016435257
3543,Z02,15D02,NAPO,EL CHACO,001545,SARDINAS 2,PUESTO DE SALUD,1,OBSTETRICIA,190,-0.383918427394135,-77.8383467124443
3544,Z02,15D02,NAPO,EL CHACO,001546,EL BOMBON,PUESTO DE SALUD,1,OBSTETRICIA,190,-0.29700331587918,-77.7509886526135
3545,Z02,17D10,PICHINCHA,CAYAMBE,001696,OTON,CENTRO DE SALUD A,1,OBSTETRICIA,190,-0.0268757504513151,-78.2603629038528
3546,Z02,17D10,PICHINCHA,CAYAMBE,001697,PESILLO,CENTRO DE SALUD A,1,OBSTETRICIA,190,0.153420645353638,-78.06596696547
3547,Z02,17D10,PICHINCHA,PEDRO MONCAYO,001701,TOCACHI,CENTRO DE SALUD A,1,OBSTETRICIA,191,0.0444897255473872,-78.2885935243808
3548,Z02,17D11,PICHINCHA,MEJIA,001728,TANDAPI,CENTRO DE SALUD A,1,OBSTETRICIA,191,-0.414475544791834,-78.8009081871123
3549,Z02,17D12,PICHINCHA,PUERTO QUITO,000649,SIMON BOLIVAR LA SEXTA,CENTRO DE SALUD A,1,OBSTETRICIA,191,0.302192,-79.274710
3550,Z02,22D02,ORELLANA,ORELLANA,002018,DAYUMA,CENTRO DE SALUD A,1,OBSTETRICIA,191,-0.66890400028753,-76.8774978510215
3551,Z02,22D02,ORELLANA,ORELLANA,002019,CENTRO SHUAR,CENTRO DE SALUD A,1,OBSTETRICIA,191,-0.754155282693045,-76.8788168459663
3552,Z02,22D02,ORELLANA,ORELLANA,002020,WESTER,CENTRO DE SALUD A,1,OBSTETRICIA,191,-0.913300973708263,-76.9138897986957
3553,Z02,22D02,ORELLANA,LORETO,002032,LA PAZ,CENTRO DE SALUD A,1,OBSTETRICIA,191,-0.790151785117596,-77.3568582613997
3554,Z02,22D02,ORELLANA,LORETO,002033,HUATICOCHA,CENTRO DE SALUD A,1,OBSTETRICIA,191,-0.754814924592265,-77.4719558603732
3555,Z02,22D02,ORELLANA,LORETO,002034,24 DE MAYO (DAHUANO),CENTRO DE SALUD A,1,OBSTETRICIA,191,-0.746303309900876,-77.4345077527364
3556,Z02,22D02,ORELLANA,LORETO,002035,HUIRUNO,CENTRO DE SALUD A,1,OBSTETRICIA,191,-0.718131290480461,-77.3433317828243
3557,Z02,22D02,ORELLANA,ORELLANA,002044,GUAYUSA,CENTRO DE SALUD A,1,OBSTETRICIA,191,-0.248895415373781,-77.0611072998638
3558,Z02,22D03,ORELLANA,AGUARICO,002025,CAP. AUGUSTO RIVADENEYRA,CENTRO DE SALUD A,1,OBSTETRICIA,191,-0.622502159935751,-75.8587466457847
3559,Z02,22D03,ORELLANA,AGUARICO,002042,DIKARO,CENTRO DE SALUD A,1,OBSTETRICIA,191,-0.936284851419618,-76.2117350127055
3560,Z02,22D03,ORELLANA,AGUARICO,002790,ZANCUDOCOCHA,PUESTO DE SALUD,1,OBSTETRICIA,191,-0.56733575446,-75.4282307
3561,Z02,22D03,ORELLANA,AGUARICO,037995,KAWIMENO,PUESTO DE SALUD,1,OBSTETRICIA,191,-1.033479,-75.780379
3562,Z02,COORDINACION ZONAL 2,NAPO,ARCHIDONA,001523,WAWA SUMACO,CENTRO DE SALUD A,1,OBSTETRICIA,191,-0.72481997963,-77.574558991
3563,Z02,COORDINACION ZONAL 2,NAPO,TENA,001526,CHONTA PUNTA,CENTRO DE SALUD A,1,OBSTETRICIA,191,-0.915707374907044,-77.3634094175457
3564,Z02,COORDINACION ZONAL 2,NAPO,TENA,001527,PUERTO RICO,CENTRO DE SALUD A,1,OBSTETRICIA,191,-0.845854685867079,-77.2182406745028
3565,Z02,COORDINACION ZONAL 2,NAPO,TENA,001529,ÑUCANCHILLACTA,CENTRO DE SALUD A,1,OBSTETRICIA,191,-0.991032579151855,-77.4395046334007
3566,Z02,COORDINACION ZONAL 2,NAPO,TENA,001534,AHUANO,CENTRO DE SALUD A,1,OBSTETRICIA,192,-1.0588648516485,-77.5469623074373
3567,Z02,COORDINACION ZONAL 2,NAPO,TENA,001535,MISAHUALLI,CENTRO DE SALUD A,1,OBSTETRICIA,192,-1.03581649350824,-77.6677989151949
3568,Z03,05D04,COTOPAXI,PUJILI,000313,PILALO,CENTRO DE SALUD A,1,OBSTETRICIA,192,-0.946921988648936,-78.9944418375947
3569,Z03,05D04,COTOPAXI,SIGCHOS,000324,CHUGCHILLAN,CENTRO DE SALUD A,1,OBSTETRICIA,192,-0.79648266028,-78.9160536369
3570,Z03,COORDINACION ZONAL 3,CHIMBORAZO,RIOBAMBA,000390,LICTO,CENTRO DE SALUD A,1,OBSTETRICIA,192,-1.80409574373626,-78.6039515764891
3571,Z03,06D04,CHIMBORAZO,GUAMOTE,000428,PALMIRA,CENTRO DE SALUD A,1,OBSTETRICIA,192,-2.08126476762226,-78.7301795639172
3572,Z03,06D02,CHIMBORAZO,CHUNCHI,000442,GONZOL,CENTRO DE SALUD A,1,OBSTETRICIA,192,-2.26151949735772,-78.845473988285
3573,Z03,16D02,PASTAZA,ARAJUNO,001589,VILLANO (PANDANUQUE),CENTRO DE SALUD A,1,OBSTETRICIA,192,-1.49518600004456,-77.4823490000485
3574,Z03,16D02,PASTAZA,ARAJUNO,002753,TOÑAMPARE,CENTRO DE SALUD A,1,OBSTETRICIA,192,-1.21731952722376,-77.3821514617431
3575,Z04,13D04,MANABI,SANTA ANA,001390,LA UNION,CENTRO DE SALUD A,1,OBSTETRICIA,192,-1.20815196173957,-80.1523486927367
3576,Z04,13D05,MANABI,EL CARMEN,001400,EL MAICITO (WILFRIDO LOOR MOREIRA),CENTRO DE SALUD A,1,OBSTETRICIA,192,-0.276336213321535,-79.5727041215741
3577,Z04,13D05,MANABI,EL CARMEN,002120,SANTA TERESA,CENTRO DE SALUD A,1,OBSTETRICIA,192,-0.809658058901539,-79.6396158201461
3578,Z04,13D11,MANABI,PEDERNALES,001353,ATAHUALPA,CENTRO DE SALUD A,1,OBSTETRICIA,192,-0.0291547501127044,-79.9701564562127
3579,Z04,13D11,MANABI,PEDERNALES,001354,CHEVE ARRIBA,CENTRO DE SALUD A,1,OBSTETRICIA,192,0.0935044256399991,-79.890402751619
3580,Z04,13D11,MANABI,PEDERNALES,001356,10 DE AGOSTO,CENTRO DE SALUD A,1,OBSTETRICIA,192,-0.143733767316212,-80.0716350811647
3581,Z05,02D01,BOLIVAR,GUARANDA,000110,CHAZO JUAN,CENTRO DE SALUD A,1,OBSTETRICIA,192,-1.39585247424134,-79.1490293837234
3582,Z05,02D04,BOLIVAR,CALUMA,000113,CHARQUIYACU,CENTRO DE SALUD A,1,OBSTETRICIA,192,-1.58035395933977,-79.2189003320978
3583,Z05,02D04,BOLIVAR,ECHEANDIA,000118,CAMARON,CENTRO DE SALUD A,1,OBSTETRICIA,192,-1.40431210178994,-79.2129770801281
3584,Z05,02D01,BOLIVAR,GUARANDA,000120,FACUNDO VELA,CENTRO DE SALUD A,1,OBSTETRICIA,192,-1.20535784174017,-79.064478049806
3585,Z05,02D01,BOLIVAR,GUARANDA,000121,TALAHUA,CENTRO DE SALUD A,1,OBSTETRICIA,193,-1.29889846577343,-79.0185293522567
3586,Z05,02D01,BOLIVAR,GUARANDA,000123,SALINAS,CENTRO DE SALUD A,1,OBSTETRICIA,193,-1.40513917538934,-79.0176975058986
3587,Z05,02D03,BOLIVAR,SAN MIGUEL,000132,SAN PABLO,CENTRO DE SALUD A,1,OBSTETRICIA,193,-1.81513959662664,-79.0675237439117
3588,Z05,09D21,GUAYAS,SIMON BOLIVAR,000823,RIO CHICO,CENTRO DE SALUD A,1,OBSTETRICIA,193,-2.05905930905045,-79.3662643916966
3589,Z05,09D19,GUAYAS,DAULE,000837,YURIMA,CENTRO DE SALUD A,1,OBSTETRICIA,193,-1.80695462243768,-79.9221911943368
3590,Z05,09D13,GUAYAS,BALZAR,000852,LOS CHONEROS,CENTRO DE SALUD A,1,OBSTETRICIA,193,-1.13346576169913,-79.8407615174949
3591,Z05,09D14,GUAYAS,PEDRO CARBO,000877,VALLE DE LA VIRGEN,CENTRO DE SALUD A,1,OBSTETRICIA,193,-1.74460472339952,-80.1947757998971
3592,Z05,09D19,GUAYAS,SANTA LUCIA,000892,TAMARINDO,CENTRO DE SALUD A,1,OBSTETRICIA,193,-1.67303234800514,-80.0216237283162
3593,Z05,09D20,GUAYAS,SALITRE,000894,GENERAL VERNAZA,CENTRO DE SALUD A,1,OBSTETRICIA,193,-1.763130,-79.790988
3594,Z05,09D20,GUAYAS,SALITRE,000899,EL TOPE,CENTRO DE SALUD A,1,OBSTETRICIA,193,-1.85255080638644,-79.7535289246627
3595,Z05,12D01,LOS RIOS,BABAHOYO,001154,JUNTA NUEVA,CENTRO DE SALUD A,1,OBSTETRICIA,193,-2.0048049410316,-79.2677799910585
3596,Z05,12D01,LOS RIOS,BABA,001158,CAMPO ALEGRE,PUESTO DE SALUD,1,OBSTETRICIA,193,-1.49294634933111,-79.6197177523817
3597,Z05,12D01,LOS RIOS,BABAHOYO,001171,CARACOL,CENTRO DE SALUD A,1,OBSTETRICIA,193,-1.67117040992659,-79.4625503660121
3598,Z05,12D01,LOS RIOS,MONTALVO,001178,LA VITALIA,PUESTO DE SALUD,1,OBSTETRICIA,193,-1.8472794593801,-79.2632477716192
3599,Z05,12D03,LOS RIOS,VALENCIA,001199,FEDERICO INTRIAGO,CENTRO DE SALUD A,1,OBSTETRICIA,193,-0.801264491438724,-79.4379575808776
3600,Z05,12D05,LOS RIOS,VINCES,001206,MATECITO,CENTRO DE SALUD A,1,OBSTETRICIA,193,-1.69706534651268,-79.7525813921618
3601,Z05,12D02,LOS RIOS,URDANETA,001212,LA INDUSTRIA,CENTRO DE SALUD A,1,OBSTETRICIA,193,-1.55228194125356,-79.3138958832071
3602,Z05,24D01,SANTA ELENA,SANTA ELENA,002103,AYANGUE,CENTRO DE SALUD A,1,OBSTETRICIA,193,-1.97766193519358,-80.7517747489484
3603,Z05,24D01,SANTA ELENA,SANTA ELENA,002916,BAJADA DE CHANDUY,CENTRO DE SALUD A,1,OBSTETRICIA,193,-2.312,-80.291
3604,Z06,01D03,AZUAY,PUCARA,000068,PUCARA,CENTRO DE SALUD A,1,OBSTETRICIA,194,-3.21625155906477,-79.4733249349754
3605,Z06,01D03,AZUAY,SANTA ISABEL,000093,CARMEN DE PIJILI,CENTRO DE SALUD A,1,OBSTETRICIA,194,-2.96513466293735,-79.5221432509171
3606,Z06,01D03,AZUAY,CAMILO PONCE ENRIQUEZ,000096,BELLA RICA,CENTRO DE SALUD A,1,OBSTETRICIA,194,-3.07766816890634,-79.708076093504
3607,Z06,COORDINACION ZONAL 6,AZUAY,CUENCA,000721,ABDON CALDERON,CENTRO DE SALUD A,1,OBSTETRICIA,194,-2.8995,-79.616225
3608,Z06,01D03,AZUAY,SANTA ISABEL,000722,RIO BALAO,CENTRO DE SALUD A,1,OBSTETRICIA,194,-2.95342154577132,-79.6411919569771
3609,Z06,COORDINACION ZONAL 6,AZUAY,CUENCA,000723,LUZ Y GUIA,PUESTO DE SALUD,1,OBSTETRICIA,194,-2.84937807948848,-79.6225161700592
3610,Z06,14D05 MORONA,MORONA SANTIAGO,TAISHA,001449,MACUMA,CENTRO DE SALUD A,1,OBSTETRICIA,194,-2.14461339135192,-77.6682607961206
3611,Z06,14D05 MORONA,MORONA SANTIAGO,TAISHA,001459,MAMAYAK,PUESTO DE SALUD,1,OBSTETRICIA,194,-2.03857720767873,-77.7019610557
3612,Z06,14D05 MORONA,MORONA SANTIAGO,TAISHA,001460,CUMBANTSA,PUESTO DE SALUD,1,OBSTETRICIA,194,-2.2440311049487,-77.6701593919889
3613,Z06,14D06 MORONA,MORONA SANTIAGO,LIMON INDANZA,001474,WARINTZA,PUESTO DE SALUD,1,OBSTETRICIA,194,-3.17513702102256,-78.2743362508938
3614,Z06,14D06 MORONA,MORONA SANTIAGO,TIWINTZA,001487,SANTIAGO,CENTRO DE SALUD A,1,OBSTETRICIA,194,-3.04816468234564,-78.0051075964994
3615,Z06,14D06 MORONA,MORONA SANTIAGO,TIWINTZA,001488,SAN JOSE DE MORONA,CENTRO DE SALUD A,1,OBSTETRICIA,194,-2.88229721134909,-77.6690466023639
3616,Z06,14D03 MORONA,MORONA SANTIAGO,LOGROÑO,001494,YAUPI,CENTRO DE SALUD A,1,OBSTETRICIA,194,-2.86987076981094,-77.9327422950151
3617,Z06,14D03 MORONA,MORONA SANTIAGO,LOGROÑO,001498,SHIMPIS,PUESTO DE SALUD,1,OBSTETRICIA,194,-2.63685455086978,-78.1838665029147
3618,Z06,14D05 MORONA,MORONA SANTIAGO,TAISHA,001499,TUUTINENTZA,CENTRO DE SALUD A,1,OBSTETRICIA,194,-2.54793043350735,-77.4699377229667
3619,Z06,14D05 MORONA,MORONA SANTIAGO,TAISHA,001501,SHINKIATAN,PUESTO DE SALUD,1,OBSTETRICIA,194,-2.45839309106857,-77.4576625293879
3620,Z06,14D05 MORONA,MORONA SANTIAGO,TAISHA,001502,PINPINTS,PUESTO DE SALUD,1,OBSTETRICIA,194,-2.27305044612754,-77.4663469170189
3621,Z06,14D05 MORONA,MORONA SANTIAGO,TAISHA,001504,WAMPUIK,CENTRO DE SALUD A,1,OBSTETRICIA,194,-2.61822528986372,-77.0226586693204
3622,Z06,14D05 MORONA,MORONA SANTIAGO,TAISHA,001505,WICHIMI,PUESTO DE SALUD,1,OBSTETRICIA,194,-2.73989221142537,-77.3691668536996
3623,Z06,14D05 MORONA,MORONA SANTIAGO,TAISHA,001506,PUMPUENTSA,PUESTO DE SALUD,1,OBSTETRICIA,195,-2.47640204513562,-77.3303715820047
3624,Z06,14D05 MORONA,MORONA SANTIAGO,TAISHA,001507,TUKUPI,PUESTO DE SALUD,1,OBSTETRICIA,195,-2.78332795047594,-77.4808775145206
3625,Z06,14D05 MORONA,MORONA SANTIAGO,TAISHA,001508,KAPATINETZA,PUESTO DE SALUD,1,OBSTETRICIA,195,-2.67596319110897,-77.4753445739897
3626,Z06,14D05 MORONA,MORONA SANTIAGO,TAISHA,001509,NUNKI NUNKA,PUESTO DE SALUD,1,OBSTETRICIA,195,-2.63503567563764,-77.4268130259776
3627,Z06,14D05 MORONA,MORONA SANTIAGO,TAISHA,002972,CENTRO DE SALUD DE TAISHA,CENTRO DE SALUD A,1,OBSTETRICIA,195,-2.39551821412295,-77.5064577945036
3628,Z06,14D05 MORONA,MORONA SANTIAGO,TAISHA,002991,JUYUKAMENTSA,PUESTO DE SALUD,1,OBSTETRICIA,195,-2.72288128321275,-77.2460202627226
3629,Z07,07D04,EL ORO,PIÑAS,000563,ZARACAY,CENTRO DE SALUD A,1,OBSTETRICIA,195,-3.64419462353894,-79.8636643716904
3630,Z07,07D06,EL ORO,SANTA ROSA,000530,COSTA RICA,PUESTO DE SALUD,1,OBSTETRICIA,195,-3.34869684781475,-80.2582906395743
3631,Z07,11D05,LOJA,ESPINDOLA,001037,JIMBURA,CENTRO DE SALUD A,1,OBSTETRICIA,195,-4.62726217590597,-79.463722807592
3632,Z07,11D05,LOJA,ESPINDOLA,001039,TUNDURAMA,PUESTO DE SALUD,1,OBSTETRICIA,195,-4.50203631036227,-79.4047235969168
3633,Z07,19D03 ZAMORA,ZAMORA CHINCHIPE,CHINCHIPE,002846,CENTRO DE SALUD DE ZUMBA,CENTRO DE SALUD A,1,OBSTETRICIA,195,-4.86810547015256,-79.1403312172714
3634,Z07,19D04 ZAMORA,ZAMORA CHINCHIPE,EL PANGUI,001913,EL PANGUI,CENTRO DE SALUD B,1,OBSTETRICIA,195,-3.63,-78.58
3635,Z08,09D01,GUAYAS,GUAYAQUIL,000905,PUERTO SALINAS,PUESTO DE SALUD,1,OBSTETRICIA,195,-2.5792516309,-80.0051091664
3636,Z08,09D01,GUAYAS,GUAYAQUIL,000910,PUERTO ROMA,PUESTO DE SALUD,1,OBSTETRICIA,195,-2.5107685206,-79.8922734969
3637,Z09,17D03,PICHINCHA,DISTRITO METROPOLITANO DE QUITO,001729,GUALEA,CENTRO DE SALUD A,1,OBSTETRICIA,195,0.113527964827018,-78.7498113066275
3638,Z09,17D03,PICHINCHA,DISTRITO METROPOLITANO DE QUITO,001731,PACTO,CENTRO DE SALUD A,1,OBSTETRICIA,195,0.141626885248189,-78.7672567179554
3639,Z09,17D03,PICHINCHA,DISTRITO METROPOLITANO DE QUITO,001732,SAGUANGAL,CENTRO DE SALUD A,1,OBSTETRICIA,195,0.229395832433614,-78.7977778621638
3640,Z09,17D03,PICHINCHA,DISTRITO METROPOLITANO DE QUITO,001733,LAS TOLAS,PUESTO DE SALUD,1,OBSTETRICIA,196,0.0794473252259073,-78.772792984931
3641,Z09,17D03,PICHINCHA,DISTRITO METROPOLITANO DE QUITO,001734,BELLAVISTA,PUESTO DE SALUD,1,OBSTETRICIA,196,0.198521187812746,-78.7238328531971
3642,Z09,17D03,PICHINCHA,DISTRITO METROPOLITANO DE QUITO,001757,CENTRO DE SALUD ATAHUALPA,CENTRO DE SALUD A,1,OBSTETRICIA,196,0.134888303768008,-78.3731138854487
